Date,Home Team,Home Score,Away Team,Away Score
2026-08-27,Northeast Nodaway,0,Albany,11
2026-08-27,Glendale,3,Branson,13
2026-08-27,Benton,8,Central (St. Joseph),9
2026-08-27,La Plata,0,Clark County,28
2026-08-27,Timberland,13,Cor Jesu Academy,5
2026-08-27,Russellville,17,Dixon,2
2026-08-27,Kelly,8,East Carter,0
2026-08-27,New Bloomfield,2,Eldon,3
2026-08-27,Farmington,3,Fox,4
2026-08-27,Washington,11,Francis Howell Central,9
2026-08-27,Eureka,2,Francis Howell North,4
2026-08-27,St. Joseph's Academy,16,Ft. Zumwalt North,5
2026-08-27,Marshfield,13,Halfway,3
2026-08-27,Van-Far,2,Hallsville with Christian Fellowship Sr.,10
2026-08-27,University City,7,Hancock,17
2026-08-27,Oakville,5,Hillsboro,1
2026-08-27,Cameron,13,Jefferson (Conception) with South Nodaway,3
2026-08-27,Slater with Malta Bend,15,Knob Noster,7
2026-08-27,Savannah,13,Lathrop,8
2026-08-27,King City with Union Star,13,Lawson,7
2026-08-27,Hazelwood West,14,Lutheran South,15
2026-08-27,Ft. Zumwalt South,17,Lutheran St. Charles with Veritas Christian Academy,1
2026-08-27,North Shelby,0,Macon,1
2026-08-27,Lafayette County,6,Maysville,7
2026-08-27,Marceline,8,Monroe City,1
2026-08-27,Maryville,0,North Andrew,18
2026-08-27,Harrisburg,6,North Callaway,1
2026-08-27,DeSoto,1,Northwest (Cedar Hill),11
2026-08-27,Eugene,12,Osage,2
2026-08-27,Helias Catholic,12,Ozark,2
2026-08-27,Highland,12,Paris,7
2026-08-27,Ft. Zumwalt East,5,Parkway Central,15
2026-08-27,North Point,22,Parkway North with Principia,1
2026-08-27,Westminster Christian Academy,8,Parkway South,10
2026-08-27,Novinger,0,Princeton,15
2026-08-27,Notre Dame de Sion,13,Raytown South,3
2026-08-27,Cuba,3,Rolla,25
2026-08-27,Boonville,1,Smith-Cotton,0
2026-08-27,Crocker,5,South Callaway,6
2026-08-27,Northeast (Cairo),2,Southern Boone,11
2026-08-27,St. Dominic,8,St. Francis Borgia,5
2026-08-27,Lone Jack,9,St. Pius X (Kansas City),4
2026-08-27,Weaubleau,0,Stoutland,11
2026-08-27,Jamestown,7,Sturgeon,12
2026-08-27,Parkway West,18,Union,2
2026-08-27,St. James,0,Vienna,10
2026-08-27,Trenton,1,Worth County,2
2026-08-28,Hillcrest,0,Aurora,15
2026-08-28,Seneca,8,Aurora,5
2026-08-28,Lee's Summit,0,Belton,19
2026-08-28,Kearney,2,Belton,1
2026-08-28,Washington,10,Blair Oaks,1
2026-08-28,Webb City,13,Bolivar,4
2026-08-28,Summit Christian Academy,5,Bolivar,7
2026-08-28,Francis Howell Central,14,Bowling Green,11
2026-08-28,St. Joseph's Academy,8,Bowling Green,1
2026-08-28,Iberia,2,California,8
2026-08-28,Waynesville,7,Camdenton,8
2026-08-28,Joplin,6,Carl Junction,0
2026-08-28,Seneca,1,Carl Junction,9
2026-08-28,Branson,1,Carthage,13
2026-08-28,Willard,15,Carthage,4
2026-08-28,Marshfield,10,Cassville,2
2026-08-28,Lee's Summit,5,Central (St. Joseph),3
2026-08-28,William Chrisman,0,Central (St. Joseph),16
2026-08-28,Truman,1,Centralia,9
2026-08-28,Odessa,0,Centralia,13
2026-08-28,Fatima,2,Chaffee,7
2026-08-28,Platte County,4,Chillicothe,2
2026-08-28,Harrisonville,0,Chillicothe,17
2026-08-28,Humansville,16,Climax Springs,15
2026-08-28,Westminster Christian Academy,4,Cor Jesu Academy,3
2026-08-28,Vienna,17,Crocker,4
2026-08-28,Republic,2,Dadeville with Everton,3
2026-08-28,Farmington,10,DeSoto,0
2026-08-28,St. Francis Borgia,5,Elsberry,18
2026-08-28,Jefferson City,7,Elsberry,11
2026-08-28,Pacific,1,Fatima,14
2026-08-28,Union,4,Festus,14
2026-08-28,St. Elizabeth,1,Festus,8
2026-08-28,Silex,13,Fox,1
2026-08-28,Francis Howell,12,Fox,0
2026-08-28,Jackson,2,Francis Howell,6
2026-08-28,St. Joseph's Academy,3,Francis Howell Central,7
2026-08-28,North Point,1,Francis Howell North,4
2026-08-28,Macon,4,Francis Howell North,9
2026-08-28,Lafayette (Wildwood),5,Ft. Zumwalt North,0
2026-08-28,Parkway Central,15,Ft. Zumwalt North,4
2026-08-28,Rockwood Summit,0,Ft. Zumwalt West,12
2026-08-28,Kelly,0,Ft. Zumwalt West,10
2026-08-28,Cassville,6,Glendale,5
2026-08-28,Wheatland,2,Glendale,5
2026-08-28,South Harrison,3,Grain Valley,12
2026-08-28,St. Michael the Archangel,16,Grandview,1
2026-08-28,Walnut Grove,3,Halfway,13
2026-08-28,Platte County,19,Harrisonville,0
2026-08-28,Republic,8,Hartville,0
2026-08-28,Sherwood,3,Hermitage,7
2026-08-28,Highland,7,Hickman,8
2026-08-28,Troy Buchanan,4,Hickman,3
2026-08-28,Troy Buchanan,10,Highland,0
2026-08-28,Westminster Christian Academy,9,Hillsboro,0
2026-08-28,Timberland,1,Hillsboro,15
2026-08-28,Oak Park,5,Holden,6
2026-08-28,Mid-Buchanan,6,Holden,3
2026-08-28,Smithville,17,Holden,2
2026-08-28,St. Dominic,11,Holt,3
2026-08-28,Winfield,16,Holt,0
2026-08-28,Silex,1,Jackson,2
2026-08-28,Warrenton,1,Jefferson City,0
2026-08-28,Hillcrest,0,Joplin,16
2026-08-28,West Platte,1,Kelly,2
2026-08-28,Parkway Central,13,Lafayette (Wildwood),9
2026-08-28,Kearney,3,Lee's Summit,4
2026-08-28,William Chrisman,1,Lee's Summit,17
2026-08-28,Smithville,3,Lee's Summit North,9
2026-08-28,Smith-Cotton,0,Lee's Summit North,9
2026-08-28,Fort Osage,1,Liberty,2
2026-08-28,Pleasant Hill,9,Liberty,3
2026-08-28,Pacific,4,Liberty,9
2026-08-28,Notre Dame (Cape Girardeau),3,Lindbergh,4
2026-08-28,Neelyville,0,Lindbergh,10
2026-08-28,Liberty (Wentzville),3,Linn,6
2026-08-28,Grundy County with Newtown-Harris,9,Linn County,13
2026-08-28,Sullivan,7,Logan-Rogersville,5
2026-08-28,Blair Oaks,9,Logan-Rogersville,8
2026-08-28,Linn,5,Logan-Rogersville,6
2026-08-28,North Point,6,Macon,3
2026-08-28,Novinger,1,Madison,2
2026-08-28,Clopton,16,Marion County,4
2026-08-28,Notre Dame (Cape Girardeau),2,Marquette,5
2026-08-28,Neelyville,5,Marquette,10
2026-08-28,Wheatland,1,Marshfield,9
2026-08-28,Hartville,0,McDonald County,11
2026-08-28,Dadeville with Everton,5,McDonald County,6
2026-08-28,Sullivan,6,Mexico,7
2026-08-28,Chaffee,12,Mexico,0
2026-08-28,Fair Play,4,Montrose with Appleton City,8
2026-08-28,Windsor (Imperial),4,Neosho,6
2026-08-28,Capital City,8,Neosho,9
2026-08-28,St. Michael the Archangel,19,North Kansas City,4
2026-08-28,Grandview,9,North Kansas City,3
2026-08-28,"Brunswick with Keytesville, Northwestern (Mendon)",3,Northeast (Cairo),4
2026-08-28,Parkway West,11,Northwest (Cedar Hill),6
2026-08-28,Walnut Grove,2,Norwood,14
2026-08-28,Grain Valley,3,Oak Grove,1
2026-08-28,South Harrison,3,Oak Grove,4
2026-08-28,Mid-Buchanan,16,Oak Park,3
2026-08-28,Timberland,3,Oakville,2
2026-08-28,Parkway South,5,Oakville,4
2026-08-28,Truman,10,Odessa,6
2026-08-28,Lebanon,2,Osage,12
2026-08-28,Dixon,8,Owensville,14
2026-08-28,Liberty (Wentzville),10,Pacific,4
2026-08-28,Cor Jesu Academy,11,Parkway South,3
2026-08-28,Fort Osage,2,Pleasant Hill,3
2026-08-28,West Platte,1,Rockwood Summit,8
2026-08-28,St. Elizabeth,6,Rolla,4
2026-08-28,Union,3,Rolla,10
2026-08-28,Winnetonka,15,Ruskin,0
2026-08-28,Smithville,9,Smith-Cotton,2
2026-08-28,St. Pius X (Festus),1,St. Charles West with St. Charles,7
2026-08-28,Webster Groves,2,Sullivan,6
2026-08-28,Battle,5,Summit Christian Academy,7
2026-08-28,Weaubleau,1,Tuscumbia,7
2026-08-28,East Carter,6,Twin Rivers,8
2026-08-28,Notre Dame (St. Louis),5,Ursuline Academy,9
2026-08-28,Westran,13,Van-Far,12
2026-08-28,St. Francis Borgia,5,Warrenton,4
2026-08-28,Capital City,3,Washington,4
2026-08-28,Windsor (Imperial),1,Washington,7
2026-08-28,Battle,6,Webb City,8
2026-08-28,Linn,6,Webster Groves,2
2026-08-28,Pacific,10,Webster Groves,7
2026-08-28,Community,16,Wellsville-Middletown,0
2026-08-28,Branson,8,West Plains,3
2026-08-28,Willard,20,West Plains,2
2026-08-28,Capital City,3,Windsor (Imperial),5
2026-08-28,St. Dominic,0,Winfield,7
2026-08-29,King City with Union Star,5,Albany,4
2026-08-29,North Andrew,2,Albany,8
2026-08-29,Stanberry,5,Albany,6
2026-08-29,Carl Junction,2,Aurora,3
2026-08-29,Joplin,18,Aurora,4
2026-08-29,Lee's Summit,1,Belton,5
2026-08-29,Grain Valley,10,Belton,0
2026-08-29,Centralia,5,Belton,10
2026-08-29,Windsor (Imperial),6,Blair Oaks,4
2026-08-29,Dadeville with Everton,0,Bolivar,10
2026-08-29,Wright City,4,Boonville,2
2026-08-29,New Franklin,2,Boonville,17
2026-08-29,Kirksville,11,Boonville,5
2026-08-29,Holt,0,Bowling Green,13
2026-08-29,Highland,8,Bowling Green,6
2026-08-29,Summit Christian Academy,1,Branson,14
2026-08-29,Republic,3,Branson,9
2026-08-29,Scotland County,10,Brashear,2
2026-08-29,Knox County,11,Brashear,3
2026-08-29,Lathrop,6,"Braymer with Breckenridge, Southwest (Livingston County)",0
2026-08-29,Richmond,16,"Braymer with Breckenridge, Southwest (Livingston County)",0
2026-08-29,Princeton,8,Brookfield,1
2026-08-29,Milan,1,Brookfield,16
2026-08-29,Osage,13,Camdenton,2
2026-08-29,Lebanon,22,Camdenton,2
2026-08-29,Hillcrest,0,Carl Junction,15
2026-08-29,Marshall,9,Carrollton,4
2026-08-29,Warrensburg,10,Carrollton,5
2026-08-29,California,9,Carrollton,11
2026-08-29,Bolivar,4,Carthage,1
2026-08-29,Cassville,2,Carthage,7
2026-08-29,Dadeville with Everton,1,Cassville,0
2026-08-29,Chillicothe,15,Central (St. Joseph),0
2026-08-29,Kearney,1,Central (St. Joseph),4
2026-08-29,Smithville,6,Central (St. Joseph),7
2026-08-29,Pleasant Hill,0,Centralia,3
2026-08-29,Mid-Buchanan,3,Centralia,0
2026-08-29,Linn,3,Chaffee,2
2026-08-29,Windsor (Imperial),7,Chaffee,16
2026-08-29,Pacific,12,Chaffee,5
2026-08-29,Oak Grove,0,Chillicothe,4
2026-08-29,Liberty,0,Chillicothe,3
2026-08-29,Princeton,9,Clark County,3
2026-08-29,Novinger,3,Clark County,18
2026-08-29,Gallatin,8,Clark County,2
2026-08-29,Sherwood,19,Climax Springs,6
2026-08-29,Fair Play,1,Climax Springs,13
2026-08-29,Wright City,5,Clinton,2
2026-08-29,New Franklin,8,Clinton,9
2026-08-29,Fayette,16,Clinton,0
2026-08-29,Jamestown,6,Community,16
2026-08-29,Montgomery County,4,Community,1
2026-08-29,Perryville,9,DeSoto,5
2026-08-29,Doniphan,19,DeSoto,2
2026-08-29,Perryville,0,Doniphan,15
2026-08-29,Seckman,0,Doniphan,6
2026-08-29,Lone Jack,13,East Buchanan,5
2026-08-29,North Platte,11,East Buchanan,3
2026-08-29,Lexington,13,East Buchanan,8
2026-08-29,Harrisburg,5,Eldon,1
2026-08-29,Hallsville with Christian Fellowship Sr.,0,Eldon,6
2026-08-29,Warrenton,1,Elsberry,9
2026-08-29,Festus,10,Elsberry,4
2026-08-29,Fayette,0,Eugene,7
2026-08-29,Wright City,6,Eugene,9
2026-08-29,Weaubleau,13,Fair Play,1
2026-08-29,Rolla,4,Festus,7
2026-08-29,Rockwood Summit,4,Fox,12
2026-08-29,Kelly,1,Francis Howell,7
2026-08-29,Lafayette (Wildwood),2,Francis Howell,8
2026-08-29,Parkway Central,1,Francis Howell,5
2026-08-29,Francis Howell North,9,Francis Howell Central,7
2026-08-29,Winfield,2,Francis Howell Central,1
2026-08-29,Troy Buchanan,6,Francis Howell North,1
2026-08-29,Perryville,4,Fredericktown,8
2026-08-29,Seckman,13,Fredericktown,1
2026-08-29,Sikeston,2,Fredericktown,9
2026-08-29,Neelyville,1,Ft. Zumwalt North,11
2026-08-29,Fox,13,Ft. Zumwalt North,0
2026-08-29,Hannibal,10,Ft. Zumwalt South,7
2026-08-29,Clopton,8,Ft. Zumwalt South,11
2026-08-29,Lindbergh,6,Ft. Zumwalt West,17
2026-08-29,Marquette,5,Ft. Zumwalt West,14
2026-08-29,Jackson,12,Ft. Zumwalt West,11
2026-08-29,New Franklin,14,Fulton,7
2026-08-29,Fayette,19,Fulton,0
2026-08-29,Kirksville,17,Fulton,5
2026-08-29,Princeton,13,Gallatin,1
2026-08-29,La Plata,3,Gallatin,19
2026-08-29,King City with Union Star,12,Gilman City with Tri-County,6
2026-08-29,North Andrew,8,Gilman City with Tri-County,2
2026-08-29,North Harrison,11,Gilman City with Tri-County,15
2026-08-29,Republic,6,Glendale,5
2026-08-29,Summit Christian Academy,1,Glendale,10
2026-08-29,Mid-Buchanan,1,Grain Valley,11
2026-08-29,St. Michael the Archangel,19,Grandview,7
2026-08-29,Walnut Grove,3,Halfway,15
2026-08-29,Ozark,3,Halfway,2
2026-08-29,Norwood,0,Halfway,10
2026-08-29,Clopton,3,Hannibal,6
2026-08-29,South Harrison,9,Harrisonville,1
2026-08-29,William Chrisman,11,Harrisonville,6
2026-08-29,Wheatland,10,Hartville,5
2026-08-29,Humansville,12,Hermitage,11
2026-08-29,North Point,0,Hickman,12
2026-08-29,St. Dominic,1,Hickman,3
2026-08-29,Seneca,13,Hillcrest,2
2026-08-29,Truman,3,Holden,4
2026-08-29,Kearney,18,Holden,7
2026-08-29,Tuscumbia,14,Humansville,6
2026-08-29,Parkway Central,10,Jackson,3
2026-08-29,Lafayette (Wildwood),9,Jackson,2
2026-08-29,Father Tolton,2,Jamestown,15
2026-08-29,Russellville,15,Jamestown,2
2026-08-29,Lawson,10,Jefferson (Conception) with South Nodaway,7
2026-08-29,St. Francis Borgia,13,Jefferson City,0
2026-08-29,Union,12,Jefferson City,11
2026-08-29,Seneca,0,Joplin,7
2026-08-29,Lindbergh,11,Kelly,4
2026-08-29,Marquette,10,Kelly,0
2026-08-29,Helias Catholic,13,Kickapoo,4
2026-08-29,Worth County,4,King City with Union Star,3
2026-08-29,Eugene,7,Kirksville,2
2026-08-29,Warrensburg,14,Knob Noster,4
2026-08-29,Trenton,14,Knob Noster,2
2026-08-29,California,17,Knob Noster,4
2026-08-29,Scotland County,11,Knox County,10
2026-08-29,Novinger,4,La Plata,15
2026-08-29,Milan,2,La Plata,15
2026-08-29,Lutheran South,14,Ladue Horton Watkins,1
2026-08-29,Hazelwood West,5,Ladue Horton Watkins,12
2026-08-29,Lindbergh,8,Lafayette (Wildwood),9
2026-08-29,"Braymer with Breckenridge, Southwest (Livingston County)",1,Lafayette County,18
2026-08-29,Richmond,4,Lafayette County,2
2026-08-29,Lathrop,7,Lafayette County,1
2026-08-29,Richmond,6,Lathrop,4
2026-08-29,South Harrison,5,Lee's Summit,1
2026-08-29,Lee's Summit North,2,Lee's Summit,1
2026-08-29,Platte County,9,Lee's Summit,8
2026-08-29,Smith-Cotton,8,Lee's Summit,4
2026-08-29,Mid-Buchanan,7,Lee's Summit North,3
2026-08-29,Pleasant Hill,8,Lee's Summit North,4
2026-08-29,Rock Bridge,3,Lee's Summit West,5
2026-08-29,Lone Jack,12,Lexington,1
2026-08-29,North Platte,15,Lexington,5
2026-08-29,Truman,2,Liberty,17
2026-08-29,Smithville,5,Liberty,6
2026-08-29,Neosho,1,Linn,16
2026-08-29,Capital City,1,Logan-Rogersville,0
2026-08-29,Pacific,3,Logan-Rogersville,5
2026-08-29,North Platte,3,Lone Jack,2
2026-08-29,Highland,13,Macon,0
2026-08-29,Holt,9,Macon,14
2026-08-29,North Shelby,0,Marceline,4
2026-08-29,Parkway Central,3,Marquette,2
2026-08-29,California,7,Marshall,6
2026-08-29,Webb City,2,Marshfield,1
2026-08-29,McDonald County,7,Marshfield,3
2026-08-29,Plattsburg,5,Maryville,15
2026-08-29,Polo,21,Maryville,2
2026-08-29,Willard,14,McDonald County,2
2026-08-29,Capital City,3,Mexico,5
2026-08-29,Washington,8,Mexico,11
2026-08-29,Blair Oaks,3,Mexico,7
2026-08-29,Princeton,24,Milan,1
2026-08-29,Novinger,8,Milan,3
2026-08-29,Mark Twain,3,Moberly,11
2026-08-29,Marceline,11,Moberly,3
2026-08-29,Monroe City,5,Moberly,10
2026-08-29,Westran,5,Monroe City,15
2026-08-29,North Shelby,10,Monroe City,9
2026-08-29,Russellville,2,Montgomery County,4
2026-08-29,Tuscumbia,14,Montrose with Appleton City,2
2026-08-29,Hermitage,9,Montrose with Appleton City,5
2026-08-29,Silex,5,Neelyville,1
2026-08-29,Washington,2,Neosho,0
2026-08-29,"Pattonsburg with North Daviess, Winston",7,North Andrew,6
2026-08-29,Van-Far,4,North Callaway,13
2026-08-29,New Bloomfield,1,North Callaway,7
2026-08-29,Worth County,12,North Harrison,2
2026-08-29,"Pattonsburg with North Daviess, Winston",9,North Harrison,5
2026-08-29,Ruskin,0,North Kansas City,19
2026-08-29,Winnetonka,2,North Kansas City,11
2026-08-29,St. Michael the Archangel,15,North Kansas City,0
2026-08-29,Van-Far,6,Northeast (Cairo),3
2026-08-29,St. Pius X (Kansas City),12,Notre Dame de Sion,0
2026-08-29,Kearney,11,Oak Grove,1
2026-08-29,Truman,2,Oak Grove,12
2026-08-29,Odessa,14,Oak Park,3
2026-08-29,Smith-Cotton,7,Oak Park,6
2026-08-29,Fort Osage,7,Odessa,2
2026-08-29,William Chrisman,2,Odessa,22
2026-08-29,Waynesville,2,Osage,12
2026-08-29,Marceline,11,Owensville,1
2026-08-29,Westran,9,Owensville,15
2026-08-29,Palmyra,15,Owensville,11
2026-08-29,Mark Twain,7,Palmyra,10
2026-08-29,North Shelby,8,Palmyra,1
2026-08-29,Stanberry,10,"Pattonsburg with North Daviess, Winston",9
2026-08-29,Grain Valley,10,Platte County,0
2026-08-29,Pleasant Hill,4,Platte County,8
2026-08-29,Bishop LeBlond,27,Plattsburg,7
2026-08-29,Bishop LeBlond,16,Polo,19
2026-08-29,Schuyler County,4,Putnam County,3
2026-08-29,Brookfield,5,Putnam County,3
2026-08-29,Novinger,4,Putnam County,17
2026-08-29,Clark County,5,Putnam County,4
2026-08-29,Neelyville,9,Rockwood Summit,6
2026-08-29,Warrenton,3,Rolla,5
2026-08-29,Grandview,26,Ruskin,7
2026-08-29,Father Tolton,6,Russellville,5
2026-08-29,Twin Rivers,5,Saxony Lutheran with St. Vincent,7
2026-08-29,La Plata,5,Schuyler County,11
2026-08-29,Gallatin,8,Schuyler County,5
2026-08-29,Brookfield,14,Schuyler County,6
2026-08-29,Sikeston,2,Seckman,7
2026-08-29,Weaubleau,7,Sherwood,6
2026-08-29,West Platte,1,Silex,5
2026-08-29,Notre Dame (Cape Girardeau),1,Silex,10
2026-08-29,Fort Osage,1,Smith-Cotton,0
2026-08-29,Fort Osage,3,South Harrison,0
2026-08-29,Hallsville with Christian Fellowship Sr.,1,Southern Boone,4
2026-08-29,Harrisburg,4,Southern Boone,11
2026-08-29,Valley Park,10,St. Charles West with St. Charles,1
2026-08-29,Community,12,St. Clair,2
2026-08-29,Montgomery County,15,St. Clair,0
2026-08-29,Father Tolton,8,St. Clair,3
2026-08-29,St. Joseph's Academy,1,St. Dominic,5
2026-08-29,St. Francis Borgia,6,St. Elizabeth,9
2026-08-29,North Point,9,St. Joseph's Academy,7
2026-08-29,Worth County,8,Stanberry,5
2026-08-29,Fatima,9,Sullivan,3
2026-08-29,Liberty (Wentzville),16,Sullivan,3
2026-08-29,Warrensburg,0,Trenton,3
2026-08-29,Marshall,3,Trenton,9
2026-08-29,Winfield,0,Troy Buchanan,10
2026-08-29,St. Elizabeth,12,Union,2
2026-08-29,St. Pius X (Festus),10,Valley Park,21
2026-08-29,Lebanon,16,Waynesville,0
2026-08-29,Willard,2,Webb City,1
2026-08-29,Fatima,15,Webster Groves,2
2026-08-29,Liberty (Wentzville),14,Webster Groves,5
2026-08-29,Battle,10,West Plains,1
2026-08-29,Hartville,7,West Plains,6
2026-08-29,Notre Dame (Cape Girardeau),7,West Platte,4
2026-08-29,Mark Twain,10,Westran,4
2026-08-29,Battle,12,Wheatland,0
2026-08-31,Fort Osage,2,Blue Springs South,13
2026-08-31,Webb City,5,Carl Junction,7
2026-08-31,Macon,1,Centralia,11
2026-08-31,Glasgow,7,Community,8
2026-08-31,Laquey,1,Dixon,20
2026-08-31,Wellsville-Middletown,0,Elsberry,20
2026-08-31,California,1,Eugene,7
2026-08-31,Holt,0,Eureka,17
2026-08-31,Parkway North with Principia,1,Eureka,18
2026-08-31,Northwest (Cedar Hill),12,Farmington,1
2026-08-31,Battle,8,Fayette,7
2026-08-31,Mehlville,0,Fox,15
2026-08-31,Parkway West,4,Francis Howell North,3
2026-08-31,Seckman,3,Francis Howell North,14
2026-08-31,Southern Boone,20,Fulton,1
2026-08-31,Cassville,4,Glendale,6
2026-08-31,South Callaway,13,Hermann with New Haven,6
2026-08-31,"Tina-Avalon with Bosworth, Hale",4,Higbee,19
2026-08-31,Cor Jesu Academy,15,Hillsboro,3
2026-08-31,Parkway Central,2,Hillsboro,3
2026-08-31,McDonald County,8,Joplin,7
2026-08-31,Platte County,19,Kearney,1
2026-08-31,Neelyville,0,Kelly,11
2026-08-31,Chillicothe,13,Kirksville,0
2026-08-31,Parkway South,5,Kirkwood,7
2026-08-31,Westminster Christian Academy,16,Kirkwood,0
2026-08-31,Putnam County,4,Knox County,2
2026-08-31,Liberty,5,Lee's Summit,2
2026-08-31,Clinton,10,Lexington,13
2026-08-31,Ft. Zumwalt East,1,Liberty (Wentzville),17
2026-08-31,Park Hill,2,Liberty North,0
2026-08-31,Oakville,2,Lindbergh,14
2026-08-31,Penney,0,Marceline,2
2026-08-31,Vienna,4,New Bloomfield,5
2026-08-31,Russellville,1,North Callaway,9
2026-08-31,William Chrisman,19,North Kansas City,16
2026-08-31,Francis Howell,10,North Point,1
2026-08-31,Raytown South,0,Oak Park,15
2026-08-31,West Plains,2,Osage,12
2026-08-31,Affton,4,Pacific,14
2026-08-31,Staley,14,Park Hill South,3
2026-08-31,Cor Jesu Academy,2,Parkway Central,6
2026-08-31,Holt,17,Parkway North with Principia,0
2026-08-31,Westminster Christian Academy,16,Parkway South,1
2026-08-31,Seckman,1,Parkway West,13
2026-08-31,Brookfield,4,Princeton,6
2026-08-31,Crocker,6,Richland,4
2026-08-31,Central (St. Joseph),26,Ruskin,6
2026-08-31,Grandview,2,Smithville,17
2026-08-31,Albany,2,South Harrison,6
2026-08-31,Festus,15,St. Francis Borgia,9
2026-08-31,Maysville,8,Stanberry,10
2026-08-31,Lathrop,11,Trenton,1
2026-08-31,Grain Valley,12,Truman,0
2026-08-31,St. Pius X (Festus),16,Ursuline Academy,9
2026-08-31,Smith-Cotton,7,Warrensburg,9
2026-08-31,Dadeville with Everton,7,Wheatland,2
2026-08-31,Raytown,7,Winnetonka,5
2026-09-01,Stanberry,5,Albany,3
2026-09-01,Capital City,2,Battle,9
2026-09-01,South Harrison,11,Benton,15
2026-09-01,East Buchanan,13,Bishop LeBlond,12
2026-09-01,Centralia,10,Blair Oaks,0
2026-09-01,Highland,15,Bowling Green,2
2026-09-01,Aurora,7,Branson,2
2026-09-01,Sturgeon,15,Brashear,2
2026-09-01,Grundy County with Newtown-Harris,0,"Braymer with Breckenridge, Southwest (Livingston County)",15
2026-09-01,Bucklin with Macon County,0,"Brunswick with Keytesville, Northwestern (Mendon)",15
2026-09-01,Russellville,6,California,5
2026-09-01,Excelsior Springs,7,Cameron,8
2026-09-01,Glendale,6,Carl Junction,7
2026-09-01,Seneca,0,Carthage,15
2026-09-01,Logan-Rogersville,6,Cassville,1
2026-09-01,East Carter,11,Central (Cape Girardeau),3
2026-09-01,Kelly,0,Chaffee,12
2026-09-01,Kirksville,9,Clark County,1
2026-09-01,Westminster Christian Academy,11,Cor Jesu Academy,12
2026-09-01,Iberia,15,Crocker,0
2026-09-01,Pacific,18,Cuba,0
2026-09-01,Humansville,7,Dadeville with Everton,20
2026-09-01,Perryville,9,East Carter,1
2026-09-01,Fulton,2,Eldon,12
2026-09-01,Francis Howell North,1,Eureka,11
2026-09-01,Kirkwood,3,Eureka,7
2026-09-01,Macks Creek,17,Fair Play,1
2026-09-01,Southern Boone,1,Fatima,0
2026-09-01,Farmington,3,Festus,10
2026-09-01,Grain Valley,5,Fort Osage,0
2026-09-01,Troy Buchanan,10,Francis Howell Central,1
2026-09-01,Parkway Central,2,Francis Howell North,12
2026-09-01,Timberland,13,Ft. Zumwalt North,2
2026-09-01,Francis Howell,0,Ft. Zumwalt West,2
2026-09-01,Winnetonka,7,Grandview,9
2026-09-01,Meadville,12,Green City,22
2026-09-01,Osage,7,Halfway,9
2026-09-01,Macon,3,Hallsville with Christian Fellowship Sr.,4
2026-09-01,Bayless,4,Hancock,14
2026-09-01,Rolla,0,Helias Catholic,12
2026-09-01,Boonville,7,Hickman,8
2026-09-01,Linn County,10,Higbee,13
2026-09-01,Norwood,22,Hillcrest,10
2026-09-01,Oak Grove,11,Holden,0
2026-09-01,Westminster Christian Academy,17,Holt,2
2026-09-01,Gallatin,2,Jefferson (Conception) with South Nodaway,11
2026-09-01,Fredericktown,10,Jefferson (Festus),11
2026-09-01,Princeton,6,King City with Union Star,3
2026-09-01,Parkway Central,20,Kirkwood,2
2026-09-01,Schuyler County,17,La Plata,3
2026-09-01,Ursuline Academy,11,Ladue Horton Watkins,5
2026-09-01,Maryville,0,Lathrop,17
2026-09-01,Lee's Summit North,8,Lee's Summit,3
2026-09-01,Park Hill South,5,Liberty North,6
2026-09-01,St. Michael the Archangel,17,Lincoln College Prep,1
2026-09-01,Novinger,18,Marion County,3
2026-09-01,Paris,1,Mark Twain,3
2026-09-01,St. Teresa's Academy,7,Marshall,8
2026-09-01,Monett,1,Marshfield,16
2026-09-01,Polo,8,Maysville,15
2026-09-01,Chillicothe,5,Mid-Buchanan,3
2026-09-01,Hermitage,13,Montrose with Appleton City,7
2026-09-01,Harrisonville,17,Nevada,3
2026-09-01,Stoutland,12,Newburg,2
2026-09-01,South Callaway,10,North Callaway,9
2026-09-01,DeKalb,0,North Platte,15
2026-09-01,Ft. Zumwalt East,7,North Point,2
2026-09-01,Knox County,0,North Shelby,10
2026-09-01,Stewartsville with Osborn,7,Northeast Nodaway,18
2026-09-01,St. Francis Borgia,9,Owensville,2
2026-09-01,Louisiana,2,Palmyra,13
2026-09-01,Blue Springs South,17,Park Hill,5
2026-09-01,Holt,2,Parkway West,11
2026-09-01,Cor Jesu Academy,3,Parkway West,1
2026-09-01,North Harrison,17,"Pattonsburg with North Daviess, Winston",22
2026-09-01,STEAM Academy,1,Pattonville,16
2026-09-01,St. Elizabeth,20,Pilot Grove,2
2026-09-01,Liberty,3,Platte County,13
2026-09-01,Kearney,7,Raymore-Peculiar,8
2026-09-01,North Kansas City,24,Raytown South,7
2026-09-01,Lawson,5,Richmond,6
2026-09-01,Northwest (Cedar Hill),8,Rockwood Summit,9
2026-09-01,Raytown,24,Ruskin,4
2026-09-01,Carrollton,2,Salisbury,6
2026-09-01,Trenton,0,Savannah,15
2026-09-01,Glasgow,11,Slater with Malta Bend,0
2026-09-01,Odessa,4,Smith-Cotton,9
2026-09-01,Wright City,19,St. Clair,0
2026-09-01,Lutheran St. Charles with Veritas Christian Academy,0,St. Dominic,13
2026-09-01,Webster Groves,0,St. Joseph's Academy,10
2026-09-01,Saxony Lutheran with St. Vincent,12,St. Pius X (Festus),0
2026-09-01,Smithville,2,Staley,6
2026-09-01,Blue Springs,4,Truman,1
2026-09-01,Camdenton,4,Warrensburg,14
2026-09-01,St. Charles West with St. Charles,4,Warrenton,5
2026-09-01,Ft. Zumwalt South,1,Washington,16
2026-09-01,McDonald County,4,Webb City,14
2026-09-01,Madison,15,Wellsville-Middletown,1
2026-09-01,Northeast (Cairo),18,Westran,2
2026-09-01,Ozark,2,Willard,12
2026-09-01,Lindbergh,4,Windsor (Imperial),12
2026-09-01,North Andrew,0,Worth County,2
2026-09-02,Hancock,0,Affton,10
2026-09-02,Oak Park,2,Benton,17
2026-09-02,North Platte,16,Bishop LeBlond,3
2026-09-02,Camdenton,10,Bolivar,14
2026-09-02,Sherwood,17,Clinton,14
2026-09-02,Maysville,6,DeKalb,4
2026-09-02,Stoutland,0,Dixon,10
2026-09-02,Cor Jesu Academy,3,Eureka,5
2026-09-02,Pleasant Hill,6,Excelsior Springs,1
2026-09-02,North Point,8,Francis Howell Central,10
2026-09-02,Westminster Christian Academy,4,Francis Howell North,5
2026-09-02,Washington,4,Ft. Zumwalt West,11
2026-09-02,Hallsville with Christian Fellowship Sr.,0,Harrisburg,7
2026-09-02,North Shelby,2,Highland,0
2026-09-02,Parkway North with Principia,0,Hillsboro,15
2026-09-02,Parkway South,7,Hillsboro,10
2026-09-02,Lone Jack,3,Holden,10
2026-09-02,Ritenour,9,Incarnate Word Academy,10
2026-09-02,Bayless,3,Jefferson (Festus),13
2026-09-02,Warrensburg,18,Jefferson City,6
2026-09-02,Branson,8,Kickapoo,14
2026-09-02,Holt,19,Kirkwood,7
2026-09-02,Ruskin,1,Knob Noster,17
2026-09-02,St. Joseph's Academy,0,Lafayette (Wildwood),10
2026-09-02,Cameron,11,Lafayette County,3
2026-09-02,Jackson,0,Lindbergh,4
2026-09-02,Capital City,3,Linn,2
2026-09-02,Oakville,17,Lutheran South,6
2026-09-02,Oak Grove,11,Marshall,0
2026-09-02,McCluer North,0,Mehlville,13
2026-09-02,Putnam County,20,"Mercer with Cainsville, Ridgeway",0
2026-09-02,Bowling Green,4,Mexico,15
2026-09-02,Salisbury,11,Moberly,3
2026-09-02,Mark Twain,12,Monroe City,9
2026-09-02,Laquey,0,Newburg,10
2026-09-02,Notre Dame de Sion,22,North Kansas City,3
2026-09-02,Festus,10,Northwest (Cedar Hill),4
2026-09-02,Chaffee,7,Notre Dame (Cape Girardeau),5
2026-09-02,St. Michael the Archangel,6,Odessa,9
2026-09-02,Ft. Zumwalt North,18,Orchard Farm,3
2026-09-02,South Shelby,6,Paris,12
2026-09-02,Platte County,16,Park Hill South,6
2026-09-02,Parkway West,10,Parkway Central,8
2026-09-02,Seckman,17,Parkway North with Principia,5
2026-09-02,Seckman,10,Parkway South,11
2026-09-02,Gilman City with Tri-County,19,Plattsburg,1
2026-09-02,North County,7,Poplar Bluff,5
2026-09-02,Princeton,13,Schuyler County,2
2026-09-02,Warrenton,2,St. Francis Borgia,7
2026-09-02,Mid-Buchanan,14,St. Pius X (Kansas City),2
2026-09-02,Polo,11,Stewartsville with Osborn,5
2026-09-02,Meadville,14,"Tina-Avalon with Bosworth, Hale",16
2026-09-02,Pilot Grove,5,Tuscumbia,17
2026-09-02,DeSoto,3,Union,13
2026-09-02,South Callaway,0,Vienna,11
2026-09-02,Rolla,15,Waynesville,2
2026-09-03,"Pattonsburg with North Daviess, Winston",8,Albany,3
2026-09-03,Marion County,5,Atlanta,15
2026-09-03,St. Teresa's Academy,0,Benton,10
2026-09-03,"Brunswick with Keytesville, Northwestern (Mendon)",12,Bevier,0
2026-09-03,Louisiana,19,Bowling Green,26
2026-09-03,Lathrop,17,Brookfield,5
2026-09-03,Bishop LeBlond,0,Cameron,15
2026-09-03,Knox County,12,Canton,13
2026-09-03,Willard,17,Carl Junction,6
2026-09-03,Nixa,14,Carthage,0
2026-09-03,Notre Dame (Cape Girardeau),15,Central (Cape Girardeau),0
2026-09-03,Truman,10,Central (St. Joseph),7
2026-09-03,Battle,0,Centralia,17
2026-09-03,Saxony Lutheran with St. Vincent,3,Chaffee,10
2026-09-03,Scotland County,4,Clark County,9
2026-09-03,Halfway,21,Climax Springs,0
2026-09-03,Wellsville-Middletown,0,Clopton,15
2026-09-03,Incarnate Word Academy,5,Cor Jesu Academy,8
2026-09-03,Stoutland,5,Crocker,4
2026-09-03,Iberia,9,Dixon,2
2026-09-03,Kelly,4,Doniphan,9
2026-09-03,Chaffee,12,Doniphan,2
2026-09-03,DeKalb,10,East Buchanan,4
2026-09-03,Southern Boone,13,Eldon,1
2026-09-03,Blair Oaks,8,Eugene,7
2026-09-03,South Harrison,10,Excelsior Springs,7
2026-09-03,North County,6,Farmington,15
2026-09-03,Union,2,Fatima,9
2026-09-03,Sturgeon,2,Fayette,15
2026-09-03,Blue Springs,4,Fort Osage,1
2026-09-03,Liberty (Wentzville),0,Francis Howell,15
2026-09-03,Ft. Zumwalt North,14,Ft. Zumwalt South,12
2026-09-03,Kearney,16,Grandview,0
2026-09-03,"Mercer with Cainsville, Ridgeway",27,Grundy County with Newtown-Harris,6
2026-09-03,Boonville,0,Hallsville with Christian Fellowship Sr.,10
2026-09-03,Father Tolton,1,Harrisburg,11
2026-09-03,Odessa,15,Harrisonville,6
2026-09-03,Aurora,13,Hartville,3
2026-09-03,Community,18,Hermann with New Haven,11
2026-09-03,Humansville,13,Hermitage,16
2026-09-03,Webster Groves,14,Incarnate Word Academy,13
2026-09-03,Affton,0,Jefferson (Festus),10
2026-09-03,Waynesville,4,Joplin,14
2026-09-03,Saxony Lutheran with St. Vincent,6,Kelly,7
2026-09-03,Notre Dame (Cape Girardeau),2,Kelly,0
2026-09-03,Moberly,3,Kirksville,9
2026-09-03,Webster Groves,2,Kirkwood,1
2026-09-03,Higbee,7,La Plata,8
2026-09-03,Winfield,15,Ladue Horton Watkins,0
2026-09-03,Chillicothe,11,Lawson,5
2026-09-03,Belton,10,Lee's Summit,1
2026-09-03,Norborne with Hardin-Central,2,Lexington,18
2026-09-03,Liberty North,13,Liberty,10
2026-09-03,Gilman City with Tri-County,20,Linn County,2
2026-09-03,Monett,2,Logan-Rogersville,12
2026-09-03,Plattsburg,2,Lone Jack,17
2026-09-03,Westran,14,Madison,10
2026-09-03,Hannibal,0,Marceline,10
2026-09-03,Palmyra,0,Mark Twain,10
2026-09-03,Northwest (Cedar Hill),5,Marquette,8
2026-09-03,Cassville,1,Marshfield,5
2026-09-03,Pattonville,17,McCluer North,0
2026-09-03,Macon,10,Monroe City,7
2026-09-03,Fair Play,4,Montrose with Appleton City,19
2026-09-03,East Carter,10,Naylor,4
2026-09-03,Glendale,0,Neosho,11
2026-09-03,Knob Noster,18,Nevada,4
2026-09-03,King City with Union Star,3,North Andrew,1
2026-09-03,Brashear,2,North Shelby,16
2026-09-03,Paris,9,Northeast (Cairo),10
2026-09-03,Maryville,2,Northeast Nodaway,17
2026-09-03,Milan,9,Novinger,10
2026-09-03,Fulton,5,Osage,17
2026-09-03,Linn,7,Owensville,11
2026-09-03,STEAM Academy,1,Parkway North with Principia,16
2026-09-03,Lafayette County,2,Penney,3
2026-09-03,Holden,4,Pleasant Hill,14
2026-09-03,Lee's Summit West,20,Raymore-Peculiar,10
2026-09-03,Oak Park,7,Raytown,1
2026-09-03,Kickapoo,14,Republic,4
2026-09-03,Newburg,11,Richland,9
2026-09-03,Lutheran St. Charles with Veritas Christian Academy,11,Ritenour,12
2026-09-03,Hickman,5,Rolla,0
2026-09-03,Camdenton,5,Russellville,15
2026-09-03,Mid-Buchanan,8,Savannah,15
2026-09-03,Twin Rivers,23,Sikeston,11
2026-09-03,Montgomery County,4,Silex,3
2026-09-03,New Franklin,0,Slater with Malta Bend,8
2026-09-03,Ruskin,0,Smithville,16
2026-09-03,St. James,4,South Callaway,6
2026-09-03,Schuyler County,17,South Shelby,4
2026-09-03,Orchard Farm,1,St. Charles West with St. Charles,11
2026-09-03,Herculaneum with Crystal City,0,St. Clair,15
2026-09-03,Notre Dame (St. Louis),0,St. Dominic,15
2026-09-03,California,3,St. Elizabeth,10
2026-09-03,Sherwood,1,St. Michael the Archangel,16
2026-09-03,North Harrison,0,Stanberry,15
2026-09-03,Jefferson (Conception) with South Nodaway,18,Stewartsville with Osborn,3
2026-09-03,North Point,1,Timberland,15
2026-09-03,"Braymer with Breckenridge, Southwest (Livingston County)",19,"Tina-Avalon with Bosworth, Hale",1
2026-09-03,Ft. Zumwalt West,1,Troy Buchanan,3
2026-09-03,North Callaway,12,Van-Far,2
2026-09-03,Norwood,22,Walnut Grove,2
2026-09-03,Richmond,7,Warrensburg,3
2026-09-03,Ft. Zumwalt East,2,Washington,12
2026-09-03,Lebanon,5,Webb City,12
2026-09-03,Raytown,8,William Chrisman,18
2026-09-03,Raytown South,8,William Chrisman,18
2026-09-03,Perryville,2,Windsor (Imperial),10
2026-09-03,Princeton,14,Worth County,2
2026-09-03,Elsberry,9,Wright City,2
2026-09-04,Marion County,14,Bevier,1
2026-09-04,McDonald County,9,Blue Springs,7
2026-09-04,Carthage,1,Blue Springs,9
2026-09-04,Branson,13,Bolivar,16
2026-09-04,Linn County,15,Brashear,2
2026-09-04,Green City,2,"Brunswick with Keytesville, Northwestern (Mendon)",12
2026-09-04,Bolivar,8,Carl Junction,9
2026-09-04,McDonald County,8,Carthage,6
2026-09-04,Westminster Christian Academy,7,Elsberry,2
2026-09-04,Battle,4,Father Tolton,7
2026-09-04,Capital City,2,Fatima,12
2026-09-04,Francis Howell Central,1,Festus,3
2026-09-04,Ft. Zumwalt West,9,Festus,4
2026-09-04,St. Dominic,5,Francis Howell Central,5
2026-09-04,Lafayette (Wildwood),4,Ft. Zumwalt West,6
2026-09-04,Battle,16,Grandview,6
2026-09-04,Humansville,0,Halfway,10
2026-09-04,Clark County,0,Harrisburg,9
2026-09-04,St. Dominic,0,Highland,15
2026-09-04,Windsor (Imperial),3,Highland,13
2026-09-04,Marshfield,22,Hillcrest,0
2026-09-04,West Plains,27,Hillcrest,2
2026-09-04,Kelly,4,Jackson,3
2026-09-04,Chaffee,12,Jackson,6
2026-09-04,St. Elizabeth,11,Jefferson City,0
2026-09-04,Ozark,9,Joplin,1
2026-09-04,Lee's Summit North,6,Joplin,0
2026-09-04,Windsor (Imperial),3,Lafayette (Wildwood),4
2026-09-04,Ozark,8,Lee's Summit North,6
2026-09-04,West Plains,0,Logan-Rogersville,12
2026-09-04,Weaubleau,17,Macks Creek,1
2026-09-04,Rockwood Summit,3,Marquette,7
2026-09-04,Logan-Rogersville,0,Marshfield,1
2026-09-04,Walnut Grove,20,Montrose with Appleton City,30
2026-09-04,Twin Rivers,19,Naylor,7
2026-09-04,Northeast (Cairo),5,New Bloomfield,10
2026-09-04,Madison,10,New Franklin,8
2026-09-04,Seckman,4,North County,5
2026-09-04,Wheatland,2,Norwood,3
2026-09-04,Lincoln College Prep,5,Notre Dame de Sion,20
2026-09-04,Webb City,8,Park Hill South,5
2026-09-04,Neosho,8,Park Hill South,7
2026-09-04,Raymore-Peculiar,15,Park Hill South,1
2026-09-04,Winfield,4,Parkway West,0
2026-09-04,Webb City,1,Raymore-Peculiar,1
2026-09-04,Neosho,2,Raymore-Peculiar,14
2026-09-04,Republic,8,Smith-Cotton,2
2026-09-04,Neosho,6,Webb City,9
2026-09-04,Warrenton,8,Wright City,1
2026-09-05,Raymore-Peculiar,8,Blue Springs,2
2026-09-05,Park Hill South,9,Carthage,8
2026-09-05,St. Dominic,2,Festus,0
2026-09-05,Lafayette (Wildwood),7,Festus,1
2026-09-05,Highland,14,Francis Howell Central,2
2026-09-05,Highland,0,Ft. Zumwalt West,11
2026-09-05,Windsor (Imperial),3,Ft. Zumwalt West,4
2026-09-05,Grundy County with Newtown-Harris,9,Green City,21
2026-09-05,Milan,7,Green City,5
2026-09-05,Park Hill South,6,Joplin,4
2026-09-05,St. Dominic,4,Lafayette (Wildwood),8
2026-09-05,Eldon,8,Lebanon,4
2026-09-05,Neosho,2,Lee's Summit North,14
2026-09-05,McDonald County,3,Lee's Summit North,6
2026-09-05,Neosho,3,McDonald County,7
2026-09-05,Grandview,1,Mexico,20
2026-09-05,Battle,6,Mexico,17
2026-09-05,Webb City,7,Ozark,3
2026-09-07,Penney,4,Brookfield,9
2026-09-07,Carl Junction,7,Cassville,8
2026-09-07,Fort Osage,4,Central (St. Joseph),0
2026-09-07,Montrose with Appleton City,0,Clinton,15
2026-09-07,St. Michael the Archangel,18,Grandview,3
2026-09-07,Mexico,3,Hallsville with Christian Fellowship Sr.,4
2026-09-07,Jefferson City,2,Hickman,15
2026-09-07,Monroe City,6,Highland,3
2026-09-07,Richmond,16,Lexington,6
2026-09-07,Seneca,2,Neosho,13
2026-09-07,Wellsville-Middletown,1,Paris,15
2026-09-07,Waynesville,19,Richland,3
2026-09-07,East Buchanan,4,St. Pius X (Kansas City),14
2026-09-08,Metro,2,Affton,17
2026-09-08,Nevada,1,Aurora,18
2026-09-08,Raymore-Peculiar,6,Belton,2
2026-09-08,Savannah,13,Benton,5
2026-09-08,Capital City,0,Blair Oaks,4
2026-09-08,Osage,15,Boonville,8
2026-09-08,Madison,19,Bucklin with Macon County,2
2026-09-08,Eldon,14,California,4
2026-09-08,Maryville,0,Cameron,15
2026-09-08,McDonald County,1,Cassville,5
2026-09-08,Highland,2,Centralia,12
2026-09-08,Penney,0,Chillicothe,15
2026-09-08,Pleasant Hill,16,Clinton,0
2026-09-08,Tuscumbia,7,Crocker,17
2026-09-08,Richland,24,Cuba,7
2026-09-08,Herculaneum with Crystal City,1,DeSoto,14
2026-09-08,Laquey,0,Dixon,15
2026-09-08,Twin Rivers,1,Doniphan,5
2026-09-08,Poplar Bluff,22,East Carter,8
2026-09-08,Bowling Green,1,Elsberry,11
2026-09-08,Dadeville with Everton,16,Fair Play,1
2026-09-08,Fredericktown,4,Farmington,5
2026-09-08,New Bloomfield,1,Fayette,4
2026-09-08,Kirkwood,1,Fox,2
2026-09-08,Francis Howell,18,Francis Howell Central,0
2026-09-08,Ft. Zumwalt East,11,Ft. Zumwalt South,5
2026-09-08,Eugene,24,Fulton,1
2026-09-08,South Harrison,12,Gallatin,1
2026-09-08,Webb City,8,Glendale,0
2026-09-08,Truman,2,Grain Valley,5
2026-09-08,Wheatland,10,Hartville,9
2026-09-08,Weaubleau,8,Hermitage,4
2026-09-08,Parkview,4,Hillcrest,19
2026-09-08,Festus,5,Hillsboro,0
2026-09-08,Knob Noster,0,Holden,13
2026-09-08,Winfield,15,Holt,6
2026-09-08,Marquette,3,Jackson,4
2026-09-08,Iberia,17,Jamestown,2
2026-09-08,Northeast Nodaway,10,Jefferson (Conception) with South Nodaway,17
2026-09-08,North County,2,Kelly,9
2026-09-08,Joplin,11,Kickapoo,13
2026-09-08,North Harrison,4,King City with Union Star,13
2026-09-08,Mexico,4,Kirksville,5
2026-09-08,Marion County,5,Knox County,15
2026-09-08,Brashear,10,La Plata,11
2026-09-08,Bayless,21,Ladue Horton Watkins,6
2026-09-08,Parkway West,4,Lafayette (Wildwood),3
2026-09-08,Carrollton,5,Lafayette County,15
2026-09-08,Neosho,15,Lebanon,3
2026-09-08,Blue Springs South,14,Lee's Summit,4
2026-09-08,Lee's Summit West,3,Lee's Summit North,10
2026-09-08,Lathrop,19,Lexington,9
2026-09-08,Oak Park,3,Liberty,13
2026-09-08,Ft. Zumwalt West,15,Liberty (Wentzville),5
2026-09-08,Staley,3,Liberty North,11
2026-09-08,Winnetonka,15,Lincoln College Prep,0
2026-09-08,Mehlville,0,Lindbergh,15
2026-09-08,Fatima,7,Linn,6
2026-09-08,North Platte,15,Lone Jack,9
2026-09-08,Silex,20,Louisiana,0
2026-09-08,Putnam County,0,Marceline,10
2026-09-08,Milan,1,Maysville,13
2026-09-08,"Braymer with Breckenridge, Southwest (Livingston County)",23,Meadville,5
2026-09-08,Gilman City with Tri-County,7,"Mercer with Cainsville, Ridgeway",3
2026-09-08,Smithville,10,Mid-Buchanan,12
2026-09-08,Hannibal,6,Moberly,8
2026-09-08,Seneca,6,Monett,3
2026-09-08,Clark County,2,Monroe City,17
2026-09-08,Mark Twain,2,Montgomery County,6
2026-09-08,Notre Dame (Cape Girardeau),14,Neelyville,1
2026-09-08,Northeast (Cairo),2,New Franklin,3
2026-09-08,Willard,16,Nixa,5
2026-09-08,Higbee,22,Norborne with Hardin-Central,3
2026-09-08,Albany,3,North Andrew,4
2026-09-08,Wright City,1,North Callaway,7
2026-09-08,Park Hill South,15,North Kansas City,0
2026-09-08,Ft. Zumwalt North,2,North Point,6
2026-09-08,Marshfield,14,Norwood,0
2026-09-08,Summit Christian Academy,0,Oak Grove,10
2026-09-08,Excelsior Springs,6,Odessa,7
2026-09-08,Warrenton,6,Orchard Farm,3
2026-09-08,Carthage,1,Ozark,11
2026-09-08,North Shelby,11,Paris,3
2026-09-08,Central (St. Joseph),0,Park Hill,12
2026-09-08,Seckman,5,Parkway Central,8
2026-09-08,Notre Dame (St. Louis),2,Pattonville,18
2026-09-08,Community,17,Pilot Grove,1
2026-09-08,Grundy County with Newtown-Harris,4,Polo,14
2026-09-08,"Pattonsburg with North Daviess, Winston",0,Princeton,13
2026-09-08,Fort Osage,11,Raytown,0
2026-09-08,Battle,0,Rock Bridge,2
2026-09-08,Grandview,20,Ruskin,4
2026-09-08,Vienna,2,Russellville,12
2026-09-08,Hallsville with Christian Fellowship Sr.,3,Salisbury,9
2026-09-08,Atlanta,10,Scotland County,19
2026-09-08,Halfway,16,Sherwood,0
2026-09-08,Perryville,15,Sikeston,2
2026-09-08,Clopton,10,South Shelby,8
2026-09-08,Hickman,1,Southern Boone,2
2026-09-08,Lutheran South,2,St. Charles West with St. Charles,12
2026-09-08,Owensville,18,St. Clair,7
2026-09-08,St. Joseph's Academy,1,St. Dominic,2
2026-09-08,Camdenton,2,St. Elizabeth,16
2026-09-08,Sullivan,15,St. James,0
2026-09-08,Bishop LeBlond,0,St. Pius X (Kansas City),15
2026-09-08,East Buchanan,4,St. Teresa's Academy,10
2026-09-08,Worth County,7,Stanberry,8
2026-09-08,Climax Springs,1,Stoutland,14
2026-09-08,Slater with Malta Bend,2,Sturgeon,3
2026-09-08,Brookfield,7,Trenton,0
2026-09-08,Francis Howell North,1,Troy Buchanan,4
2026-09-08,Pacific,4,Union,5
2026-09-08,Hancock,5,Valley Park,9
2026-09-08,Humansville,12,Walnut Grove,2
2026-09-08,Harrisonville,3,Warrensburg,13
2026-09-08,Timberland,1,Washington,2
2026-09-08,Republic,14,Waynesville,3
2026-09-08,Rockwood Summit,1,Westminster Christian Academy,3
2026-09-08,Canton,16,Westran,7
2026-09-08,Platte County,20,William Chrisman,0
2026-09-08,Jefferson (Festus),1,Windsor (Imperial),13
2026-09-09,Clayton,17,Bayless,7
2026-09-09,Hallsville with Christian Fellowship Sr.,0,Blair Oaks,10
2026-09-09,Dixon,18,Camdenton,5
2026-09-09,Jefferson (Festus),0,Chaffee,15
2026-09-09,Oakville,1,Cor Jesu Academy,3
2026-09-09,Holt,10,Francis Howell North,20
2026-09-09,Marshall,6,Fulton,9
2026-09-09,Harrisburg,17,Glasgow,2
2026-09-09,Bolivar,17,Glendale,5
2026-09-09,Laquey,0,Halfway,15
2026-09-09,Central (Cape Girardeau),1,Jackson,11
2026-09-09,Helias Catholic,17,Jefferson City,0
2026-09-09,Carl Junction,5,Joplin,8
2026-09-09,Webster Groves,0,Lafayette (Wildwood),18
2026-09-09,Benton,16,Lincoln College Prep,1
2026-09-09,Parkway South,0,Lindbergh,15
2026-09-09,Ladue Horton Watkins,6,Lutheran St. Charles with Veritas Christian Academy,16
2026-09-09,Southern Boone,13,Macon,5
2026-09-09,Affton,21,McCluer North,17
2026-09-09,Hancock,9,Mehlville,8
2026-09-09,Centralia,12,Moberly,0
2026-09-09,Herculaneum with Crystal City,0,North County,14
2026-09-09,Stewartsville with Osborn,12,North Platte,13
2026-09-09,Parkway Central,11,Northwest (Cedar Hill),1
2026-09-09,Farmington,10,Notre Dame (Cape Girardeau),11
2026-09-09,Van-Far,4,Paris,6
2026-09-09,Park Hill,15,Park Hill South,3
2026-09-09,Savannah,3,Platte County,14
2026-09-09,"Tina-Avalon with Bosworth, Hale",10,Plattsburg,8
2026-09-09,Battle,7,Rolla,11
2026-09-09,Sikeston,2,Saxony Lutheran with St. Vincent,17
2026-09-09,Clark County,6,Schuyler County,3
2026-09-09,Windsor (Imperial),1,Seckman,4
2026-09-09,St. Joseph's Academy,0,St. Francis Borgia,8
2026-09-09,St. Pius X (Festus),3,Valley Park,15
2026-09-09,Troy Buchanan,1,Washington,9
2026-09-09,Louisiana,22,Wellsville-Middletown,1
2026-09-09,Parkway West,1,Westminster Christian Academy,4
2026-09-09,Stoutland,13,Wheatland,8
2026-09-09,Warrensburg,20,Winnetonka,5
2026-09-10,Clayton,12,Affton,15
2026-09-10,William Chrisman,0,Belton,15
2026-09-10,St. Pius X (Kansas City),1,Benton,4
2026-09-10,Eldon,1,Blair Oaks,2
2026-09-10,Lee's Summit,5,Blue Springs,2
2026-09-10,Excelsior Springs,0,Chillicothe,6
2026-09-10,Elsberry,13,Clopton,2
2026-09-10,Jefferson (Conception) with South Nodaway,12,DeKalb,10
2026-09-10,Vienna,11,Dixon,10
2026-09-10,Kelly,0,Doniphan,1
2026-09-10,Penney,15,East Buchanan,0
2026-09-10,Rockwood Summit,2,Eureka,3
2026-09-10,Oakville,3,Fox,9
2026-09-10,Troy Buchanan,1,Francis Howell,0
2026-09-10,Liberty (Wentzville),6,Francis Howell Central,8
2026-09-10,DeSoto,8,Fredericktown,3
2026-09-10,Pilot Grove,2,Glasgow,12
2026-09-10,Raytown,8,Grandview,3
2026-09-10,Bevier,1,Green City,17
2026-09-10,Gilman City with Tri-County,16,Grundy County with Newtown-Harris,0
2026-09-10,Eugene,2,Harrisburg,3
2026-09-10,Orchard Farm,6,Hazelwood West,0
2026-09-10,St. Clair,12,Hermann with New Haven,22
2026-09-10,Lexington,3,Holden,13
2026-09-10,Wheatland,7,Humansville,5
2026-09-10,Ursuline Academy,1,Incarnate Word Academy,15
2026-09-10,Herculaneum with Crystal City,1,Jefferson (Festus),9
2026-09-10,Fatima,13,Jefferson City,0
2026-09-10,Lebanon,0,Joplin,8
2026-09-10,Albany,3,King City with Union Star,2
2026-09-10,Mehlville,1,Kirkwood,11
2026-09-10,New Franklin,15,La Plata,1
2026-09-10,Blue Springs South,22,Lee's Summit West,10
2026-09-10,North Kansas City,0,Liberty,14
2026-09-10,Branson,5,Logan-Rogersville,8
2026-09-10,Ruskin,0,Lone Jack,17
2026-09-10,Richland,5,Macks Creek,10
2026-09-10,Seneca,0,McDonald County,10
2026-09-10,Brashear,27,Meadville,16
2026-09-10,Hannibal,0,Mexico,10
2026-09-10,Aurora,8,Monett,1
2026-09-10,Central (Cape Girardeau),4,Naylor,7
2026-09-10,Twin Rivers,12,Neelyville,2
2026-09-10,Ozark,8,Neosho,4
2026-09-10,Worth County,10,North Harrison,7
2026-09-10,Lawson,8,North Platte,11
2026-09-10,Washington,13,North Point,2
2026-09-10,Canton,0,North Shelby,5
2026-09-10,Hartville,8,Norwood,5
2026-09-10,Oak Grove,6,Odessa,1
2026-09-10,South Callaway,3,Osage,17
2026-09-10,Pacific,16,Owensville,2
2026-09-10,Fair Play,5,Parkview,20
2026-09-10,Webster Groves,4,Parkway South,8
2026-09-10,Parkway North with Principia,2,Pattonville,13
2026-09-10,Truman,4,Platte County,14
2026-09-10,Lathrop,18,Plattsburg,0
2026-09-10,Stanberry,2,Princeton,3
2026-09-10,Nixa,8,Republic,9
2026-09-10,University City,0,Ritenour,15
2026-09-10,Cameron,3,Savannah,16
2026-09-10,Westran,11,Scotland County,10
2026-09-10,Parkway West,13,Seckman,0
2026-09-10,Brookfield,6,South Harrison,9
2026-09-10,Marion County,0,South Shelby,14
2026-09-10,Holt,5,St. Charles West with St. Charles,13
2026-09-10,Lutheran St. Charles with Veritas Christian Academy,4,St. Francis Borgia,16
2026-09-10,Cuba,0,Sullivan,17
2026-09-10,Ft. Zumwalt South,3,Timberland,8
2026-09-10,St. James,6,Union,16
2026-09-10,Waynesville,0,Webb City,10
2026-09-10,Mid-Buchanan,0,West Platte,10
2026-09-10,Glendale,0,Willard,12
2026-09-10,Lutheran South,0,Windsor (Imperial),12
2026-09-10,Central (St. Joseph),21,Winnetonka,8
2026-09-10,Montgomery County,10,Wright City,1
2026-09-11,Dadeville with Everton,7,Aurora,3
2026-09-11,Staley,5,Bolivar,6
2026-09-11,Warrensburg,16,Boonville,1
2026-09-11,Clinton,3,Boonville,10
2026-09-11,Battle,15,California,1
2026-09-11,Westminster Christian Academy,16,Camdenton,1
2026-09-11,Marshall,2,Camdenton,3
2026-09-11,McDonald County,10,Carl Junction,0
2026-09-11,Neosho,8,Carthage,5
2026-09-11,Republic,5,Carthage,3
2026-09-11,Nixa,10,Carthage,9
2026-09-11,Helias Catholic,6,Centralia,1
2026-09-11,Odessa,6,Centralia,4
2026-09-11,East Carter,6,Chaffee,16
2026-09-11,Sherwood,5,Clinton,10
2026-09-11,Canton,5,Clopton,4
2026-09-11,Fox,4,Cor Jesu Academy,11
2026-09-11,Norwood,7,Dadeville with Everton,12
2026-09-11,Mid-Buchanan,3,Eldon,5
2026-09-11,Eldon,3,Elsberry,6
2026-09-11,Mid-Buchanan,4,Elsberry,3
2026-09-11,Wheatland,19,Fair Play,6
2026-09-11,Parkway West,2,Francis Howell,3
2026-09-11,Rock Bridge,2,Francis Howell,4
2026-09-11,Orchard Farm,3,Ft. Zumwalt East,5
2026-09-11,Holt,5,Ft. Zumwalt South,8
2026-09-11,Kickapoo,1,Ft. Zumwalt West,11
2026-09-11,Lee's Summit West,2,Ft. Zumwalt West,7
2026-09-11,Smithville,8,Ft. Zumwalt West,13
2026-09-11,Salisbury,8,Glasgow,2
2026-09-11,Kearney,0,Grain Valley,11
2026-09-11,Neosho,1,Grain Valley,14
2026-09-11,Republic,0,Grain Valley,12
2026-09-11,Grundy County with Newtown-Harris,12,Green City,13
2026-09-11,Walnut Grove,2,Halfway,11
2026-09-11,Owensville,6,Harrisonville,0
2026-09-11,Lafayette County,8,Harrisonville,2
2026-09-11,Fatima,4,Hickman,11
2026-09-11,Madison,10,Higbee,5
2026-09-11,California,3,Hillsboro,15
2026-09-11,Linn,4,Hillsboro,3
2026-09-11,Montgomery County,3,Iberia,4
2026-09-11,Lafayette (Wildwood),4,Jackson,2
2026-09-11,Republic,0,Kearney,3
2026-09-11,Nixa,8,Kearney,10
2026-09-11,Lee's Summit West,9,Kickapoo,0
2026-09-11,Truman,5,Kickapoo,8
2026-09-11,Capital City,1,Kirkwood,0
2026-09-11,Willard,11,Kirkwood,0
2026-09-11,St. Michael the Archangel,4,Lafayette County,7
2026-09-11,Park Hill,4,Lee's Summit,2
2026-09-11,St. Elizabeth,3,Lee's Summit,5
2026-09-11,Ozark,9,Lee's Summit West,2
2026-09-11,Incarnate Word Academy,10,Liberty (Wentzville),7
2026-09-11,Battle,3,Liberty North,12
2026-09-11,Liberty North,5,Linn,4
2026-09-11,Seneca,0,Logan-Rogersville,10
2026-09-11,Ruskin,0,Lone Jack,16
2026-09-11,Lutheran South,10,Lutheran St. Charles with Veritas Christian Academy,11
2026-09-11,Hermitage,2,Macks Creek,12
2026-09-11,Timberland,5,Marquette,3
2026-09-11,Westminster Christian Academy,19,Marshall,0
2026-09-11,Oak Park,0,Marshfield,18
2026-09-11,Iberia,2,Marshfield,9
2026-09-11,Walnut Grove,6,Monett,7
2026-09-11,Nixa,7,Neosho,8
2026-09-11,DeSoto,3,North County,6
2026-09-11,St. Francis Borgia,6,Northwest (Cedar Hill),10
2026-09-11,Smith-Cotton,0,Northwest (Cedar Hill),10
2026-09-11,Helias Catholic,17,Odessa,2
2026-09-11,St. Michael the Archangel,7,Owensville,6
2026-09-11,Truman,6,Ozark,7
2026-09-11,Smithville,1,Ozark,8
2026-09-11,St. Elizabeth,0,Park Hill,4
2026-09-11,Lincoln College Prep,10,Raytown South,20
2026-09-11,Tuscumbia,15,Richland,5
2026-09-11,Oakville,3,Rockwood Summit,6
2026-09-11,Lebanon,4,Rolla,8
2026-09-11,Bolivar,11,Smith-Cotton,2
2026-09-11,Oak Park,0,Southern Boone,10
2026-09-11,Montgomery County,2,Southern Boone,3
2026-09-11,Ft. Zumwalt North,6,St. Charles West with St. Charles,16
2026-09-11,Bayless,0,St. Clair,16
2026-09-11,Staley,1,St. Francis Borgia,0
2026-09-11,Dixon,20,St. James,2
2026-09-11,Newburg,1,Stoutland,16
2026-09-11,Rock Bridge,7,Troy Buchanan,2
2026-09-11,Smithville,11,Truman,10
2026-09-11,Ursuline Academy,0,Valley Park,15
2026-09-11,Sherwood,1,Warrensburg,12
2026-09-11,Wright City,13,Warrenton,7
2026-09-11,Montrose with Appleton City,4,Weaubleau,14
2026-09-11,Capital City,4,Willard,2
2026-09-12,Norwood,6,Aurora,11
2026-09-12,Monett,1,Aurora,6
2026-09-12,West Platte,11,Benton,0
2026-09-12,Francis Howell Central,5,Blue Springs,8
2026-09-12,Helias Catholic,5,Blue Springs,4
2026-09-12,St. Francis Borgia,9,Bolivar,6
2026-09-12,Sherwood,0,Boonville,15
2026-09-12,St. Michael the Archangel,8,Boonville,13
2026-09-12,Liberty North,18,California,0
2026-09-12,Mid-Buchanan,16,Camdenton,1
2026-09-12,North Andrew,0,Cameron,6
2026-09-12,Penney,16,Carrollton,6
2026-09-12,Stewartsville with Osborn,2,Carrollton,14
2026-09-12,Slater with Malta Bend,4,Carrollton,12
2026-09-12,Ozark,12,Carthage,1
2026-09-12,Ft. Zumwalt West,11,Carthage,2
2026-09-12,Perryville,13,Central (Cape Girardeau),3
2026-09-12,Benton,18,Central (St. Joseph),0
2026-09-12,Trenton,8,Central (St. Joseph),7
2026-09-12,Lincoln College Prep,1,Central (St. Joseph),27
2026-09-12,Macon,2,Chillicothe,9
2026-09-12,Pleasant Hill,0,Chillicothe,1
2026-09-12,Savannah,2,Chillicothe,4
2026-09-12,Warrensburg,11,Clinton,0
2026-09-12,Madison,1,Community,7
2026-09-12,New Franklin,1,Community,7
2026-09-12,Newburg,9,Cuba,5
2026-09-12,Halfway,7,Dadeville with Everton,3
2026-09-12,Maysville,13,DeKalb,1
2026-09-12,Ritenour,11,DeSoto,7
2026-09-12,Webster Groves,8,DeSoto,4
2026-09-12,Weaubleau,13,Dixon,15
2026-09-12,DeKalb,17,East Buchanan,4
2026-09-12,Maysville,22,East Buchanan,8
2026-09-12,Marshall,0,Eldon,12
2026-09-12,Westminster Christian Academy,5,Elsberry,1
2026-09-12,Marshall,2,Elsberry,9
2026-09-12,Union,0,Eureka,14
2026-09-12,Washington,4,Eureka,7
2026-09-12,Van-Far,0,Fayette,15
2026-09-12,Jamestown,0,Fayette,2
2026-09-12,Harrisburg,2,Fayette,0
2026-09-12,Francis Howell North,2,Festus,1
2026-09-12,Seckman,7,Festus,8
2026-09-12,Helias Catholic,10,Francis Howell Central,0
2026-09-12,Pacific,3,Francis Howell North,18
2026-09-12,Ozark,3,Ft. Zumwalt West,9
2026-09-12,Smithville,2,Grain Valley,9
2026-09-12,Nixa,4,Grain Valley,9
2026-09-12,Milan,9,Grundy County with Newtown-Harris,7
2026-09-12,Salisbury,16,Grundy County with Newtown-Harris,1
2026-09-12,Meadville,6,Grundy County with Newtown-Harris,13
2026-09-12,Paris,8,Hannibal,5
2026-09-12,New Bloomfield,2,Hannibal,18
2026-09-12,Madison,2,Harrisburg,5
2026-09-12,St. Michael the Archangel,10,Harrisonville,5
2026-09-12,Vienna,7,Hartville,8
2026-09-12,Cuba,3,Hermann with New Haven,22
2026-09-12,Newburg,6,Hermann with New Haven,5
2026-09-12,St. James,9,Hermann with New Haven,16
2026-09-12,La Plata,3,Highland,18
2026-09-12,Liberty North,8,Hillsboro,0
2026-09-12,Battle,6,Hillsboro,8
2026-09-12,South Harrison,6,Holden,8
2026-09-12,Pleasant Hill,4,Holden,11
2026-09-12,Savannah,8,Holden,2
2026-09-12,Dixon,14,Humansville,7
2026-09-12,Rock Bridge,7,Jackson,6
2026-09-12,New Franklin,3,Jamestown,9
2026-09-12,Neosho,18,Kearney,3
2026-09-12,Kearney,8,Kickapoo,2
2026-09-12,Neosho,3,Kickapoo,4
2026-09-12,Lawson,4,Kirksville,9
2026-09-12,South Harrison,9,Kirksville,3
2026-09-12,Savannah,11,Kirksville,2
2026-09-12,Lee's Summit,11,Kirkwood,0
2026-09-12,St. Elizabeth,13,Kirkwood,0
2026-09-12,Troy Buchanan,8,Lafayette (Wildwood),2
2026-09-12,Rock Bridge,8,Lafayette (Wildwood),2
2026-09-12,Owensville,7,Lafayette County,12
2026-09-12,Warrensburg,2,Lafayette County,1
2026-09-12,Polo,0,Lathrop,18
2026-09-12,Penney,3,Lathrop,18
2026-09-12,Pleasant Hill,7,Lawson,4
2026-09-12,Capital City,1,Lee's Summit,6
2026-09-12,Republic,5,Lee's Summit West,8
2026-09-12,Truman,1,Lee's Summit West,2
2026-09-12,Richmond,18,Lincoln College Prep,6
2026-09-12,Battle,6,Linn,10
2026-09-12,California,0,Linn,15
2026-09-12,Lawson,2,Macon,8
2026-09-12,South Harrison,8,Macon,6
2026-09-12,Van-Far,9,Madison,12
2026-09-12,Montgomery County,6,Marshfield,7
2026-09-12,North Platte,21,Maryville,0
2026-09-12,Benton,17,Maryville,0
2026-09-12,Lincoln College Prep,7,Maryville,11
2026-09-12,Princeton,16,Meadville,0
2026-09-12,"Tina-Avalon with Bosworth, Hale",16,Meadville,7
2026-09-12,Westminster Christian Academy,5,Mid-Buchanan,1
2026-09-12,"Tina-Avalon with Bosworth, Hale",10,Milan,14
2026-09-12,Salisbury,17,Milan,2
2026-09-12,Halfway,7,Monett,4
2026-09-12,Van-Far,3,New Franklin,8
2026-09-12,Smithville,3,Nixa,13
2026-09-12,West Platte,12,North Platte,2
2026-09-12,Staley,6,Northwest (Cedar Hill),2
2026-09-12,Bolivar,2,Northwest (Cedar Hill),6
2026-09-12,Iberia,7,Oak Park,8
2026-09-12,Montgomery County,4,Oak Park,8
2026-09-12,Hartville,1,Osage,6
2026-09-12,Vienna,3,Osage,7
2026-09-12,Waynesville,3,Osage,12
2026-09-12,New Bloomfield,5,Paris,4
2026-09-12,Capital City,11,Park Hill,1
2026-09-12,Stewartsville with Osborn,2,Penney,13
2026-09-12,Stewartsville with Osborn,6,Polo,11
2026-09-12,"Tina-Avalon with Bosworth, Hale",0,Princeton,12
2026-09-12,Salisbury,0,Princeton,5
2026-09-12,West Platte,4,Richmond,5
2026-09-12,Highland,15,Schuyler County,5
2026-09-12,La Plata,5,Schuyler County,15
2026-09-12,Pacific,2,Seckman,1
2026-09-12,Lathrop,15,Slater with Malta Bend,0
2026-09-12,Polo,6,Slater with Malta Bend,14
2026-09-12,St. Francis Borgia,9,Smith-Cotton,0
2026-09-12,Staley,7,Smith-Cotton,4
2026-09-12,Marshfield,15,Southern Boone,4
2026-09-12,Iberia,2,Southern Boone,17
2026-09-12,Newburg,7,St. James,6
2026-09-12,Cuba,2,St. James,17
2026-09-12,North Platte,4,Trenton,2
2026-09-12,Richmond,6,Trenton,1
2026-09-12,Jackson,0,Troy Buchanan,6
2026-09-12,Republic,3,Truman,4
2026-09-12,St. Dominic,5,Union,0
2026-09-12,St. Dominic,2,Washington,9
2026-09-12,Hartville,8,Waynesville,5
2026-09-12,Vienna,6,Waynesville,0
2026-09-12,Ritenour,3,Webster Groves,10
2026-09-12,Community,3,Westran,5
2026-09-12,Harrisburg,15,Westran,0
2026-09-12,Jamestown,7,Westran,10
2026-09-12,St. Elizabeth,0,Willard,15
2026-09-12,Eldon,1,Willard,9
2026-09-14,Logan-Rogersville,9,Aurora,0
2026-09-14,Camdenton,4,Battle,14
2026-09-14,Paris,14,Bevier,0
2026-09-14,Southern Boone,9,Boonville,3
2026-09-14,Richmond,23,"Braymer with Breckenridge, Southwest (Livingston County)",0
2026-09-14,Cassville,0,Carthage,10
2026-09-14,Lee's Summit North,9,Central (St. Joseph),1
2026-09-14,St. Elizabeth,2,Centralia,3
2026-09-14,Ladue Horton Watkins,8,Clayton,3
2026-09-14,Northeast (Cairo),0,Community,9
2026-09-14,Macks Creek,0,Crocker,16
2026-09-14,Lutheran South,5,DeSoto,4
2026-09-14,Oakville,6,Farmington,5
2026-09-14,St. Francis Borgia,8,Fatima,6
2026-09-14,Linn,5,Fayette,0
2026-09-14,Blair Oaks,20,Fulton,0
2026-09-14,North Harrison,10,Gilman City with Tri-County,6
2026-09-14,Hillcrest,5,Glendale,20
2026-09-14,Platte County,4,Grain Valley,5
2026-09-14,Raytown South,0,Grandview,15
2026-09-14,Bowling Green,6,Hannibal,5
2026-09-14,Incarnate Word Academy,10,Hazelwood West,0
2026-09-14,Father Tolton,0,Hickman,11
2026-09-14,Louisiana,6,Highland,20
2026-09-14,Nevada,0,Holden,18
2026-09-14,Montrose with Appleton City,11,Humansville,12
2026-09-14,Eugene,7,Iberia,10
2026-09-14,Macon,10,Kirksville,6
2026-09-14,South Shelby,4,La Plata,5
2026-09-14,Norwood,18,Laquey,1
2026-09-14,Benton,1,Lathrop,8
2026-09-14,Carrollton,10,Lawson,20
2026-09-14,Lee's Summit West,7,Lee's Summit,5
2026-09-14,Timberland,17,Liberty (Wentzville),1
2026-09-14,Blue Springs,4,Liberty North,9
2026-09-14,Seckman,0,Lindbergh,10
2026-09-14,Green City,21,Linn County,7
2026-09-14,Wellsville-Middletown,26,Marion County,9
2026-09-14,Hermann with New Haven,9,Mark Twain,21
2026-09-14,Jefferson (Conception) with South Nodaway,14,Maryville,1
2026-09-14,"Pattonsburg with North Daviess, Winston",1,Maysville,7
2026-09-14,Ozark,7,McDonald County,8
2026-09-14,Bolivar,15,Monett,5
2026-09-14,East Carter,2,Neelyville,17
2026-09-14,South Callaway,7,New Bloomfield,9
2026-09-14,"Brunswick with Keytesville, Northwestern (Mendon)",9,New Franklin,6
2026-09-14,Tuscumbia,12,Newburg,13
2026-09-14,Chaffee,7,North County,1
2026-09-14,Oak Park,21,North Kansas City,3
2026-09-14,Lafayette (Wildwood),4,Northwest (Cedar Hill),1
2026-09-14,Doniphan,14,Notre Dame (Cape Girardeau),6
2026-09-14,Ft. Zumwalt South,13,Orchard Farm,12
2026-09-14,Moberly,5,Palmyra,7
2026-09-14,Liberty,1,Park Hill,2
2026-09-14,Raymore-Peculiar,9,Park Hill South,4
2026-09-14,Wheatland,14,Parkview,0
2026-09-14,Parkway Central,11,Parkway North with Principia,4
2026-09-14,Marquette,1,Parkway West,2
2026-09-14,Kelly,4,Perryville,0
2026-09-14,Jamestown,24,Pilot Grove,6
2026-09-14,South Harrison,19,Plattsburg,0
2026-09-14,Sherwood,0,Pleasant Hill,15
2026-09-14,Saxony Lutheran with St. Vincent,0,Poplar Bluff,10
2026-09-14,"Mercer with Cainsville, Ridgeway",0,Princeton,18
2026-09-14,Scotland County,0,Putnam County,4
2026-09-14,Halfway,14,Richland,2
2026-09-14,St. Joseph's Academy,17,Ritenour,0
2026-09-14,Capital City,2,Rock Bridge,6
2026-09-14,Parkway South,13,Rockwood Summit,1
2026-09-14,Harrisburg,12,Russellville,0
2026-09-14,Atlanta,1,Schuyler County,16
2026-09-14,Carl Junction,0,Seneca,12
2026-09-14,Helias Catholic,15,Smith-Cotton,2
2026-09-14,Jefferson (Festus),4,St. Clair,2
2026-09-14,Cuba,4,St. James,14
2026-09-14,Lutheran St. Charles with Veritas Christian Academy,18,St. Pius X (Festus),3
2026-09-14,Blue Springs South,3,Staley,4
2026-09-14,Osage,12,Stoutland,6
2026-09-14,Troy Buchanan,13,Sullivan,0
2026-09-14,Bucklin with Macon County,10,"Tina-Avalon with Bosworth, Hale",20
2026-09-14,Belton,3,Truman,4
2026-09-14,Sikeston,1,Twin Rivers,16
2026-09-14,Washington,14,Union,0
2026-09-14,Monroe City,11,Van-Far,1
2026-09-14,Summit Christian Academy,1,Warrensburg,11
2026-09-14,St. Dominic,4,Warrenton,7
2026-09-14,Dixon,22,Waynesville,8
2026-09-14,Ursuline Academy,3,Webster Groves,13
2026-09-14,Sturgeon,1,Westran,11
2026-09-14,Raytown,8,William Chrisman,0
2026-09-14,Smithville,16,Winnetonka,0
2026-09-14,St. Charles West with St. Charles,7,Wright City,9
2026-09-15,Meadville,11,Atlanta,24
2026-09-15,McDonald County,9,Aurora,2
2026-09-15,Hickman,13,Battle,3
2026-09-15,Grain Valley,6,Belton,2
2026-09-15,Lawson,4,Benton,7
2026-09-15,"Mercer with Cainsville, Ridgeway",12,"Braymer with Breckenridge, Southwest (Livingston County)",2
2026-09-15,Putnam County,0,Brookfield,1
2026-09-15,South Callaway,0,California,1
2026-09-15,Branson,5,Carl Junction,3
2026-09-15,Richmond,20,Carrollton,2
2026-09-15,Mexico,0,Centralia,11
2026-09-15,Twin Rivers,4,Chaffee,13
2026-09-15,Cameron,0,Chillicothe,9
2026-09-15,Richland,17,Climax Springs,5
2026-09-15,Oak Grove,23,Clinton,0
2026-09-15,Westminster Christian Academy,4,Cor Jesu Academy,2
2026-09-15,Jefferson (Festus),23,Cuba,5
2026-09-15,Doniphan,15,East Carter,1
2026-09-15,Van-Far,3,Elsberry,4
2026-09-15,Eldon,4,Eugene,0
2026-09-15,Hermitage,17,Fair Play,1
2026-09-15,Hillsboro,12,Farmington,1
2026-09-15,Linn,16,Father Tolton,9
2026-09-15,St. Elizabeth,1,Fatima,4
2026-09-15,New Franklin,0,Fayette,7
2026-09-15,DeSoto,0,Festus,10
2026-09-15,Ft. Zumwalt West,14,Francis Howell Central,6
2026-09-15,Francis Howell,4,Francis Howell North,5
2026-09-15,Timberland,16,Ft. Zumwalt East,1
2026-09-15,Marceline,12,Gallatin,1
2026-09-15,Carthage,16,Glendale,4
2026-09-15,Lincoln College Prep,0,Grandview,21
2026-09-15,Russellville,11,Hallsville with Christian Fellowship Sr.,12
2026-09-15,McCluer North,4,Hancock,15
2026-09-15,Pleasant Hill,10,Harrisonville,1
2026-09-15,Dixon,9,Hartville,11
2026-09-15,Pattonville,11,Hazelwood West,9
2026-09-15,Blair Oaks,3,Helias Catholic,4
2026-09-15,Owensville,16,Hermann with New Haven,0
2026-09-15,Canton,1,Highland,11
2026-09-15,Orchard Farm,7,Holt,13
2026-09-15,Weaubleau,18,Humansville,1
2026-09-15,Stoutland,4,Iberia,14
2026-09-15,St. Dominic,5,Incarnate Word Academy,8
2026-09-15,Vienna,10,Jamestown,4
2026-09-15,Smithville,2,Kearney,4
2026-09-15,Fredericktown,1,Kelly,2
2026-09-15,Webb City,5,Kickapoo,8
2026-09-15,Affton,9,Kirkwood,5
2026-09-15,Lexington,12,Knob Noster,8
2026-09-15,Scotland County,8,Knox County,1
2026-09-15,Bucklin with Macon County,15,La Plata,20
2026-09-15,Holden,0,Lafayette County,10
2026-09-15,Lone Jack,2,Lathrop,14
2026-09-15,Republic,19,Lebanon,8
2026-09-15,North Kansas City,0,Lee's Summit North,15
2026-09-15,Lee's Summit,4,Liberty North,9
2026-09-15,Rockwood Summit,0,Lindbergh,7
2026-09-15,Wright City,14,Louisiana,2
2026-09-15,Glasgow,13,Madison,1
2026-09-15,Silex,4,Mark Twain,0
2026-09-15,Bolivar,0,Marshfield,7
2026-09-15,Savannah,20,Maryville,0
2026-09-15,Fulton,2,Moberly,12
2026-09-15,Hannibal,0,Monroe City,7
2026-09-15,Bowling Green,1,Montgomery County,14
2026-09-15,Naylor,4,Neelyville,3
2026-09-15,Monett,21,Nevada,1
2026-09-15,Neosho,5,Nixa,8
2026-09-15,Clopton,0,North Callaway,10
2026-09-15,North Shelby,15,Northeast (Cairo),3
2026-09-15,Fox,0,Northwest (Cedar Hill),3
2026-09-15,St. Joseph's Academy,15,Notre Dame (St. Louis),4
2026-09-15,Brashear,7,Novinger,8
2026-09-15,Park Hill,6,Oak Park,0
2026-09-15,Joplin,2,Ozark,1
2026-09-15,Sullivan,14,Pacific,0
2026-09-15,Lafayette (Wildwood),13,Parkway South,2
2026-09-15,Jackson,6,Parkway West,13
2026-09-15,Sturgeon,7,Pilot Grove,9
2026-09-15,Fort Osage,5,Platte County,2
2026-09-15,Truman,19,Raytown,4
2026-09-15,Winnetonka,21,Raytown South,5
2026-09-15,Hillcrest,2,Rolla,17
2026-09-15,William Chrisman,17,Ruskin,2
2026-09-15,Paris,2,Salisbury,12
2026-09-15,Cassville,9,Seneca,6
2026-09-15,Summit Christian Academy,14,Sherwood,7
2026-09-15,Central (Cape Girardeau),22,Sikeston,7
2026-09-15,Community,2,Slater with Malta Bend,0
2026-09-15,Milan,1,South Harrison,16
2026-09-15,Union,11,St. Clair,1
2026-09-15,Eureka,10,St. Francis Borgia,0
2026-09-15,Notre Dame de Sion,0,St. Teresa's Academy,9
2026-09-15,Blue Springs,0,Staley,4
2026-09-15,Maysville,2,Trenton,7
2026-09-15,Liberty (Wentzville),2,Troy Buchanan,17
2026-09-15,Parkway North with Principia,16,University City,6
2026-09-15,Halfway,15,Walnut Grove,0
2026-09-15,Odessa,3,Warrensburg,8
2026-09-15,Ft. Zumwalt North,1,Washington,14
2026-09-15,Willard,17,Waynesville,4
2026-09-15,Logan-Rogersville,17,West Plains,0
2026-09-15,Jefferson (Conception) with South Nodaway,5,West Platte,15
2026-09-15,"Brunswick with Keytesville, Northwestern (Mendon)",7,Westran,5
2026-09-15,Macks Creek,2,Wheatland,7
2026-09-15,St. Charles West with St. Charles,1,Winfield,4
2026-09-16,Kelly,17,Central (Cape Girardeau),4
2026-09-16,Hannibal,8,Clark County,3
2026-09-16,Jackson,4,Farmington,0
2026-09-16,Iberia,2,Fatima,13
2026-09-16,Herculaneum with Crystal City,0,Festus,15
2026-09-16,Smith-Cotton,4,Hallsville with Christian Fellowship Sr.,6
2026-09-16,Bowling Green,3,Helias Catholic,7
2026-09-16,Capital City,9,Hickman,11
2026-09-16,Valley Park,17,Jefferson (Festus),6
2026-09-16,Lindbergh,4,Lafayette (Wildwood),3
2026-09-16,St. Michael the Archangel,4,Lafayette County,7
2026-09-16,St. James,22,Laquey,0
2026-09-16,Oak Park,3,Lee's Summit North,13
2026-09-16,Plattsburg,3,Lexington,18
2026-09-16,Pleasant Hill,13,Lone Jack,1
2026-09-16,Cor Jesu Academy,18,Lutheran South,1
2026-09-16,St. Joseph's Academy,15,Lutheran St. Charles with Veritas Christian Academy,4
2026-09-16,Eureka,10,Marquette,0
2026-09-16,Macon,2,Mexico,8
2026-09-16,Knob Noster,17,Norborne with Hardin-Central,2
2026-09-16,Ft. Zumwalt South,0,North Point,8
2026-09-16,North County,8,Notre Dame (Cape Girardeau),11
2026-09-16,Marshall,3,Odessa,11
2026-09-16,Incarnate Word Academy,7,Parkway South,7
2026-09-16,Oak Grove,3,Savannah,2
2026-09-16,Fredericktown,11,Saxony Lutheran with St. Vincent,0
2026-09-16,Montrose with Appleton City,8,Sherwood,6
2026-09-16,Francis Howell North,9,St. Dominic,3
2026-09-16,Westminster Christian Academy,7,St. Francis Borgia,2
2026-09-16,Rolla,14,Union,10
2026-09-16,St. Clair,0,Washington,16
2026-09-16,Parkway West,12,Webster Groves,3
2026-09-16,Hermann with New Haven,30,Wellsville-Middletown,8
2026-09-16,St. Pius X (Kansas City),17,Winnetonka,7
2026-09-17,Ladue Horton Watkins,14,Affton,3
2026-09-17,Bevier,5,Atlanta,15
2026-09-17,Seneca,2,Aurora,1
2026-09-17,New Bloomfield,4,Battle,5
2026-09-17,Platte County,14,Belton,15
2026-09-17,Maryville,0,Benton,21
2026-09-17,Raymore-Peculiar,7,Blue Springs,4
2026-09-17,Liberty North,1,Blue Springs South,2
2026-09-17,Hillcrest,0,Bolivar,14
2026-09-17,Blair Oaks,6,Boonville,3
2026-09-17,Marshfield,4,Branson,0
2026-09-17,Green City,9,Brashear,10
2026-09-17,Salisbury,12,"Brunswick with Keytesville, Northwestern (Mendon)",0
2026-09-17,Southern Boone,14,California,2
2026-09-17,Rock Bridge,20,Camdenton,1
2026-09-17,Silex,11,Canton,0
2026-09-17,Lebanon,5,Carthage,15
2026-09-17,Monett,0,Cassville,6
2026-09-17,Festus,0,Chaffee,3
2026-09-17,North Shelby,4,Clark County,0
2026-09-17,Dixon,25,Climax Springs,3
2026-09-17,Warrensburg,21,Clinton,0
2026-09-17,Montgomery County,10,Clopton,2
2026-09-17,Westran,5,Community,13
2026-09-17,Ursuline Academy,1,Cor Jesu Academy,16
2026-09-17,North Callaway,0,Elsberry,2
2026-09-17,Russellville,2,Eugene,11
2026-09-17,William Chrisman,1,Fort Osage,11
2026-09-17,Ft. Zumwalt West,4,Francis Howell,3
2026-09-17,Liberty (Wentzville),10,Francis Howell North,14
2026-09-17,Herculaneum with Crystal City,2,Fredericktown,12
2026-09-17,Westminster Christian Academy,12,Ft. Zumwalt South,3
2026-09-17,Mexico,15,Fulton,5
2026-09-17,Northeast (Cairo),1,Glasgow,12
2026-09-17,Oak Park,10,Grandview,5
2026-09-17,Fair Play,1,Halfway,11
2026-09-17,Fayette,2,Harrisburg,11
2026-09-17,Norwood,4,Hartville,16
2026-09-17,Slater with Malta Bend,8,Higbee,2
2026-09-17,Kirksville,3,Highland,2
2026-09-17,Marquette,14,Hillsboro,5
2026-09-17,Richmond,2,Holden,6
2026-09-17,Tuscumbia,1,Jamestown,11
2026-09-17,Father Tolton,1,Jefferson City,0
2026-09-17,Glendale,5,Joplin,3
2026-09-17,Saxony Lutheran with St. Vincent,8,Kelly,9
2026-09-17,Knob Noster,0,Lafayette County,12
2026-09-17,Plattsburg,0,Lawson,15
2026-09-17,Truman,5,Lee's Summit,6
2026-09-17,Staley,5,Lee's Summit West,7
2026-09-17,Carrollton,24,Lexington,20
2026-09-17,Central (St. Joseph),3,Liberty,18
2026-09-17,South Callaway,0,Linn,12
2026-09-17,Carl Junction,7,Logan-Rogersville,11
2026-09-17,Sturgeon,7,Madison,1
2026-09-17,South Harrison,1,Marceline,4
2026-09-17,Moberly,11,Marshall,1
2026-09-17,Nevada,0,McDonald County,19
2026-09-17,East Buchanan,1,Mid-Buchanan,11
2026-09-17,Brookfield,16,Milan,0
2026-09-17,Sikeston,1,Naylor,7
2026-09-17,Waynesville,1,Neosho,18
2026-09-17,Central (Cape Girardeau),5,North County,15
2026-09-17,Grundy County with Newtown-Harris,16,Novinger,4
2026-09-17,Pleasant Hill,3,Oak Grove,2
2026-09-17,Harrisonville,8,Odessa,11
2026-09-17,Eldon,4,Osage,0
2026-09-17,Union,5,Owensville,10
2026-09-17,Bowling Green,7,Palmyra,5
2026-09-17,North Kansas City,0,Park Hill,17
2026-09-17,Windsor (Imperial),2,Parkway Central,3
2026-09-17,Mehlville,8,Parkway North with Principia,1
2026-09-17,Oakville,8,Parkway South,0
2026-09-17,Clayton,1,Pattonville,11
2026-09-17,North Platte,12,Penney,5
2026-09-17,Jefferson (Festus),16,Perryville,6
2026-09-17,Lone Jack,9,Polo,1
2026-09-17,Ruskin,4,Raytown South,25
2026-09-17,Ozark,8,Republic,6
2026-09-17,Kirkwood,6,Ritenour,3
2026-09-17,Chillicothe,10,Savannah,2
2026-09-17,Knox County,0,Schuyler County,10
2026-09-17,Excelsior Springs,5,Smithville,12
2026-09-17,Monroe City,16,South Shelby,8
2026-09-17,Rockwood Summit,10,St. Charles West with St. Charles,8
2026-09-17,Summit Christian Academy,16,St. Michael the Archangel,3
2026-09-17,Notre Dame (St. Louis),7,St. Pius X (Festus),22
2026-09-17,Cameron,10,St. Pius X (Kansas City),2
2026-09-17,King City with Union Star,3,Stanberry,0
2026-09-17,Northeast Nodaway,7,Stewartsville with Osborn,8
2026-09-17,Crocker,13,Stoutland,9
2026-09-17,Hermann with New Haven,0,Sullivan,12
2026-09-17,Norborne with Hardin-Central,20,"Tina-Avalon with Bosworth, Hale",12
2026-09-17,Francis Howell Central,0,Troy Buchanan,9
2026-09-17,Neelyville,4,Twin Rivers,8
2026-09-17,Hazelwood West,13,University City,3
2026-09-17,Mark Twain,13,Van-Far,7
2026-09-17,Newburg,1,Vienna,13
2026-09-17,Dadeville with Everton,18,Walnut Grove,3
2026-09-17,Nixa,3,Webb City,13
2026-09-17,Lathrop,14,West Platte,12
2026-09-17,Kickapoo,1,Willard,11
2026-09-17,Orchard Farm,1,Winfield,11
2026-09-17,Kearney,21,Winnetonka,0
2026-09-18,Notre Dame (Cape Girardeau),11,Blair Oaks,6
2026-09-18,Smithville,18,Boonville,0
2026-09-18,Boonville,10,Central (St. Joseph),2
2026-09-18,Smithville,15,Central (St. Joseph),0
2026-09-18,Harrisburg,10,Central (St. Joseph),4
2026-09-18,West Platte,3,Central (St. Joseph),0
2026-09-18,Capital City,2,Chaffee,1
2026-09-18,Fatima,0,Chaffee,8
2026-09-18,Hartville,2,Dadeville with Everton,9
2026-09-18,Fox,4,Farmington,5
2026-09-18,Capital City,6,Fatima,7
2026-09-18,Saxony Lutheran with St. Vincent,6,Fox,2
2026-09-18,Francis Howell North,2,Ft. Zumwalt West,1
2026-09-18,West Platte,2,Harrisburg,8
2026-09-18,Humansville,9,Hermitage,5
2026-09-18,Stoutland,6,Hermitage,1
2026-09-18,Notre Dame (Cape Girardeau),1,Hickman,13
2026-09-18,Blair Oaks,5,Hickman,6
2026-09-18,Washington,5,Hillsboro,3
2026-09-18,Stoutland,1,Humansville,6
2026-09-18,Northwest (Cedar Hill),4,Jackson,10
2026-09-18,Macon,8,Jefferson City,7
2026-09-18,Webster Groves,1,Kirkwood,5
2026-09-18,Valley Park,11,Ladue Horton Watkins,4
2026-09-18,Newburg,21,Laquey,3
2026-09-18,Grandview,22,Lincoln College Prep,5
2026-09-18,Ruskin,12,Lincoln College Prep,11
2026-09-18,South Harrison,8,Linn,5
2026-09-18,Novinger,9,Linn County,10
2026-09-18,Weaubleau,13,Macks Creek,3
2026-09-18,Father Tolton,10,Macon,9
2026-09-18,Jamestown,17,Madison,0
2026-09-18,Brashear,27,Meadville,16
2026-09-18,Wheatland,11,Montrose with Appleton City,2
2026-09-18,Rolla,6,North County,5
2026-09-18,Sullivan,3,North County,7
2026-09-18,Fort Osage,0,Park Hill,2
2026-09-18,Harrisburg,11,Park Hill,1
2026-09-18,William Chrisman,0,Park Hill South,15
2026-09-18,St. Teresa's Academy,17,Raytown South,2
2026-09-18,Holt,13,Ritenour,6
2026-09-18,Belton,2,Rock Bridge,5
2026-09-18,Sullivan,7,Rolla,8
2026-09-18,Ft. Zumwalt East,6,Seckman,9
2026-09-18,Liberty (Wentzville),2,Silex,7
2026-09-18,Linn,5,Southern Boone,6
2026-09-18,South Harrison,2,Southern Boone,3
2026-09-18,Richland,3,St. James,13
2026-09-18,Community,0,Sturgeon,2
2026-09-18,Winnetonka,19,University City,5
2026-09-18,Fort Osage,5,West Platte,1
2026-09-18,St. Joseph's Academy,0,Westminster Christian Academy,7
2026-09-18,Benton,11,William Chrisman,1
2026-09-18,Lutheran St. Charles with Veritas Christian Academy,1,Wright City,16
2026-09-19,Marquette,15,Belton,1
2026-09-19,Fort Osage,5,Benton,3
2026-09-19,Smithville,4,Benton,3
2026-09-19,Scotland County,13,Bevier,0
2026-09-19,North Shelby,24,Bevier,0
2026-09-19,Linn,7,Blair Oaks,3
2026-09-19,Park Hill,16,Boonville,1
2026-09-19,William Chrisman,2,Boonville,12
2026-09-19,Higbee,5,"Brunswick with Keytesville, Northwestern (Mendon)",2
2026-09-19,Norborne with Hardin-Central,1,"Brunswick with Keytesville, Northwestern (Mendon)",16
2026-09-19,Harrisburg,10,Central (St. Joseph),3
2026-09-19,Father Tolton,3,Chaffee,22
2026-09-19,Harrisonville,15,Clinton,4
2026-09-19,Richmond,17,Clinton,2
2026-09-19,Northeast (Cairo),15,Community,4
2026-09-19,La Plata,0,Community,14
2026-09-19,Centralia,4,Doniphan,1
2026-09-19,Sherwood,2,Excelsior Springs,18
2026-09-19,Glasgow,0,Fayette,4
2026-09-19,Battle,0,Fayette,6
2026-09-19,Holt,3,Francis Howell Central,13
2026-09-19,Jackson,8,Francis Howell Central,5
2026-09-19,St. Charles West with St. Charles,10,Ft. Zumwalt South,9
2026-09-19,Lutheran St. Charles with Veritas Christian Academy,7,Ft. Zumwalt South,22
2026-09-19,Glasgow,11,Fulton,7
2026-09-19,Fayette,8,Fulton,6
2026-09-19,Pilot Grove,10,Fulton,12
2026-09-19,Winfield,10,Hannibal,0
2026-09-19,Incarnate Word Academy,6,Hannibal,2
2026-09-19,St. Joseph's Academy,6,Hannibal,2
2026-09-19,Richmond,8,Harrisonville,7
2026-09-19,North Point,0,Helias Catholic,3
2026-09-19,Macks Creek,6,Hermitage,13
2026-09-19,Norborne with Hardin-Central,6,Higbee,16
2026-09-19,Kirkwood,3,Hillsboro,1
2026-09-19,Webster Groves,6,Hillsboro,7
2026-09-19,Wheatland,14,Humansville,2
2026-09-19,Holt,3,Jackson,13
2026-09-19,Notre Dame (Cape Girardeau),14,Jefferson City,10
2026-09-19,Washington,12,Kirkwood,2
2026-09-19,Marion County,0,Knox County,15
2026-09-19,Scotland County,4,Knox County,3
2026-09-19,Marceline,15,La Plata,1
2026-09-19,Excelsior Springs,10,Lawson,0
2026-09-19,Sherwood,3,Lawson,16
2026-09-19,University City,19,Lincoln College Prep,1
2026-09-19,Ft. Zumwalt East,9,Lutheran St. Charles with Veritas Christian Academy,4
2026-09-19,Fatima,8,Macon,4
2026-09-19,Mark Twain,14,Marion County,4
2026-09-19,Van-Far,6,Mark Twain,7
2026-09-19,Kirksville,16,Marshall,0
2026-09-19,McDonald County,2,Marshfield,1
2026-09-19,North Callaway,7,Moberly,3
2026-09-19,Putnam County,1,Moberly,2
2026-09-19,Palmyra,2,Moberly,8
2026-09-19,Macks Creek,9,Montrose with Appleton City,3
2026-09-19,Northeast (Cairo),1,North Callaway,7
2026-09-19,Marceline,5,North Callaway,3
2026-09-19,Rolla,1,North County,4
2026-09-19,Van-Far,2,North Shelby,12
2026-09-19,Vienna,5,Owensville,6
2026-09-19,Pacific,6,Owensville,5
2026-09-19,Vienna,3,Pacific,0
2026-09-19,Community,7,Palmyra,8
2026-09-19,Marceline,15,Palmyra,0
2026-09-19,Knox County,8,Paris,10
2026-09-19,Mark Twain,3,Paris,4
2026-09-19,North Shelby,2,Paris,0
2026-09-19,William Chrisman,3,Park Hill,18
2026-09-19,Harrisburg,0,Park Hill South,4
2026-09-19,West Platte,2,Park Hill South,6
2026-09-19,Battle,15,Pilot Grove,5
2026-09-19,Northeast (Cairo),12,Putnam County,8
2026-09-19,University City,11,Raytown South,3
2026-09-19,Belton,1,Rock Bridge,8
2026-09-19,Marquette,3,Rock Bridge,13
2026-09-19,Westminster Christian Academy,8,Rockwood Summit,7
2026-09-19,Wright City,7,Rockwood Summit,10
2026-09-19,St. Teresa's Academy,16,Ruskin,0
2026-09-19,Van-Far,13,Scotland County,6
2026-09-19,Wright City,4,Seckman,8
2026-09-19,Westminster Christian Academy,11,Seckman,10
2026-09-19,Pilot Grove,0,Slater with Malta Bend,10
2026-09-19,Battle,7,Slater with Malta Bend,6
2026-09-19,Glasgow,16,Slater with Malta Bend,1
2026-09-19,Fort Osage,3,Smithville,9
2026-09-19,Capital City,13,South Harrison,4
2026-09-19,Hickman,2,Southern Boone,12
2026-09-19,Ft. Zumwalt East,6,St. Charles West with St. Charles,8
2026-09-19,Weaubleau,7,Stoutland,16
2026-09-19,North Point,2,Troy Buchanan,8
2026-09-19,Helias Catholic,1,Troy Buchanan,6
2026-09-19,Washington,18,Webster Groves,2
2026-09-19,Weaubleau,2,Wheatland,11
2026-09-19,St. Joseph's Academy,0,Winfield,10
2026-09-21,Smith-Cotton,3,Battle,5
2026-09-21,St. Michael the Archangel,17,Bishop LeBlond,2
2026-09-21,Lee's Summit West,4,Blue Springs,3
2026-09-21,Orchard Farm,4,Bowling Green,12
2026-09-21,Carthage,5,Branson,6
2026-09-21,Highland,14,Canton,3
2026-09-21,Monett,0,Carl Junction,16
2026-09-21,Oak Park,5,Central (St. Joseph),7
2026-09-21,Monroe City,0,Centralia,15
2026-09-21,New Franklin,1,Community,9
2026-09-21,Norwood,2,East Carter,3
2026-09-21,Fayette,1,Eugene,3
2026-09-21,Walnut Grove,25,Fair Play,2
2026-09-21,Poplar Bluff,7,Farmington,12
2026-09-21,Hallsville with Christian Fellowship Sr.,10,Father Tolton,5
2026-09-21,Belton,4,Fort Osage,7
2026-09-21,St. Joseph's Academy,3,Fox,4
2026-09-21,Lafayette (Wildwood),17,Francis Howell Central,7
2026-09-21,Perryville,5,Fredericktown,9
2026-09-21,North Point,2,Ft. Zumwalt East,3
2026-09-21,Winfield,9,Ft. Zumwalt South,2
2026-09-21,California,15,Fulton,5
2026-09-21,Milan,0,Gallatin,18
2026-09-21,Paris,1,Glasgow,11
2026-09-21,Blue Springs South,4,Grain Valley,6
2026-09-21,Wheatland,2,Halfway,12
2026-09-21,Kirksville,11,Hannibal,4
2026-09-21,Lebanon,4,Hartville,10
2026-09-21,Camdenton,3,Helias Catholic,18
2026-09-21,Crocker,22,Hermitage,9
2026-09-21,Union,6,Hillsboro,18
2026-09-21,Climax Springs,0,Humansville,15
2026-09-21,Blair Oaks,4,Iberia,5
2026-09-21,Oakville,2,Incarnate Word Academy,1
2026-09-21,Seckman,3,Jackson,10
2026-09-21,Slater with Malta Bend,17,Jamestown,2
2026-09-21,Kelly,13,Jefferson (Festus),2
2026-09-21,Logan-Rogersville,3,Joplin,2
2026-09-21,Carrollton,20,Knob Noster,6
2026-09-21,South Harrison,13,Lathrop,0
2026-09-21,Park Hill,2,Lee's Summit North,0
2026-09-21,Harrisonville,9,Lone Jack,10
2026-09-21,Affton,1,Lutheran South,16
2026-09-21,South Shelby,0,Macon,10
2026-09-21,Mark Twain,16,Madison,1
2026-09-21,Aurora,0,Marshfield,11
2026-09-21,Stewartsville with Osborn,2,Maysville,3
2026-09-21,Linn County,18,Meadville,16
2026-09-21,Marshall,3,Mexico,11
2026-09-21,Chillicothe,18,Moberly,0
2026-09-21,Dadeville with Everton,16,Montrose with Appleton City,0
2026-09-21,Saxony Lutheran with St. Vincent,13,Neelyville,4
2026-09-21,Warrensburg,14,Nevada,0
2026-09-21,Linn,12,New Bloomfield,3
2026-09-21,Festus,1,North County,6
2026-09-21,Grandview,17,North Kansas City,8
2026-09-21,Savannah,12,North Platte,10
2026-09-21,Westran,0,North Shelby,10
2026-09-21,Kirkwood,0,Northwest (Cedar Hill),9
2026-09-21,Holden,8,Odessa,9
2026-09-21,Elsberry,10,Palmyra,5
2026-09-21,Liberty,15,Park Hill South,10
2026-09-21,Glendale,21,Parkview,1
2026-09-21,North Harrison,9,Penney,5
2026-09-21,East Buchanan,8,Polo,13
2026-09-21,Gilman City with Tri-County,1,Princeton,16
2026-09-21,Liberty North,10,Raymore-Peculiar,11
2026-09-21,Stoutland,21,Richland,5
2026-09-21,Plattsburg,0,Richmond,21
2026-09-21,Francis Howell North,9,Ritenour,8
2026-09-21,West Plains,5,Rolla,11
2026-09-21,Osage,9,Russellville,2
2026-09-21,Marceline,11,Salisbury,6
2026-09-21,Putnam County,4,Schuyler County,2
2026-09-21,Clark County,3,Scotland County,0
2026-09-21,Notre Dame (Cape Girardeau),27,Sikeston,4
2026-09-21,Raytown South,2,Smithville,18
2026-09-21,Harrisburg,9,South Callaway,0
2026-09-21,Rockwood Summit,6,St. Dominic,1
2026-09-21,Chaffee,19,St. Pius X (Festus),3
2026-09-21,Lee's Summit,1,Staley,2
2026-09-21,Francis Howell,11,Sullivan,12
2026-09-21,Kearney,7,Summit Christian Academy,2
2026-09-21,Ft. Zumwalt West,2,Timberland,0
2026-09-21,Lawson,19,Trenton,7
2026-09-21,Eureka,2,Troy Buchanan,6
2026-09-21,Dixon,19,Tuscumbia,0
2026-09-21,Doniphan,16,Twin Rivers,0
2026-09-21,Pattonville,2,Valley Park,12
2026-09-21,Pacific,6,Washington,11
2026-09-21,Lindbergh,5,Webster Groves,3
2026-09-21,Pilot Grove,15,Wellsville-Middletown,0
2026-09-21,Cameron,2,West Platte,4
2026-09-21,Windsor (Imperial),6,Westminster Christian Academy,7
2026-09-21,Truman,20,William Chrisman,2
2026-09-21,Ruskin,6,Winnetonka,22
2026-09-21,Silex,6,Wright City,0
2026-09-22,North Harrison,6,Albany,7
2026-09-22,Cassville,7,Aurora,1
2026-09-22,Hancock,18,Bayless,5
2026-09-22,La Plata,10,Bevier,3
2026-09-22,Battle,1,Boonville,2
2026-09-22,Maysville,3,Brookfield,7
2026-09-22,Novinger,17,Bucklin with Macon County,7
2026-09-22,Hillcrest,0,Carl Junction,16
2026-09-22,Holden,3,Carrollton,6
2026-09-22,Farmington,21,Central (Cape Girardeau),5
2026-09-22,Fatima,1,Centralia,7
2026-09-22,Naylor,0,Chaffee,15
2026-09-22,Maryville,0,Chillicothe,15
2026-09-22,University City,9,Clayton,14
2026-09-22,Crocker,24,Climax Springs,8
2026-09-22,Newburg,31,Cuba,25
2026-09-22,Richland,1,Dixon,16
2026-09-22,Jamestown,1,Eldon,14
2026-09-22,Monroe City,1,Elsberry,10
2026-09-22,Parkway West,4,Eureka,11
2026-09-22,Francis Howell North,8,Francis Howell Central,7
2026-09-22,Washington,10,Ft. Zumwalt East,0
2026-09-22,Ft. Zumwalt South,11,Ft. Zumwalt North,9
2026-09-22,Troy Buchanan,6,Ft. Zumwalt West,2
2026-09-22,Oak Grove,14,Harrisonville,0
2026-09-22,Marshfield,9,Hartville,0
2026-09-22,Southern Boone,2,Helias Catholic,12
2026-09-22,Notre Dame (St. Louis),18,Herculaneum with Crystal City,14
2026-09-22,Union,17,Hermann with New Haven,0
2026-09-22,Rock Bridge,8,Hickman,9
2026-09-22,Hannibal,7,Highland,8
2026-09-22,DeSoto,2,Hillsboro,8
2026-09-22,St. Elizabeth,7,Iberia,3
2026-09-22,Poplar Bluff,1,Jackson,14
2026-09-22,Stewartsville with Osborn,7,Jefferson (Conception) with South Nodaway,5
2026-09-22,Twin Rivers,6,Kelly,7
2026-09-22,Neosho,5,Kickapoo,12
2026-09-22,Parkway North with Principia,0,Kirkwood,18
2026-09-22,Pattonville,8,Ladue Horton Watkins,5
2026-09-22,St. Pius X (Kansas City),0,Lawson,10
2026-09-22,Willard,17,Lebanon,1
2026-09-22,Raymore-Peculiar,4,Lee's Summit,9
2026-09-22,Lafayette County,6,Lexington,4
2026-09-22,Lee's Summit North,0,Liberty,4
2026-09-22,Francis Howell,3,Liberty (Wentzville),0
2026-09-22,Lee's Summit West,1,Liberty North,4
2026-09-22,Fox,1,Lindbergh,6
2026-09-22,Russellville,3,Linn,11
2026-09-22,Clopton,10,Louisiana,4
2026-09-22,Humansville,3,Macks Creek,13
2026-09-22,Wright City,6,Mark Twain,3
2026-09-22,Incarnate Word Academy,1,Marquette,2
2026-09-22,Hazelwood West,15,Mehlville,3
2026-09-22,Moberly,4,Mexico,9
2026-09-22,Marceline,19,Milan,1
2026-09-22,McDonald County,11,Monett,1
2026-09-22,Van-Far,0,Montgomery County,10
2026-09-22,Summit Christian Academy,18,Montrose with Appleton City,5
2026-09-22,Glasgow,12,New Franklin,6
2026-09-22,Joplin,12,Nixa,8
2026-09-22,Princeton,13,North Andrew,9
2026-09-22,California,0,North Callaway,10
2026-09-22,Central (St. Joseph),20,North Kansas City,0
2026-09-22,Timberland,10,North Point,0
2026-09-22,Marion County,2,North Shelby,17
2026-09-22,Plattsburg,8,Northeast Nodaway,18
2026-09-22,Park Hill South,11,Oak Park,0
2026-09-22,Clinton,4,Odessa,14
2026-09-22,St. Charles West with St. Charles,5,Orchard Farm,6
2026-09-22,Blair Oaks,1,Osage,4
2026-09-22,Webb City,7,Ozark,2
2026-09-22,St. James,3,Pacific,8
2026-09-22,Scotland County,3,Paris,5
2026-09-22,Platte County,2,Park Hill,3
2026-09-22,Dadeville with Everton,19,Parkview,0
2026-09-22,Stanberry,10,"Pattonsburg with North Daviess, Winston",3
2026-09-22,North County,24,Perryville,2
2026-09-22,Higbee,4,Pilot Grove,5
2026-09-22,Warrensburg,3,Pleasant Hill,10
2026-09-22,Gallatin,1,Putnam County,2
2026-09-22,Belton,21,Raytown,0
2026-09-22,Knob Noster,0,Richmond,16
2026-09-22,Affton,5,Ritenour,6
2026-09-22,Schuyler County,1,Salisbury,11
2026-09-22,Northwest (Cedar Hill),8,Seckman,9
2026-09-22,Nevada,0,Seneca,15
2026-09-22,Raytown South,0,Sherwood,15
2026-09-22,Neelyville,3,Sikeston,1
2026-09-22,Bowling Green,1,Silex,13
2026-09-22,Madison,2,Slater with Malta Bend,4
2026-09-22,Trenton,1,South Harrison,12
2026-09-22,Palmyra,14,South Shelby,2
2026-09-22,Cor Jesu Academy,14,St. Joseph's Academy,2
2026-09-22,Lone Jack,6,St. Michael the Archangel,7
2026-09-22,Metro,1,St. Pius X (Festus),11
2026-09-22,Lincoln College Prep,0,St. Teresa's Academy,16
2026-09-22,Northeast (Cairo),9,Sturgeon,5
2026-09-22,Owensville,3,Sullivan,13
2026-09-22,St. Dominic,16,Ursuline Academy,0
2026-09-22,Holt,7,Warrenton,8
2026-09-22,Carthage,16,Waynesville,1
2026-09-22,Bolivar,8,West Plains,3
2026-09-22,Webster Groves,1,Westminster Christian Academy,11
2026-09-22,Hermitage,0,Wheatland,8
2026-09-22,St. Francis Borgia,0,Windsor (Imperial),13
2026-09-23,Helias Catholic,8,Battle,1
2026-09-23,Blue Springs,0,Blue Springs South,10
2026-09-23,Parkview,4,Bolivar,19
2026-09-23,Higbee,4,"Brunswick with Keytesville, Northwestern (Mendon)",13
2026-09-23,Kickapoo,19,Camdenton,2
2026-09-23,Macon,8,Canton,4
2026-09-23,Bowling Green,0,Capital City,10
2026-09-23,McCluer North,3,Clayton,14
2026-09-23,Silex,8,Community,4
2026-09-23,Laquey,3,Crocker,18
2026-09-23,Francis Howell,9,Eureka,5
2026-09-23,Notre Dame (Cape Girardeau),2,Festus,3
2026-09-23,Troy Buchanan,10,Francis Howell North,0
2026-09-23,William Chrisman,0,Grain Valley,15
2026-09-23,New Bloomfield,1,Harrisburg,16
2026-09-23,Lutheran St. Charles with Veritas Christian Academy,17,Hazelwood West,3
2026-09-23,Saxony Lutheran with St. Vincent,21,Herculaneum with Crystal City,3
2026-09-23,Hickman,16,Holt,2
2026-09-23,Ladue Horton Watkins,1,Incarnate Word Academy,13
2026-09-23,Raytown South,0,Kearney,15
2026-09-23,Southern Boone,9,Kirksville,1
2026-09-23,Ursuline Academy,5,Kirkwood,16
2026-09-23,Logan-Rogersville,13,Lebanon,1
2026-09-23,Van-Far,11,Louisiana,3
2026-09-23,Jefferson (Festus),4,Lutheran South,3
2026-09-23,Lindbergh,11,Marquette,1
2026-09-23,East Buchanan,17,Maryville,7
2026-09-23,Mehlville,20,Metro,2
2026-09-23,Branson,12,Monett,10
2026-09-23,Hillsboro,3,North County,7
2026-09-23,King City with Union Star,9,North Platte,2
2026-09-23,Northwest (Cedar Hill),4,Pacific,9
2026-09-23,Oakville,3,Parkway West,0
2026-09-23,Benton,1,Pleasant Hill,6
2026-09-23,Sikeston,4,Poplar Bluff,19
2026-09-23,Gilman City with Tri-County,1,Princeton,16
2026-09-23,Lafayette County,8,Richmond,2
2026-09-23,Jefferson City,3,Rock Bridge,17
2026-09-23,Lafayette (Wildwood),9,Rockwood Summit,1
2026-09-23,Father Tolton,1,Smith-Cotton,3
2026-09-23,Savannah,8,Smithville,9
2026-09-23,Tuscumbia,3,South Callaway,12
2026-09-23,St. Francis Borgia,18,St. Clair,3
2026-09-23,Belton,10,St. Teresa's Academy,0
2026-09-23,Raymore-Peculiar,13,Staley,0
2026-09-23,Waynesville,14,Stoutland,8
2026-09-23,Fort Osage,5,Truman,2
2026-09-23,Parkway North with Principia,0,Valley Park,7
2026-09-23,St. Elizabeth,12,Vienna,3
2026-09-23,Fulton,2,Warrenton,3
2026-09-23,Parkway Central,4,Webster Groves,2
2026-09-23,North Callaway,17,Wellsville-Middletown,3
2026-09-23,St. Pius X (Kansas City),1,West Platte,11
2026-09-23,Windsor (Imperial),6,Westminster Christian Academy,7
2026-09-23,Grandview,8,Winnetonka,7
2026-09-23,Albany,5,Worth County,4
2026-09-24,Pattonville,19,Affton,6
2026-09-24,STEAM Academy,7,Bayless,20
2026-09-24,Ruskin,0,Belton,27
2026-09-24,Chillicothe,8,Benton,1
2026-09-24,Savannah,18,Bishop LeBlond,0
2026-09-24,Fatima,3,Blair Oaks,4
2026-09-24,Grain Valley,3,Blue Springs,1
2026-09-24,Lee's Summit,3,Blue Springs South,10
2026-09-24,Carl Junction,0,Bolivar,17
2026-09-24,West Plains,0,Branson,10
2026-09-24,Marion County,11,Bucklin with Macon County,13
2026-09-24,Hannibal,4,Canton,8
2026-09-24,Smith-Cotton,4,Capital City,9
2026-09-24,Lafayette County,10,Carrollton,9
2026-09-24,Neosho,10,Carthage,1
2026-09-24,Jefferson (Festus),14,Central (Cape Girardeau),7
2026-09-24,Park Hill,10,Central (St. Joseph),0
2026-09-24,Highland,15,Clark County,3
2026-09-24,Hermitage,21,Climax Springs,0
2026-09-24,Madison,0,Community,10
2026-09-24,Stewartsville with Osborn,7,DeKalb,17
2026-09-24,Windsor (Imperial),15,DeSoto,3
2026-09-24,West Platte,12,East Buchanan,1
2026-09-24,Louisiana,1,Elsberry,16
2026-09-24,Raytown,1,Fort Osage,11
2026-09-24,Ft. Zumwalt South,8,Ft. Zumwalt East,6
2026-09-24,North Point,13,Ft. Zumwalt North,14
2026-09-24,Liberty (Wentzville),2,Ft. Zumwalt West,12
2026-09-24,Eldon,12,Fulton,7
2026-09-24,Maysville,4,Gallatin,6
2026-09-24,"Mercer with Cainsville, Ridgeway",0,Gilman City with Tri-County,10
2026-09-24,Norborne with Hardin-Central,1,Glasgow,16
2026-09-24,California,9,Grandview,5
2026-09-24,La Plata,20,Green City,5
2026-09-24,Cuba,3,Hancock,17
2026-09-24,South Shelby,1,Harrisburg,16
2026-09-24,Clinton,7,Harrisonville,8
2026-09-24,Kirkwood,8,Hazelwood West,0
2026-09-24,Marshfield,20,Hillcrest,0
2026-09-24,Dixon,2,Iberia,6
2026-09-24,Notre Dame (Cape Girardeau),0,Jackson,5
2026-09-24,Albany,13,Jefferson (Conception) with South Nodaway,0
2026-09-24,Camdenton,0,Jefferson City,15
2026-09-24,St. Pius X (Festus),1,Kelly,10
2026-09-24,Worth County,1,King City with Union Star,2
2026-09-24,Holden,17,Knob Noster,0
2026-09-24,Westran,10,Knox County,8
2026-09-24,North Platte,6,Lathrop,13
2026-09-24,Waynesville,3,Lebanon,14
2026-09-24,Raymore-Peculiar,19,Lee's Summit West,9
2026-09-24,New Bloomfield,0,Lone Jack,11
2026-09-24,Palmyra,2,Macon,1
2026-09-24,Brookfield,0,Marceline,8
2026-09-24,Parkway Central,3,Marquette,8
2026-09-24,Excelsior Springs,18,Maryville,5
2026-09-24,Cassville,2,McDonald County,10
2026-09-24,Clayton,2,Mehlville,13
2026-09-24,Plattsburg,0,Mid-Buchanan,15
2026-09-24,Kirksville,4,Moberly,7
2026-09-24,Sherwood,9,Montrose with Appleton City,7
2026-09-24,Aurora,15,Nevada,0
2026-09-24,Crocker,11,Newburg,8
2026-09-24,Glendale,7,Nixa,9
2026-09-24,Montgomery County,3,North Callaway,0
2026-09-24,Fredericktown,4,North County,5
2026-09-24,North Andrew,10,North Harrison,1
2026-09-24,Stanberry,15,Northeast Nodaway,0
2026-09-24,Liberty,7,Oak Park,4
2026-09-24,Jamestown,2,Osage,4
2026-09-24,Kickapoo,7,Ozark,9
2026-09-24,North Kansas City,0,Park Hill South,17
2026-09-24,Ritenour,13,Parkway North with Principia,7
2026-09-24,St. Joseph's Academy,1,Parkway West,7
2026-09-24,Polo,1,"Pattonsburg with North Daviess, Winston",9
2026-09-24,Lawson,15,Penney,4
2026-09-24,Hancock,7,Perryville,6
2026-09-24,Cuba,0,Perryville,14
2026-09-24,William Chrisman,0,Platte County,17
2026-09-24,Odessa,3,Pleasant Hill,13
2026-09-24,"Braymer with Breckenridge, Southwest (Livingston County)",0,Princeton,15
2026-09-24,Laquey,2,Richland,17
2026-09-24,Lexington,0,Richmond,8
2026-09-24,Fayette,5,Russellville,8
2026-09-24,Northeast (Cairo),4,Salisbury,14
2026-09-24,Paris,3,Schuyler County,0
2026-09-24,North Shelby,6,Scotland County,1
2026-09-24,Farmington,9,Seckman,10
2026-09-24,Monett,9,Seneca,3
2026-09-24,Chaffee,21,Sikeston,0
2026-09-24,Clopton,0,Silex,10
2026-09-24,Truman,7,Smithville,4
2026-09-24,Eugene,21,South Callaway,3
2026-09-24,Putnam County,0,South Harrison,5
2026-09-24,Hallsville with Christian Fellowship Sr.,2,Southern Boone,11
2026-09-24,Pacific,12,St. Clair,0
2026-09-24,Cor Jesu Academy,5,St. Dominic,3
2026-09-24,California,4,St. Elizabeth,14
2026-09-24,Incarnate Word Academy,4,St. Francis Borgia,1
2026-09-24,Hermann with New Haven,17,St. James,14
2026-09-24,Winnetonka,0,St. Teresa's Academy,24
2026-09-24,Liberty North,1,Staley,9
2026-09-24,Macks Creek,2,Stoutland,12
2026-09-24,New Franklin,15,Sturgeon,9
2026-09-24,Lincoln College Prep,1,Summit Christian Academy,14
2026-09-24,Milan,0,Trenton,15
2026-09-24,Sullivan,12,Union,2
2026-09-24,Ladue Horton Watkins,11,University City,3
2026-09-24,Bowling Green,17,Van-Far,13
2026-09-24,Linn,7,Vienna,8
2026-09-24,Oak Grove,15,Warrensburg,0
2026-09-24,Orchard Farm,0,Warrenton,13
2026-09-24,Fair Play,0,Weaubleau,15
2026-09-24,Joplin,3,Webb City,10
2026-09-24,Mark Twain,21,Wellsville-Middletown,0
2026-09-24,Republic,4,Willard,5
2026-09-24,Holt,0,Winfield,7
2026-09-25,McDonald County,4,Belton,5
2026-09-25,Holden,2,Belton,16
2026-09-25,Bucklin with Macon County,2,Bevier,16
2026-09-25,Wright City,0,Centralia,12
2026-09-25,Neosho,1,Centralia,3
2026-09-25,Seckman,6,Cor Jesu Academy,12
2026-09-25,Macks Creek,1,Dadeville with Everton,11
2026-09-25,Halfway,1,East Carter,5
2026-09-25,Hartville,11,East Carter,0
2026-09-25,Weaubleau,2,East Carter,10
2026-09-25,Westminster Christian Academy,4,Eureka,2
2026-09-25,Liberty North,5,Fort Osage,2
2026-09-25,Warrensburg,3,Francis Howell Central,10
2026-09-25,Truman,8,Francis Howell Central,7
2026-09-25,Hickman,1,Ft. Zumwalt West,2
2026-09-25,Kearney,3,Grain Valley,8
2026-09-25,Hartville,2,Halfway,7
2026-09-25,Naylor,2,Halfway,9
2026-09-25,Norwood,9,Hartville,6
2026-09-25,Blue Springs South,4,Helias Catholic,9
2026-09-25,Walnut Grove,5,Hermitage,8
2026-09-25,McDonald County,22,Holden,8
2026-09-25,Warrenton,8,Holt,9
2026-09-25,Parkview,2,Humansville,12
2026-09-25,West Platte,2,Kearney,9
2026-09-25,Rockwood Summit,6,Kelly,9
2026-09-25,Webster Groves,3,Kelly,0
2026-09-25,Oak Grove,8,Lee's Summit,5
2026-09-25,Webb City,3,Lee's Summit,7
2026-09-25,Rock Bridge,6,Liberty,0
2026-09-25,Ft. Zumwalt North,5,Liberty (Wentzville),17
2026-09-25,Atlanta,22,Linn County,4
2026-09-25,Glendale,5,Logan-Rogersville,0
2026-09-25,Novinger,11,Meadville,7
2026-09-25,Oakville,17,Mehlville,0
2026-09-25,Valley Park,19,Metro,0
2026-09-25,Weaubleau,7,Naylor,14
2026-09-25,Norwood,1,Naylor,0
2026-09-25,Wright City,7,Neosho,13
2026-09-25,St. Charles West with St. Charles,7,North Point,1
2026-09-25,Pilot Grove,2,Northeast (Cairo),12
2026-09-25,Kirkwood,0,Northwest (Cedar Hill),9
2026-09-25,Weaubleau,5,Norwood,8
2026-09-25,Webb City,11,Oak Grove,1
2026-09-25,Iberia,7,Osage,5
2026-09-25,Lutheran South,2,Parkway Central,13
2026-09-25,Parkway West,19,Parkway North with Principia,1
2026-09-25,Marquette,9,Parkway South,0
2026-09-25,Notre Dame (Cape Girardeau),8,Rockwood Summit,4
2026-09-25,Washington,0,Timberland,9
2026-09-25,West Platte,0,Troy Buchanan,4
2026-09-25,Warrensburg,3,Truman,8
2026-09-25,St. Elizabeth,13,Tuscumbia,0
2026-09-25,Windsor (Imperial),6,Webster Groves,3
2026-09-25,Marshfield,15,Wheatland,3
2026-09-25,Smith-Cotton,3,Willard,0
2026-09-25,Notre Dame (Cape Girardeau),2,Windsor (Imperial),1
2026-09-26,Francis Howell Central,1,Belton,9
2026-09-26,Lee's Summit,2,Belton,1
2026-09-26,Higbee,2,"Brunswick with Keytesville, Northwestern (Mendon)",13
2026-09-26,"Tina-Avalon with Bosworth, Hale",0,"Brunswick with Keytesville, Northwestern (Mendon)",13
2026-09-26,Mark Twain,2,Canton,3
2026-09-26,North Shelby,10,Canton,1
2026-09-26,Jefferson City,7,Capital City,15
2026-09-26,Lee's Summit,2,Centralia,1
2026-09-26,Francis Howell Central,0,Centralia,15
2026-09-26,Platte County,0,Chillicothe,5
2026-09-26,Troy Buchanan,6,Clopton,7
2026-09-26,South Shelby,2,Community,8
2026-09-26,Mark Twain,6,Community,5
2026-09-26,Humansville,3,Crocker,18
2026-09-26,Lone Jack,2,Eldon,0
2026-09-26,California,3,Eldon,4
2026-09-26,Silex,3,Elsberry,4
2026-09-26,Monroe City,2,Elsberry,12
2026-09-26,Father Tolton,3,Fatima,7
2026-09-26,Iberia,5,Fatima,4
2026-09-26,St. Joseph's Academy,1,Festus,7
2026-09-26,Rock Bridge,7,Fort Osage,0
2026-09-26,Jackson,13,Fox,7
2026-09-26,New Bloomfield,18,Fulton,1
2026-09-26,Higbee,1,Glasgow,6
2026-09-26,New Bloomfield,11,Grandview,1
2026-09-26,Clopton,3,Hannibal,4
2026-09-26,Silex,7,Hannibal,0
2026-09-26,Moberly,8,Harrisburg,5
2026-09-26,North Callaway,3,Harrisburg,4
2026-09-26,St. James,12,Hermann with New Haven,10
2026-09-26,St. Pius X (Festus),12,Hermann with New Haven,11
2026-09-26,St. Clair,3,Hermann with New Haven,20
2026-09-26,Scotland County,0,Highland,11
2026-09-26,Wright City,2,Holden,3
2026-09-26,Oak Grove,14,Holden,1
2026-09-26,Vienna,0,Iberia,5
2026-09-26,Fort Osage,2,Kearney,1
2026-09-26,West Platte,0,Liberty,12
2026-09-26,Kearney,9,Liberty,4
2026-09-26,St. Elizabeth,10,Lone Jack,1
2026-09-26,Monroe City,9,Louisiana,1
2026-09-26,Troy Buchanan,10,Louisiana,7
2026-09-26,Highland,11,Macon,8
2026-09-26,Scotland County,6,Macon,8
2026-09-26,Sturgeon,1,Mark Twain,2
2026-09-26,Truman,4,McDonald County,8
2026-09-26,Webb City,10,McDonald County,5
2026-09-26,Palmyra,3,Mexico,8
2026-09-26,Montgomery County,3,Mexico,4
2026-09-26,North Callaway,5,Moberly,2
2026-09-26,Hannibal,2,Monroe City,12
2026-09-26,Lutheran South,3,Neelyville,6
2026-09-26,Windsor (Imperial),8,Neelyville,1
2026-09-26,Sturgeon,3,North Shelby,7
2026-09-26,Salisbury,0,North Shelby,5
2026-09-26,Warrensburg,2,Oak Grove,7
2026-09-26,Russellville,7,Owensville,2
2026-09-26,Eugene,12,Owensville,5
2026-09-26,Montgomery County,3,Palmyra,5
2026-09-26,Community,0,Paris,4
2026-09-26,Canton,2,Paris,5
2026-09-26,Salisbury,6,Paris,0
2026-09-26,Jackson,4,Parkway South,5
2026-09-26,Fox,16,Parkway South,13
2026-09-26,Humansville,7,Richland,15
2026-09-26,Crocker,20,Richland,2
2026-09-26,Lutheran South,1,Rockwood Summit,5
2026-09-26,Windsor (Imperial),8,Rockwood Summit,4
2026-09-26,South Shelby,0,Salisbury,17
2026-09-26,"Brunswick with Keytesville, Northwestern (Mendon)",2,Slater with Malta Bend,5
2026-09-26,"Tina-Avalon with Bosworth, Hale",1,Slater with Malta Bend,17
2026-09-26,Glasgow,4,Slater with Malta Bend,7
2026-09-26,Chillicothe,10,Smith-Cotton,0
2026-09-26,Platte County,11,Smith-Cotton,2
2026-09-26,St. Pius X (Festus),2,South Callaway,13
2026-09-26,Dixon,6,South Callaway,9
2026-09-26,Jefferson (Festus),10,South Callaway,6
2026-09-26,Jefferson (Festus),10,St. Clair,0
2026-09-26,Dixon,11,St. James,2
2026-09-26,Jefferson (Festus),4,St. James,0
2026-09-26,Liberty North,5,Troy Buchanan,4
2026-09-26,Neosho,4,Truman,2
2026-09-26,Father Tolton,5,Vienna,6
2026-09-26,Wright City,7,Warrensburg,9
2026-09-26,Russellville,5,Waynesville,2
2026-09-26,Eugene,11,Waynesville,0
2026-09-26,Neosho,12,Webb City,13
2026-09-26,Rock Bridge,5,West Platte,1
2026-09-28,Putnam County,3,Albany,1
2026-09-28,Green City,13,Atlanta,14
2026-09-28,Lee's Summit West,3,Blue Springs South,17
2026-09-28,Ozark,5,Branson,1
2026-09-28,Gilman City with Tri-County,9,"Braymer with Breckenridge, Southwest (Livingston County)",2
2026-09-28,Lafayette County,2,Brookfield,4
2026-09-28,Linn County,0,"Brunswick with Keytesville, Northwestern (Mendon)",10
2026-09-28,Camdenton,0,Capital City,15
2026-09-28,Carthage,7,Carl Junction,5
2026-09-28,Smithville,14,Central (St. Joseph),0
2026-09-28,Princeton,0,Chillicothe,10
2026-09-28,Canton,2,Clark County,12
2026-09-28,Metro,9,Clayton,25
2026-09-28,Hermann with New Haven,28,Cuba,1
2026-09-28,Northeast Nodaway,3,East Buchanan,4
2026-09-28,Saxony Lutheran with St. Vincent,9,East Carter,4
2026-09-28,Owensville,2,Eldon,4
2026-09-28,Richmond,3,Excelsior Springs,1
2026-09-28,Jamestown,0,Father Tolton,1
2026-09-28,Northeast (Cairo),1,Fayette,5
2026-09-28,Seckman,2,Fox,3
2026-09-28,Francis Howell Central,11,Ft. Zumwalt South,12
2026-09-28,St. Dominic,0,Ft. Zumwalt West,12
2026-09-28,Lawson,5,Gallatin,0
2026-09-28,Higbee,0,Glasgow,10
2026-09-28,Fort Osage,0,Grain Valley,7
2026-09-28,Ruskin,1,Grandview,21
2026-09-28,Hartville,2,Halfway,8
2026-09-28,Osage,10,Hallsville with Christian Fellowship Sr.,6
2026-09-28,Ursuline Academy,9,Hancock,10
2026-09-28,University City,7,Hancock,17
2026-09-28,Moberly,6,Hannibal,5
2026-09-28,Smith-Cotton,2,Hickman,18
2026-09-28,Liberty (Wentzville),17,Holt,10
2026-09-28,Walnut Grove,4,Humansville,14
2026-09-28,Newburg,1,Iberia,16
2026-09-28,Sikeston,0,Jackson,17
2026-09-28,Hillsboro,12,Jefferson (Festus),2
2026-09-28,Union,8,Jefferson City,14
2026-09-28,Poplar Bluff,0,Kelly,11
2026-09-28,Clinton,2,Knob Noster,1
2026-09-28,Salisbury,14,Knox County,0
2026-09-28,Parkway Central,7,Lafayette (Wildwood),1
2026-09-28,Blue Springs,3,Lee's Summit,5
2026-09-28,Kearney,1,Liberty North,11
2026-09-28,Parkway West,4,Lindbergh,3
2026-09-28,Harrisburg,10,Linn,0
2026-09-28,Republic,6,Logan-Rogersville,7
2026-09-28,Sherwood,2,Lone Jack,12
2026-09-28,Westminster Christian Academy,17,Lutheran South,0
2026-09-28,Northwest (Cedar Hill),13,Lutheran St. Charles with Veritas Christian Academy,2
2026-09-28,Westran,6,Macon,13
2026-09-28,Paris,16,Madison,6
2026-09-28,Community,3,Mark Twain,18
2026-09-28,Francis Howell,0,Marquette,1
2026-09-28,Boonville,11,Marshall,0
2026-09-28,Worth County,17,Maryville,0
2026-09-28,King City with Union Star,3,Maysville,4
2026-09-28,Willard,17,McDonald County,3
2026-09-28,Kirksville,6,Mexico,9
2026-09-28,Joplin,10,Monett,0
2026-09-28,Warrenton,0,Montgomery County,8
2026-09-28,Wheatland,14,Montrose with Appleton City,5
2026-09-28,Stoutland,0,Naylor,5
2026-09-28,Chaffee,16,Neelyville,0
2026-09-28,Eugene,12,New Bloomfield,3
2026-09-28,Liberty,20,North Kansas City,2
2026-09-28,South Harrison,14,North Platte,4
2026-09-28,Francis Howell North,9,North Point,0
2026-09-28,Schuyler County,0,North Shelby,8
2026-09-28,Stoutland,14,Norwood,10
2026-09-28,Affton,6,Notre Dame (St. Louis),17
2026-09-28,St. Michael the Archangel,4,Oak Grove,13
2026-09-28,Lee's Summit North,6,Oak Park,7
2026-09-28,Kirkwood,3,Oakville,2
2026-09-28,St. Pius X (Kansas City),0,Odessa,6
2026-09-28,St. Francis Borgia,11,Pacific,0
2026-09-28,Highland,16,Palmyra,5
2026-09-28,Park Hill South,0,Park Hill,11
2026-09-28,Festus,22,Perryville,1
2026-09-28,Staley,3,Raymore-Peculiar,9
2026-09-28,Raytown South,0,Raytown,15
2026-09-28,Crocker,18,Richland,3
2026-09-28,St. Charles West with St. Charles,8,Ritenour,10
2026-09-28,Sullivan,7,Rolla,2
2026-09-28,North Andrew,2,Savannah,17
2026-09-28,Elsberry,4,Silex,6
2026-09-28,"Tina-Avalon with Bosworth, Hale",0,Slater with Malta Bend,10
2026-09-28,Russellville,12,South Callaway,1
2026-09-28,Centralia,20,South Shelby,0
2026-09-28,St. James,5,St. Clair,4
2026-09-28,Pattonville,0,St. Joseph's Academy,15
2026-09-28,Jefferson (Conception) with South Nodaway,3,Stanberry,10
2026-09-28,"Pattonsburg with North Daviess, Winston",13,Stewartsville with Osborn,3
2026-09-28,Harrisonville,2,Summit Christian Academy,12
2026-09-28,Platte County,9,Truman,0
2026-09-28,Vienna,12,Tuscumbia,1
2026-09-28,Bayless,1,Valley Park,13
2026-09-28,Wellsville-Middletown,9,Van-Far,19
2026-09-28,Parkview,2,Weaubleau,12
2026-09-28,Rockwood Summit,4,Webster Groves,5
2026-09-28,Belton,20,William Chrisman,0
2026-09-28,Farmington,6,Windsor (Imperial),10
2026-09-29,Monett,0,Aurora,5
2026-09-29,Metro,1,Bayless,9
2026-09-29,Truman,6,Belton,17
2026-09-29,Meadville,17,Bevier,14
2026-09-29,Liberty North,9,Blue Springs,5
2026-09-29,Staley,0,Blue Springs South,15
2026-09-29,Wright City,8,Bowling Green,9
2026-09-29,Bolivar,5,Branson,0
2026-09-29,Gallatin,5,Brookfield,6
2026-09-29,Glasgow,7,"Brunswick with Keytesville, Northwestern (Mendon)",2
2026-09-29,Brashear,13,Bucklin with Macon County,2
2026-09-29,Blair Oaks,5,California,6
2026-09-29,Marion County,0,Canton,10
2026-09-29,Knob Noster,1,Carrollton,8
2026-09-29,Nevada,0,Cassville,15
2026-09-29,Chillicothe,15,Centralia,4
2026-09-29,Kirkwood,12,Clayton,0
2026-09-29,Osage,9,Crocker,0
2026-09-29,Vienna,16,Cuba,0
2026-09-29,Mexico,3,Elsberry,6
2026-09-29,Camdenton,0,Eugene,10
2026-09-29,Parkway South,0,Eureka,12
2026-09-29,Climax Springs,23,Fair Play,9
2026-09-29,Kelly,12,Farmington,2
2026-09-29,Boonville,0,Father Tolton,2
2026-09-29,New Bloomfield,0,Fatima,10
2026-09-29,Troy Buchanan,2,Francis Howell,0
2026-09-29,Liberty (Wentzville),16,Francis Howell Central,4
2026-09-29,Ft. Zumwalt West,1,Francis Howell North,6
2026-09-29,Ft. Zumwalt North,16,Ft. Zumwalt East,0
2026-09-29,Timberland,14,Ft. Zumwalt South,1
2026-09-29,Hallsville with Christian Fellowship Sr.,7,Fulton,2
2026-09-29,Grundy County with Newtown-Harris,2,Gilman City with Tri-County,17
2026-09-29,Lebanon,4,Glendale,14
2026-09-29,Warrensburg,17,Harrisonville,4
2026-09-29,Rock Bridge,5,Helias Catholic,2
2026-09-29,Windsor (Imperial),11,Herculaneum with Crystal City,0
2026-09-29,Halfway,13,Hermitage,0
2026-09-29,Atlanta,12,Higbee,10
2026-09-29,Macon,2,Highland,12
2026-09-29,Cor Jesu Academy,14,Hillsboro,4
2026-09-29,St. Charles West with St. Charles,3,Holt,12
2026-09-29,Tuscumbia,16,Humansville,6
2026-09-29,Battle,10,Jefferson City,7
2026-09-29,Willard,11,Joplin,7
2026-09-29,Ruskin,0,Kearney,15
2026-09-29,Nixa,12,Kickapoo,9
2026-09-29,Stewartsville with Osborn,0,King City with Union Star,15
2026-09-29,Palmyra,2,Kirksville,10
2026-09-29,Mehlville,5,Ladue Horton Watkins,11
2026-09-29,Richmond,0,Lafayette County,1
2026-09-29,Central (St. Joseph),0,Lee's Summit North,15
2026-09-29,Lee's Summit,12,Lee's Summit West,8
2026-09-29,Notre Dame de Sion,37,Lincoln College Prep,15
2026-09-29,Hillcrest,1,Logan-Rogersville,18
2026-09-29,North Callaway,16,Louisiana,0
2026-09-29,St. Pius X (Festus),1,Lutheran South,11
2026-09-29,Dixon,12,Macks Creek,5
2026-09-29,Pilot Grove,14,Madison,3
2026-09-29,Trenton,0,Marceline,11
2026-09-29,Clopton,5,Mark Twain,3
2026-09-29,STEAM Academy,5,McCluer North,18
2026-09-29,"Pattonsburg with North Daviess, Winston",12,"Mercer with Cainsville, Ridgeway",1
2026-09-29,Community,1,Monroe City,2
2026-09-29,Wellsville-Middletown,0,Montgomery County,16
2026-09-29,Webb City,13,Neosho,2
2026-09-29,North Shelby,11,New Franklin,0
2026-09-29,"Braymer with Breckenridge, Southwest (Livingston County)",23,Norborne with Hardin-Central,16
2026-09-29,Neelyville,0,North County,9
2026-09-29,Moberly,5,Northeast (Cairo),2
2026-09-29,Central (Cape Girardeau),0,Notre Dame (Cape Girardeau),10
2026-09-29,La Plata,10,Novinger,0
2026-09-29,Odessa,0,Oak Grove,3
2026-09-29,Northwest (Cedar Hill),3,Oakville,2
2026-09-29,St. James,0,Owensville,15
2026-09-29,Hermann with New Haven,10,Pacific,14
2026-09-29,Fayette,4,Paris,5
2026-09-29,Affton,18,Parkway North with Principia,13
2026-09-29,Fox,6,Parkway West,10
2026-09-29,University City,11,Pattonville,21
2026-09-29,Penney,17,Plattsburg,0
2026-09-29,Clinton,0,Pleasant Hill,15
2026-09-29,Milan,1,Putnam County,15
2026-09-29,William Chrisman,1,Raytown,11
2026-09-29,Grandview,20,Raytown South,5
2026-09-29,Carthage,10,Republic,6
2026-09-29,Hazelwood West,8,Ritenour,10
2026-09-29,Perryville,6,Saxony Lutheran with St. Vincent,2
2026-09-29,Scotland County,4,Schuyler County,3
2026-09-29,Webster Groves,4,Seckman,5
2026-09-29,McDonald County,9,Seneca,5
2026-09-29,Fredericktown,17,Sikeston,4
2026-09-29,Winnetonka,0,Smithville,16
2026-09-29,Knox County,11,South Shelby,6
2026-09-29,Capital City,1,Southern Boone,3
2026-09-29,Marquette,2,St. Dominic,0
2026-09-29,Russellville,1,St. Elizabeth,11
2026-09-29,Incarnate Word Academy,5,St. Joseph's Academy,6
2026-09-29,St. Clair,0,Sullivan,10
2026-09-29,Naylor,0,Twin Rivers,10
2026-09-29,Silex,13,Van-Far,2
2026-09-29,Wheatland,21,Walnut Grove,8
2026-09-29,North Point,1,Washington,14
2026-09-29,Ozark,8,Waynesville,1
2026-09-29,Dadeville with Everton,9,Weaubleau,0
2026-09-29,Marshfield,15,West Plains,2
2026-09-29,Lutheran St. Charles with Veritas Christian Academy,0,Westminster Christian Academy,10
2026-09-29,Salisbury,15,Westran,6
2026-09-29,Warrenton,6,Winfield,7
2026-09-30,California,3,Boonville,8
2026-09-30,Rolla,2,Capital City,3
2026-09-30,Chaffee,23,Central (Cape Girardeau),3
2026-09-30,Park Hill South,10,Central (St. Joseph),3
2026-09-30,Parkview,20,Climax Springs,12
2026-09-30,St. Clair,2,DeSoto,17
2026-09-30,Stoutland,5,Dixon,12
2026-09-30,Highland,3,Elsberry,4
2026-09-30,South Callaway,2,Fayette,4
2026-09-30,Seckman,0,Festus,10
2026-09-30,Cuba,8,Hancock,23
2026-09-30,Louisiana,2,Hannibal,12
2026-09-30,New Franklin,0,Harrisburg,15
2026-09-30,Ft. Zumwalt East,13,Hazelwood West,1
2026-09-30,Hickman,3,Helias Catholic,13
2026-09-30,Farmington,17,Herculaneum with Crystal City,6
2026-09-30,Ft. Zumwalt North,6,Holt,2
2026-09-30,Linn,8,Iberia,4
2026-09-30,Notre Dame (St. Louis),0,Incarnate Word Academy,14
2026-09-30,Winnetonka,0,Kearney,15
2026-09-30,Westminster Christian Academy,4,Lafayette (Wildwood),7
2026-09-30,Holden,10,Lexington,6
2026-09-30,Blue Springs South,3,Liberty,5
2026-09-30,Grandview,18,Lincoln College Prep,8
2026-09-30,Eureka,6,Lindbergh,5
2026-09-30,Cameron,0,Marceline,11
2026-09-30,South Shelby,2,Mark Twain,17
2026-09-30,Ursuline Academy,1,Mehlville,7
2026-09-30,Fatima,0,North Callaway,2
2026-09-30,Valley Park,14,Orchard Farm,14
2026-09-30,Logan-Rogersville,5,Ozark,11
2026-09-30,Parkway South,4,Parkway Central,7
2026-09-30,Harrisonville,3,Pleasant Hill,15
2026-09-30,North Kansas City,1,Raytown,14
2026-09-30,Cor Jesu Academy,14,Rockwood Summit,10
2026-09-30,Excelsior Springs,1,Savannah,11
2026-09-30,Jefferson (Festus),2,Saxony Lutheran with St. Vincent,15
2026-09-30,Summit Christian Academy,5,Sherwood,2
2026-09-30,Clinton,1,Smith-Cotton,5
2026-09-30,Parkway North with Principia,3,St. Joseph's Academy,13
2026-09-30,St. Pius X (Kansas City),2,St. Michael the Archangel,10
2026-09-30,McCluer North,22,STEAM Academy,5
2026-09-30,St. Teresa's Academy,4,Truman,7
2026-09-30,Warrenton,14,Union,17
2026-09-30,Belton,11,Warrensburg,6
2026-09-30,St. Francis Borgia,4,Washington,8
2026-09-30,Hartville,9,West Plains,10
2026-09-30,Paris,19,Westran,2
2026-09-30,Oakville,0,Windsor (Imperial),8
2026-10-01,University City,8,Affton,11
2026-10-01,McCluer North,6,Bayless,13
2026-10-01,Webb City,12,Carthage,3
2026-10-01,Poplar Bluff,20,Central (Cape Girardeau),13
2026-10-01,Jackson,1,Chaffee,11
2026-10-01,Ritenour,18,Clayton,0
2026-10-01,Wright City,13,Clopton,4
2026-10-01,Notre Dame (St. Louis),0,Cor Jesu Academy,18
2026-10-01,Perryville,4,DeSoto,7
2026-10-01,Neelyville,0,Doniphan,11
2026-10-01,Hallsville with Christian Fellowship Sr.,1,Eldon,5
2026-10-01,St. Joseph's Academy,0,Eureka,10
2026-10-01,Jefferson (Festus),0,Festus,10
2026-10-01,Francis Howell North,0,Francis Howell,8
2026-10-01,Washington,16,Ft. Zumwalt North,0
2026-10-01,North Point,8,Ft. Zumwalt South,4
2026-10-01,Parkway North with Principia,1,Hazelwood West,3
2026-10-01,Sikeston,0,Kelly,19
2026-10-01,Waynesville,0,Kickapoo,15
2026-10-01,Ladue Horton Watkins,0,Kirkwood,10
2026-10-01,Marquette,0,Lafayette (Wildwood),10
2026-10-01,Parkview,19,Laquey,11
2026-10-01,Troy Buchanan,18,Liberty (Wentzville),3
2026-10-01,Raymore-Peculiar,8,Liberty North,3
2026-10-01,Ft. Zumwalt West,4,Lindbergh,2
2026-10-01,Pattonville,1,Mehlville,0
2026-10-01,Nevada,5,Monett,20
2026-10-01,Dixon,8,Newburg,0
2026-10-01,East Carter,2,North County,4
2026-10-01,Webster Groves,2,Northwest (Cedar Hill),9
2026-10-01,Clinton,0,Oak Grove,15
2026-10-01,Holt,5,Orchard Farm,4
2026-10-01,Rolla,15,Owensville,10
2026-10-01,Oakville,1,Parkway Central,13
2026-10-01,Parkway West,7,Parkway South,3
2026-10-01,West Platte,5,Penney,7
2026-10-01,East Buchanan,22,Plattsburg,7
2026-10-01,Smithville,19,Raytown South,0
2026-10-01,Marshall,3,Smith-Cotton,15
2026-10-01,Winfield,10,St. Charles West with St. Charles,0
2026-10-01,Union,2,St. Francis Borgia,5
2026-10-01,Fredericktown,16,St. Pius X (Festus),0
2026-10-01,Hartville,8,Stoutland,5
2026-10-01,Ft. Zumwalt East,0,Timberland,15
2026-10-01,Raytown,0,Truman,10
2026-10-01,Norwood,2,Twin Rivers,6
2026-10-01,Lutheran St. Charles with Veritas Christian Academy,10,Valley Park,13
2026-10-01,Richland,1,Vienna,12
2026-10-01,Neosho,8,Willard,2
2026-10-01,Pacific,6,Windsor (Imperial),7
2026-10-02,St. Teresa's Academy,5,Aurora,8
2026-10-02,Republic,2,Bolivar,3
2026-10-02,Battle,1,Bolivar,3
2026-10-02,Mark Twain,8,Bowling Green,11
2026-10-02,Branson,11,Camdenton,1
2026-10-02,St. Teresa's Academy,11,Camdenton,1
2026-10-02,Kickapoo,10,Carl Junction,8
2026-10-02,Sullivan,8,Carl Junction,7
2026-10-02,Lee's Summit North,3,Cassville,1
2026-10-02,Nixa,6,Cassville,3
2026-10-02,Blair Oaks,1,Chillicothe,8
2026-10-02,Savannah,1,Chillicothe,6
2026-10-02,Macks Creek,1,Dadeville with Everton,10
2026-10-02,Branson,1,Francis Howell,7
2026-10-02,Rockwood Summit,4,Francis Howell North,14
2026-10-02,Ft. Zumwalt North,5,Ft. Zumwalt East,15
2026-10-02,Francis Howell,15,Glendale,11
2026-10-02,Aurora,18,Glendale,5
2026-10-02,Notre Dame de Sion,3,Grandview,13
2026-10-02,Wheatland,9,Hermitage,5
2026-10-02,Incarnate Word Academy,6,Hickman,7
2026-10-02,Liberty (Wentzville),8,Hickman,3
2026-10-02,Weaubleau,7,Humansville,0
2026-10-02,Crocker,4,Iberia,9
2026-10-02,Liberty (Wentzville),5,Incarnate Word Academy,4
2026-10-02,Mexico,4,Jefferson City,3
2026-10-02,Oak Grove,15,Jefferson City,0
2026-10-02,Park Hill South,0,Joplin,17
2026-10-02,Marshfield,6,Joplin,4
2026-10-02,Sullivan,3,Kickapoo,4
2026-10-02,Linn County,5,La Plata,15
2026-10-02,Nixa,5,Lee's Summit North,4
2026-10-02,Capital City,3,Liberty,2
2026-10-02,Willard,0,Liberty,2
2026-10-02,Park Hill South,0,Marshfield,15
2026-10-02,Savannah,5,Mexico,1
2026-10-02,Halfway,10,Montrose with Appleton City,0
2026-10-02,Blair Oaks,1,Oak Grove,11
2026-10-02,Oak Park,1,Park Hill,9
2026-10-02,Rolla,4,Parkway Central,6
2026-10-02,West Plains,0,Parkway Central,17
2026-10-02,Battle,1,Republic,7
2026-10-02,West Plains,2,Rolla,18
2026-10-02,Ladue Horton Watkins,0,St. Charles West with St. Charles,15
2026-10-02,Timberland,12,St. Dominic,0
2026-10-02,St. Joseph's Academy,13,St. Pius X (Festus),0
2026-10-02,Stoutland,14,Tuscumbia,3
2026-10-02,Pattonville,8,Ursuline Academy,5
2026-10-02,Climax Springs,13,Walnut Grove,16
2026-10-02,Winfield,2,Warrenton,1
2026-10-02,Lutheran South,1,Webster Groves,11
2026-10-02,Capital City,0,Willard,9
2026-10-02,Lincoln College Prep,7,Winnetonka,22
2026-10-03,Maryville,0,Albany,16
2026-10-03,Gallatin,6,Albany,7
2026-10-03,Sturgeon,3,Atlanta,2
2026-10-03,South Shelby,15,Atlanta,13
2026-10-03,La Plata,12,Atlanta,2
2026-10-03,Capital City,12,Aurora,2
2026-10-03,Liberty,18,Aurora,2
2026-10-03,North Platte,2,Benton,18
2026-10-03,South Harrison,7,Benton,5
2026-10-03,Incarnate Word Academy,4,Blair Oaks,1
2026-10-03,Nixa,10,Bolivar,9
2026-10-03,Battle,6,Branson,4
2026-10-03,Scotland County,3,Brookfield,16
2026-10-03,Knox County,3,Brookfield,6
2026-10-03,Carl Junction,17,Camdenton,2
2026-10-03,Hillcrest,0,Camdenton,18
2026-10-03,Harrisburg,10,Canton,0
2026-10-03,St. Teresa's Academy,5,Carl Junction,11
2026-10-03,Sullivan,1,Cassville,8
2026-10-03,West Plains,1,Cassville,7
2026-10-03,Mid-Buchanan,7,Central (St. Joseph),2
2026-10-03,Odessa,8,Central (St. Joseph),4
2026-10-03,Eldon,0,Centralia,3
2026-10-03,Oak Grove,5,Chillicothe,1
2026-10-03,Mexico,3,Chillicothe,13
2026-10-03,Community,0,Clopton,1
2026-10-03,Madison,6,Clopton,22
2026-10-03,Madison,9,Community,19
2026-10-03,Wheatland,4,Dadeville with Everton,5
2026-10-03,Halfway,10,Dadeville with Everton,2
2026-10-03,Jefferson (Conception) with South Nodaway,9,DeKalb,6
2026-10-03,North Andrew,5,DeKalb,2
2026-10-03,Kelly,4,Doniphan,5
2026-10-03,Fredericktown,10,Doniphan,11
2026-10-03,Notre Dame (Cape Girardeau),9,Doniphan,9
2026-10-03,Silex,7,Eugene,2
2026-10-03,Vienna,6,Eugene,7
2026-10-03,New Bloomfield,0,Eugene,8
2026-10-03,Capital City,2,Francis Howell,6
2026-10-03,West Plains,3,Francis Howell,16
2026-10-03,Republic,1,Francis Howell,7
2026-10-03,Kelly,7,Fredericktown,8
2026-10-03,Notre Dame (Cape Girardeau),9,Fredericktown,4
2026-10-03,St. Elizabeth,14,Fulton,3
2026-10-03,Montgomery County,14,Fulton,6
2026-10-03,Marshfield,10,Glendale,0
2026-10-03,Parkway Central,6,Glendale,9
2026-10-03,Weaubleau,2,Halfway,7
2026-10-03,Knox County,4,Harrisburg,14
2026-10-03,St. James,7,Hermann with New Haven,11
2026-10-03,Mark Twain,14,Hermann with New Haven,4
2026-10-03,Macks Creek,6,Hermitage,4
2026-10-03,Liberty (Wentzville),14,Hickman,11
2026-10-03,Savannah,7,Hickman,6
2026-10-03,Macks Creek,12,Humansville,5
2026-10-03,Incarnate Word Academy,2,Jefferson (Conception) with South Nodaway,1
2026-10-03,North Andrew,8,Jefferson (Conception) with South Nodaway,5
2026-10-03,Incarnate Word Academy,2,Jefferson City,1
2026-10-03,Notre Dame (Cape Girardeau),0,Kelly,8
2026-10-03,Parkway Central,14,Kickapoo,8
2026-10-03,Park Hill South,0,Kickapoo,5
2026-10-03,Salisbury,13,La Plata,7
2026-10-03,Excelsior Springs,10,Lawson,8
2026-10-03,Bolivar,3,Lee's Summit North,12
2026-10-03,Cameron,16,Lexington,0
2026-10-03,Republic,0,Liberty,15
2026-10-03,Branson,2,Liberty,14
2026-10-03,Mexico,14,Liberty,5
2026-10-03,Cameron,15,Marshall,0
2026-10-03,Lexington,8,Marshall,14
2026-10-03,Nixa,7,Marshfield,3
2026-10-03,Rock Bridge,6,Marshfield,0
2026-10-03,Gallatin,15,Maryville,2
2026-10-03,Liberty (Wentzville),5,Mexico,14
2026-10-03,Savannah,5,Mexico,6
2026-10-03,Scotland County,5,Monroe City,15
2026-10-03,Schuyler County,1,Monroe City,11
2026-10-03,Harrisburg,3,Monroe City,2
2026-10-03,Vienna,5,Montgomery County,3
2026-10-03,Hermitage,9,Montrose with Appleton City,5
2026-10-03,Humansville,7,Montrose with Appleton City,5
2026-10-03,Rock Bridge,9,Nixa,4
2026-10-03,South Harrison,14,North Platte,0
2026-10-03,Liberty (Wentzville),1,Oak Grove,4
2026-10-03,North Kansas City,2,Oak Park,19
2026-10-03,Mid-Buchanan,13,Odessa,4
2026-10-03,Clark County,7,Palmyra,16
2026-10-03,Bolivar,9,Park Hill South,11
2026-10-03,Willard,0,Parkway Central,4
2026-10-03,Canton,5,Putnam County,0
2026-10-03,Knox County,3,Putnam County,1
2026-10-03,Branson,0,Rolla,5
2026-10-03,Republic,3,Rolla,4
2026-10-03,Sturgeon,4,Salisbury,14
2026-10-03,Brookfield,1,Schuyler County,7
2026-10-03,Canton,2,Schuyler County,9
2026-10-03,St. Elizabeth,4,Silex,3
2026-10-03,Silex,11,South Callaway,0
2026-10-03,New Bloomfield,2,South Callaway,6
2026-10-03,Montgomery County,16,South Callaway,6
2026-10-03,Sturgeon,11,South Shelby,12
2026-10-03,Vienna,0,St. Elizabeth,7
2026-10-03,Mark Twain,15,St. James,0
2026-10-03,St. Teresa's Academy,4,Sullivan,11
2026-10-03,La Plata,4,Trenton,7
2026-10-03,Salisbury,9,Trenton,4
2026-10-03,South Shelby,3,Trenton,15
2026-10-03,Weaubleau,3,Wheatland,8
2026-10-03,Battle,5,Willard,7
2026-10-05,Chillicothe,20,Bishop LeBlond,3
2026-10-05,McDonald County,11,Bolivar,12
2026-10-05,Lutheran St. Charles with Veritas Christian Academy,1,Bowling Green,11
2026-10-05,Nixa,6,Branson,7
2026-10-05,Atlanta,11,Brashear,8
2026-10-05,"Pattonsburg with North Daviess, Winston",12,"Braymer with Breckenridge, Southwest (Livingston County)",0
2026-10-05,Jamestown,0,California,8
2026-10-05,Richmond,7,Cameron,1
2026-10-05,Helias Catholic,1,Capital City,0
2026-10-05,Aurora,5,Cassville,4
2026-10-05,Liberty,15,Central (St. Joseph),0
2026-10-05,Wheatland,16,Climax Springs,0
2026-10-05,Montgomery County,2,Community,3
2026-10-05,Waynesville,10,Crocker,11
2026-10-05,Owensville,21,Cuba,9
2026-10-05,Maryville,4,DeKalb,14
2026-10-05,Hallsville with Christian Fellowship Sr.,1,Eldon,5
2026-10-05,Vienna,3,Eugene,4
2026-10-05,Francis Howell Central,0,Francis Howell,9
2026-10-05,Notre Dame (Cape Girardeau),1,Fredericktown,12
2026-10-05,Winfield,10,Ft. Zumwalt East,1
2026-10-05,Washington,13,Ft. Zumwalt South,2
2026-10-05,South Callaway,16,Fulton,12
2026-10-05,Trenton,4,Gallatin,3
2026-10-05,Hartville,6,Glendale,8
2026-10-05,Raytown,0,Grain Valley,15
2026-10-05,Truman,10,Grandview,0
2026-10-05,Weaubleau,4,Halfway,14
2026-10-05,Clayton,15,Hancock,14
2026-10-05,Ursuline Academy,6,Hazelwood West,8
2026-10-05,Perryville,16,Herculaneum with Crystal City,2
2026-10-05,Blair Oaks,3,Hickman,4
2026-10-05,Windsor (Imperial),9,Hillsboro,4
2026-10-05,Pattonville,0,Holt,15
2026-10-05,Union,1,Incarnate Word Academy,11
2026-10-05,Doniphan,5,Jackson,4
2026-10-05,Northeast (Cairo),16,La Plata,17
2026-10-05,Park Hill South,4,Lee's Summit North,12
2026-10-05,Francis Howell North,13,Liberty (Wentzville),0
2026-10-05,Blue Springs South,15,Liberty North,0
2026-10-05,Cor Jesu Academy,10,Lindbergh,7
2026-10-05,Pacific,3,Linn,15
2026-10-05,Bucklin with Macon County,23,Linn County,10
2026-10-05,Tuscumbia,2,Macks Creek,3
2026-10-05,Brookfield,8,Macon,1
2026-10-05,Van-Far,18,Marion County,4
2026-10-05,Westran,0,Mark Twain,14
2026-10-05,Elsberry,2,Marquette,10
2026-10-05,Clinton,8,Marshall,18
2026-10-05,South Harrison,10,Maysville,2
2026-10-05,Grundy County with Newtown-Harris,16,Meadville,14
2026-10-05,North Harrison,15,"Mercer with Cainsville, Ridgeway",4
2026-10-05,Harrisburg,13,Mexico,2
2026-10-05,Webb City,10,Monett,0
2026-10-05,Silex,7,Monroe City,6
2026-10-05,East Carter,4,Naylor,3
2026-10-05,Central (Cape Girardeau),3,Neelyville,13
2026-10-05,Carl Junction,5,Neosho,18
2026-10-05,Lone Jack,18,Nevada,0
2026-10-05,Boonville,11,New Franklin,6
2026-10-05,St. James,14,Newburg,4
2026-10-05,Centralia,6,North Callaway,0
2026-10-05,Sikeston,1,North County,14
2026-10-05,Park Hill,16,North Kansas City,0
2026-10-05,Mid-Buchanan,16,North Platte,2
2026-10-05,Warrenton,3,North Point,6
2026-10-05,Eureka,14,Northwest (Cedar Hill),0
2026-10-05,Mehlville,16,Notre Dame (St. Louis),6
2026-10-05,Knob Noster,17,Notre Dame de Sion,2
2026-10-05,Bevier,7,Novinger,17
2026-10-05,Festus,8,Oakville,1
2026-10-05,Warrensburg,7,Odessa,11
2026-10-05,Westminster Christian Academy,18,Orchard Farm,0
2026-10-05,Canton,4,Palmyra,5
2026-10-05,Knox County,5,Paris,13
2026-10-05,St. Dominic,3,Parkway South,6
2026-10-05,Ft. Zumwalt West,14,Parkway West,2
2026-10-05,West Platte,5,Penney,7
2026-10-05,Fayette,5,Pilot Grove,3
2026-10-05,Belton,2,Platte County,12
2026-10-05,Stewartsville with Osborn,16,Plattsburg,5
2026-10-05,Norborne with Hardin-Central,1,Polo,16
2026-10-05,West Plains,14,Poplar Bluff,16
2026-10-05,Kirksville,2,Princeton,3
2026-10-05,Highland,8,Putnam County,0
2026-10-05,Blue Springs,0,Raymore-Peculiar,11
2026-10-05,Osage,14,Richland,3
2026-10-05,Seckman,10,Rockwood Summit,5
2026-10-05,Raytown South,22,Ruskin,1
2026-10-05,Iberia,8,Russellville,6
2026-10-05,Milan,0,Scotland County,15
2026-10-05,Carrollton,9,Slater with Malta Bend,7
2026-10-05,Jefferson City,7,Smith-Cotton,16
2026-10-05,Kearney,9,Smithville,0
2026-10-05,North Shelby,19,South Shelby,0
2026-10-05,Father Tolton,4,Southern Boone,5
2026-10-05,St. Pius X (Festus),1,St. Charles West with St. Charles,13
2026-10-05,Excelsior Springs,11,St. Pius X (Kansas City),6
2026-10-05,Lee's Summit West,6,Staley,7
2026-10-05,King City with Union Star,3,Stanberry,0
2026-10-05,Laquey,1,Stoutland,13
2026-10-05,Ft. Zumwalt North,0,Timberland,16
2026-10-05,"Brunswick with Keytesville, Northwestern (Mendon)",17,"Tina-Avalon with Bosworth, Hale",0
2026-10-05,Kelly,11,Twin Rivers,3
2026-10-05,Lutheran South,3,Valley Park,4
2026-10-05,Parkview,12,Walnut Grove,23
2026-10-05,Sturgeon,16,Wellsville-Middletown,0
2026-10-05,Fort Osage,14,William Chrisman,0
2026-10-05,Oak Park,21,Winnetonka,2
2026-10-05,Northeast Nodaway,3,Worth County,13
2026-10-05,Hermann with New Haven,4,Wright City,14
2026-10-06,Valley Park,8,Bayless,6
2026-10-06,Raytown,0,Belton,14
2026-10-06,Madison,12,Bevier,9
2026-10-06,Northeast Nodaway,14,Bishop LeBlond,4
2026-10-06,Southern Boone,8,Blair Oaks,5
2026-10-06,Staley,3,Blue Springs,6
2026-10-06,Montrose with Appleton City,0,Bolivar,15
2026-10-06,Fulton,4,Boonville,12
2026-10-06,Clopton,16,Bowling Green,6
2026-10-06,Polo,6,"Braymer with Breckenridge, Southwest (Livingston County)",5
2026-10-06,Norborne with Hardin-Central,0,"Brunswick with Keytesville, Northwestern (Mendon)",10
2026-10-06,Atlanta,30,Bucklin with Macon County,14
2026-10-06,Rolla,13,Camdenton,3
2026-10-06,Benton,5,Cameron,3
2026-10-06,Lexington,14,Carrollton,7
2026-10-06,Hallsville with Christian Fellowship Sr.,0,Centralia,10
2026-10-06,Farmington,1,Chaffee,11
2026-10-06,South Harrison,0,Chillicothe,2
2026-10-06,Louisiana,6,Community,18
2026-10-06,Crocker,8,Dixon,5
2026-10-06,Naylor,0,Doniphan,5
2026-10-06,Incarnate Word Academy,1,Eureka,16
2026-10-06,Fredericktown,0,Festus,17
2026-10-06,Francis Howell Central,1,Francis Howell North,13
2026-10-06,King City with Union Star,10,Gallatin,1
2026-10-06,Sturgeon,2,Glasgow,10
2026-10-06,Kickapoo,12,Glendale,3
2026-10-06,Lee's Summit West,1,Grain Valley,16
2026-10-06,Smithville,18,Grandview,0
2026-10-06,Princeton,20,Grundy County with Newtown-Harris,0
2026-10-06,Notre Dame (St. Louis),22,Hancock,16
2026-10-06,Affton,0,Hazelwood West,10
2026-10-06,Hillsboro,17,Herculaneum with Crystal City,3
2026-10-06,Stoutland,3,Hermitage,4
2026-10-06,Brashear,2,Higbee,13
2026-10-06,South Shelby,0,Highland,10
2026-10-06,Branson,11,Hillcrest,1
2026-10-06,Fair Play,0,Humansville,15
2026-10-06,DeSoto,3,Jefferson (Festus),8
2026-10-06,Carthage,0,Joplin,1
2026-10-06,Excelsior Springs,0,Kearney,9
2026-10-06,Hannibal,0,Kirksville,10
2026-10-06,Lafayette County,19,Knob Noster,4
2026-10-06,Marceline,15,Knox County,0
2026-10-06,Westminster Christian Academy,3,Lafayette (Wildwood),4
2026-10-06,East Buchanan,1,Lathrop,12
2026-10-06,West Platte,6,Lawson,12
2026-10-06,Ozark,15,Lebanon,6
2026-10-06,Liberty North,12,Lee's Summit,7
2026-10-06,Park Hill South,6,Liberty,16
2026-10-06,Halfway,17,Macks Creek,2
2026-10-06,Clark County,3,Macon,4
2026-10-06,Logan-Rogersville,2,Marshfield,4
2026-10-06,Fayette,8,Moberly,5
2026-10-06,Cassville,19,Monett,4
2026-10-06,Palmyra,2,Monroe City,3
2026-10-06,Elsberry,1,Montgomery County,4
2026-10-06,Republic,3,Neosho,5
2026-10-06,McDonald County,18,Nevada,1
2026-10-06,Capital City,2,New Bloomfield,0
2026-10-06,Pilot Grove,4,New Franklin,6
2026-10-06,Climax Springs,5,Newburg,15
2026-10-06,Stewartsville with Osborn,0,North Andrew,15
2026-10-06,Mark Twain,1,North Callaway,5
2026-10-06,Ruskin,6,North Kansas City,21
2026-10-06,Battle,13,North Point,3
2026-10-06,Slater with Malta Bend,13,Northeast (Cairo),3
2026-10-06,Central (St. Joseph),4,Oak Park,8
2026-10-06,Summit Christian Academy,5,Odessa,8
2026-10-06,California,1,Osage,13
2026-10-06,Canton,1,Paris,5
2026-10-06,Lee's Summit North,2,Park Hill,1
2026-10-06,Parkway West,4,Parkway Central,5
2026-10-06,Clayton,5,Parkway North with Principia,18
2026-10-06,Northwest (Cedar Hill),4,Parkway South,8
2026-10-06,Kirkwood,15,Pattonville,4
2026-10-06,Mid-Buchanan,4,Penney,0
2026-10-06,North Platte,18,Plattsburg,0
2026-10-06,Oak Grove,4,Pleasant Hill,2
2026-10-06,Gilman City with Tri-County,4,Putnam County,9
2026-10-06,Blue Springs South,12,Raymore-Peculiar,7
2026-10-06,Iberia,14,Richland,1
2026-10-06,Holden,6,Richmond,2
2026-10-06,Ladue Horton Watkins,2,Ritenour,12
2026-10-06,Lutheran St. Charles with Veritas Christian Academy,0,Rockwood Summit,16
2026-10-06,Eldon,16,Russellville,9
2026-10-06,St. Pius X (Kansas City),0,Savannah,15
2026-10-06,Salisbury,14,Scotland County,5
2026-10-06,Oakville,0,Seckman,12
2026-10-06,Aurora,7,Seneca,2
2026-10-06,Wheatland,10,Sherwood,7
2026-10-06,East Carter,24,Sikeston,3
2026-10-06,Wellsville-Middletown,0,Silex,17
2026-10-06,Marshall,3,Smith-Cotton,15
2026-10-06,Owensville,7,South Callaway,4
2026-10-06,Warrenton,15,St. Charles West with St. Charles,4
2026-10-06,Eugene,0,St. Elizabeth,10
2026-10-06,St. Clair,18,St. Pius X (Festus),8
2026-10-06,St. Michael the Archangel,2,St. Teresa's Academy,4
2026-10-06,St. Francis Borgia,13,Sullivan,4
2026-10-06,Holt,2,Timberland,7
2026-10-06,North Harrison,0,Trenton,10
2026-10-06,Mehlville,18,University City,1
2026-10-06,St. Joseph's Academy,17,Ursuline Academy,5
2026-10-06,Wright City,15,Van-Far,0
2026-10-06,Clinton,5,Warrensburg,15
2026-10-06,Nixa,17,Waynesville,0
2026-10-06,Walnut Grove,2,Weaubleau,8
2026-10-06,Willard,9,Webb City,8
2026-10-06,Fox,0,Webster Groves,1
2026-10-06,Schuyler County,17,Westran,5
2026-10-06,Ft. Zumwalt North,0,Winfield,10
2026-10-06,Raytown South,4,Winnetonka,16
2026-10-06,Jefferson (Conception) with South Nodaway,3,Worth County,4
2026-10-06,"Pattonsburg with North Daviess, Winston",7,Worth County,11
2026-10-07,Bayless,14,Affton,9
2026-10-07,Park Hill South,1,Battle,6
2026-10-07,Fort Osage,4,Belton,5
2026-10-07,Bishop LeBlond,0,Benton,18
2026-10-07,Albany,1,Benton,11
2026-10-07,Raymore-Peculiar,9,Blue Springs South,7
2026-10-07,Neosho,18,Bolivar,6
2026-10-07,Parkview,5,Branson,9
2026-10-07,Hickman,13,Camdenton,2
2026-10-07,Lone Jack,2,Cameron,12
2026-10-07,Seneca,1,Cassville,6
2026-10-07,Saxony Lutheran with St. Vincent,16,Central (Cape Girardeau),0
2026-10-07,Monroe City,2,Clopton,0
2026-10-07,Webster Groves,2,Cor Jesu Academy,14
2026-10-07,Stewartsville with Osborn,9,East Buchanan,13
2026-10-07,Warrensburg,4,Excelsior Springs,8
2026-10-07,Helias Catholic,10,Fatima,0
2026-10-07,Incarnate Word Academy,3,Francis Howell,13
2026-10-07,Lafayette (Wildwood),6,Francis Howell North,1
2026-10-07,Chaffee,9,Fredericktown,4
2026-10-07,Lutheran St. Charles with Veritas Christian Academy,0,Ft. Zumwalt East,14
2026-10-07,Novinger,16,Grundy County with Newtown-Harris,1
2026-10-07,Mexico,18,Hannibal,2
2026-10-07,West Plains,16,Hillcrest,1
2026-10-07,Lafayette County,3,Holden,4
2026-10-07,Grandview,14,Humansville,9
2026-10-07,North County,2,Jackson,7
2026-10-07,Neelyville,7,Jefferson (Festus),8
2026-10-07,Lawson,5,Lathrop,10
2026-10-07,Aurora,13,Lebanon,6
2026-10-07,Staley,7,Lee's Summit,8
2026-10-07,St. Pius X (Kansas City),3,Lexington,0
2026-10-07,Kickapoo,16,Logan-Rogersville,0
2026-10-07,Parkway North with Principia,2,Lutheran South,17
2026-10-07,Macon,2,Marceline,14
2026-10-07,Louisiana,5,Mark Twain,15
2026-10-07,La Plata,13,Meadville,1
2026-10-07,West Platte,13,North Platte,6
2026-10-07,DeKalb,9,Northeast Nodaway,6
2026-10-07,Clinton,0,Oak Grove,15
2026-10-07,Lindbergh,10,Oakville,3
2026-10-07,Ladue Horton Watkins,2,Orchard Farm,17
2026-10-07,Glendale,1,Ozark,13
2026-10-07,St. Francis Borgia,2,Parkway West,12
2026-10-07,North Andrew,15,"Pattonsburg with North Daviess, Winston",5
2026-10-07,Hillsboro,20,Perryville,3
2026-10-07,Raytown,1,Platte County,20
2026-10-07,Joplin,6,Republic,3
2026-10-07,Ft. Zumwalt South,9,Rockwood Summit,12
2026-10-07,New Bloomfield,2,Russellville,12
2026-10-07,North Shelby,3,Salisbury,2
2026-10-07,Brookfield,1,Schuyler County,12
2026-10-07,Farmington,18,Sikeston,0
2026-10-07,Rock Bridge,12,Smith-Cotton,0
2026-10-07,Van-Far,9,South Callaway,12
2026-10-07,Jefferson City,5,Southern Boone,15
2026-10-07,Ritenour,0,St. Dominic,11
2026-10-07,Stoutland,11,St. James,4
2026-10-07,Kirkwood,0,St. Joseph's Academy,1
2026-10-07,Oak Park,17,St. Michael the Archangel,7
2026-10-07,Harrisburg,12,Sturgeon,0
2026-10-07,St. Teresa's Academy,4,Summit Christian Academy,10
2026-10-07,William Chrisman,0,Truman,10
2026-10-07,Washington,7,Warrenton,5
2026-10-07,Wheatland,12,Weaubleau,1
2026-10-07,Troy Buchanan,7,Westminster Christian Academy,3
2026-10-07,North Kansas City,0,Winnetonka,15
2026-10-08,Mehlville,6,Affton,9
2026-10-08,Kirksville,9,Battle,4
2026-10-08,Blue Springs South,9,Blue Springs,4
2026-10-08,Logan-Rogersville,7,Bolivar,9
2026-10-08,Eldon,2,Boonville,0
2026-10-08,Lone Jack,8,"Braymer with Breckenridge, Southwest (Livingston County)",0
2026-10-08,Salisbury,9,Brookfield,2
2026-10-08,Worth County,3,Cameron,2
2026-10-08,Scotland County,2,Canton,3
2026-10-08,West Plains,1,Carl Junction,12
2026-10-08,Willard,6,Carthage,1
2026-10-08,Naylor,10,Central (Cape Girardeau),1
2026-10-08,Palmyra,1,Centralia,17
2026-10-08,Blair Oaks,0,Chillicothe,9
2026-10-08,Hazelwood West,18,Clayton,0
2026-10-08,Odessa,15,Clinton,1
2026-10-08,Holt,1,Cor Jesu Academy,10
2026-10-08,St. James,9,Crocker,19
2026-10-08,North Platte,9,East Buchanan,4
2026-10-08,Twin Rivers,3,East Carter,8
2026-10-08,Mark Twain,4,Elsberry,5
2026-10-08,Fatima,10,Eugene,5
2026-10-08,Benton,2,Excelsior Springs,3
2026-10-08,Perryville,13,Farmington,6
2026-10-08,Truman,1,Fort Osage,6
2026-10-08,Parkway Central,11,Fox,4
2026-10-08,Marquette,6,Francis Howell,7
2026-10-08,Francis Howell North,18,Ft. Zumwalt North,0
2026-10-08,Warrenton,3,Ft. Zumwalt South,11
2026-10-08,Princeton,13,Gallatin,7
2026-10-08,Polo,1,Gilman City with Tri-County,11
2026-10-08,Novinger,6,Green City,5
2026-10-08,Montrose with Appleton City,1,Halfway,16
2026-10-08,Higbee,3,Harrisburg,19
2026-10-08,Father Tolton,0,Helias Catholic,13
2026-10-08,Carrollton,2,Holden,17
2026-10-08,South Callaway,9,Jamestown,13
2026-10-08,North County,18,Jefferson (Festus),4
2026-10-08,Neosho,5,Joplin,3
2026-10-08,Grandview,0,Kearney,10
2026-10-08,Lebanon,2,Kickapoo,17
2026-10-08,Richmond,12,Knob Noster,0
2026-10-08,Highland,14,Knox County,2
2026-10-08,Atlanta,7,La Plata,12
2026-10-08,Parkway North with Principia,7,Ladue Horton Watkins,11
2026-10-08,Lexington,8,Lafayette County,18
2026-10-08,Climax Springs,18,Laquey,9
2026-10-08,Penney,7,Lathrop,15
2026-10-08,Mid-Buchanan,10,Lawson,4
2026-10-08,Liberty,3,Lee's Summit North,4
2026-10-08,Liberty North,18,Lee's Summit West,5
2026-10-08,St. Elizabeth,4,Linn,5
2026-10-08,St. Joseph's Academy,12,Lutheran South,0
2026-10-08,Community,16,Marion County,0
2026-10-08,Marceline,16,Maysville,0
2026-10-08,Owensville,0,Montgomery County,15
2026-10-08,Seneca,20,Nevada,6
2026-10-08,Ozark,10,Nixa,6
2026-10-08,Stanberry,6,North Andrew,1
2026-10-08,Liberty (Wentzville),4,North Point,5
2026-10-08,Madison,7,Northeast (Cairo),17
2026-10-08,Jefferson (Conception) with South Nodaway,5,Northeast Nodaway,1
2026-10-08,Lindbergh,3,Northwest (Cedar Hill),1
2026-10-08,Kelly,0,Notre Dame (Cape Girardeau),1
2026-10-08,Webster Groves,0,Oakville,2
2026-10-08,Oak Park,2,Park Hill South,10
2026-10-08,Seckman,0,Parkway South,7
2026-10-08,"Tina-Avalon with Bosworth, Hale",0,"Pattonsburg with North Daviess, Winston",11
2026-10-08,King City with Union Star,14,"Pattonsburg with North Daviess, Winston",1
2026-10-08,Chaffee,10,Poplar Bluff,3
2026-10-08,Trenton,7,Putnam County,4
2026-10-08,Lee's Summit,8,Raymore-Peculiar,9
2026-10-08,Webb City,10,Republic,3
2026-10-08,Newburg,0,Richland,10
2026-10-08,Ft. Zumwalt West,6,Rock Bridge,0
2026-10-08,Winnetonka,25,Ruskin,8
2026-10-08,Pilot Grove,3,Russellville,15
2026-10-08,DeSoto,2,Saxony Lutheran with St. Vincent,12
2026-10-08,"Brunswick with Keytesville, Northwestern (Mendon)",2,Slater with Malta Bend,6
2026-10-08,Platte County,12,Smithville,2
2026-10-08,Savannah,10,South Harrison,0
2026-10-08,Osage,5,Southern Boone,11
2026-10-08,Cuba,5,St. Clair,15
2026-10-08,St. Pius X (Festus),8,St. Francis Borgia,10
2026-10-08,St. Pius X (Kansas City),5,St. Teresa's Academy,4
2026-10-08,Park Hill,6,Staley,13
2026-10-08,North Harrison,12,Stewartsville with Osborn,14
2026-10-08,Paris,3,Sturgeon,2
2026-10-08,Francis Howell Central,0,Timberland,7
2026-10-08,Clopton,8,Van-Far,4
2026-10-08,Iberia,11,Vienna,13
2026-10-08,Pleasant Hill,17,Warrensburg,3
2026-10-08,Sullivan,6,Washington,15
2026-10-08,Glendale,12,Waynesville,4
2026-10-08,Plattsburg,2,West Platte,17
2026-10-08,Incarnate Word Academy,2,Westminster Christian Academy,8
2026-10-08,New Franklin,8,Westran,10
2026-10-08,Tuscumbia,2,Wheatland,5
2026-10-08,Grain Valley,16,William Chrisman,0
2026-10-08,Festus,2,Windsor (Imperial),3
2026-10-08,Wellsville-Middletown,2,Wright City,17
