date,team1,score1,team2,score2,forfeit,overtime
2026-08-27,Northeast Nodaway,0,Albany,11,False,False
2026-08-27,Glendale,3,Branson,13,False,False
2026-08-27,Benton,8,Central (St. Joseph),9,False,False
2026-08-27,La Plata,0,Clark County,28,False,False
2026-08-27,Timberland,13,Cor Jesu Academy,5,False,False
2026-08-27,Russellville,17,Dixon,2,False,False
2026-08-27,Kelly,8,East Carter,0,False,False
2026-08-27,New Bloomfield,2,Eldon,3,False,False
2026-08-27,Farmington,3,Fox,4,False,False
2026-08-27,Washington,11,Francis Howell Central,9,False,False
2026-08-27,Eureka,2,Francis Howell North,4,False,False
2026-08-27,St. Joseph's Academy,16,Ft. Zumwalt North,5,False,False
2026-08-27,Marshfield,13,Halfway,3,False,False
2026-08-27,Van-Far,2,Hallsville with Christian Fellowship Sr.,10,False,False
2026-08-27,University City,7,Hancock,17,False,False
2026-08-27,Oakville,5,Hillsboro,1,False,False
2026-08-27,Cameron,13,Jefferson (Conception) with South Nodaway,3,False,False
2026-08-27,Slater with Malta Bend,15,Knob Noster,7,False,False
2026-08-27,Savannah,13,Lathrop,8,False,False
2026-08-27,King City with Union Star,13,Lawson,7,False,False
2026-08-27,Hazelwood West,14,Lutheran South,15,False,False
2026-08-27,Ft. Zumwalt South,17,Lutheran St. Charles with Veritas Christian Academy,1,False,False
2026-08-27,North Shelby,0,Macon,1,False,False
2026-08-27,Lafayette County,6,Maysville,7,False,False
2026-08-27,Marceline,8,Monroe City,1,False,False
2026-08-27,Maryville,0,North Andrew,18,False,False
2026-08-27,Harrisburg,6,North Callaway,1,False,False
2026-08-27,DeSoto,1,Northwest (Cedar Hill),11,False,False
2026-08-27,Eugene,12,Osage,2,False,False
2026-08-27,Helias Catholic,12,Ozark,2,False,False
2026-08-27,Highland,12,Paris,7,False,False
2026-08-27,Ft. Zumwalt East,5,Parkway Central,15,False,False
2026-08-27,North Point,22,Parkway North with Principia,1,False,False
2026-08-27,Westminster Christian Academy,8,Parkway South,10,False,False
2026-08-27,Novinger,0,Princeton,15,False,False
2026-08-27,Notre Dame de Sion,13,Raytown South,3,False,False
2026-08-27,Cuba,3,Rolla,25,False,False
2026-08-27,Boonville,1,Smith-Cotton,0,False,False
2026-08-27,Crocker,5,South Callaway,6,False,False
2026-08-27,Northeast (Cairo),2,Southern Boone,11,False,False
2026-08-27,St. Dominic,8,St. Francis Borgia,5,False,False
2026-08-27,Lone Jack,9,St. Pius X (Kansas City),4,False,False
2026-08-27,Weaubleau,0,Stoutland,11,False,False
2026-08-27,Jamestown,7,Sturgeon,12,False,False
2026-08-27,Parkway West,18,Union,2,False,False
2026-08-27,St. James,0,Vienna,10,False,False
2026-08-27,Trenton,1,Worth County,2,False,False
2026-08-28,Hillcrest,0,Aurora,15,False,False
2026-08-28,Seneca,8,Aurora,5,False,False
2026-08-28,Lee's Summit,0,Belton,19,False,False
2026-08-28,Kearney,2,Belton,1,False,False
2026-08-28,Washington,10,Blair Oaks,1,False,False
2026-08-28,Webb City,13,Bolivar,4,False,False
2026-08-28,Summit Christian Academy,5,Bolivar,7,False,False
2026-08-28,Francis Howell Central,14,Bowling Green,11,False,False
2026-08-28,St. Joseph's Academy,8,Bowling Green,1,False,False
2026-08-28,Iberia,2,California,8,False,False
2026-08-28,Waynesville,7,Camdenton,8,False,False
2026-08-28,Joplin,6,Carl Junction,0,False,False
2026-08-28,Seneca,1,Carl Junction,9,False,False
2026-08-28,Branson,1,Carthage,13,False,False
2026-08-28,Willard,15,Carthage,4,False,False
2026-08-28,Marshfield,10,Cassville,2,False,False
2026-08-28,Lee's Summit,5,Central (St. Joseph),3,False,False
2026-08-28,William Chrisman,0,Central (St. Joseph),16,False,False
2026-08-28,Truman,1,Centralia,9,False,False
2026-08-28,Odessa,0,Centralia,13,False,False
2026-08-28,Fatima,2,Chaffee,7,False,False
2026-08-28,Platte County,4,Chillicothe,2,False,False
2026-08-28,Harrisonville,0,Chillicothe,17,False,False
2026-08-28,Humansville,16,Climax Springs,15,False,False
2026-08-28,Westminster Christian Academy,4,Cor Jesu Academy,3,False,False
2026-08-28,Vienna,17,Crocker,4,False,False
2026-08-28,Republic,2,Dadeville with Everton,3,False,False
2026-08-28,Farmington,10,DeSoto,0,False,False
2026-08-28,St. Francis Borgia,5,Elsberry,18,False,False
2026-08-28,Jefferson City,7,Elsberry,11,False,False
2026-08-28,Pacific,1,Fatima,14,False,False
2026-08-28,Union,4,Festus,14,False,False
2026-08-28,St. Elizabeth,1,Festus,8,False,False
2026-08-28,Silex,13,Fox,1,False,False
2026-08-28,Francis Howell,12,Fox,0,False,False
2026-08-28,Jackson,2,Francis Howell,6,False,False
2026-08-28,St. Joseph's Academy,3,Francis Howell Central,7,False,False
2026-08-28,North Point,1,Francis Howell North,4,False,False
2026-08-28,Macon,4,Francis Howell North,9,False,False
2026-08-28,Lafayette (Wildwood),5,Ft. Zumwalt North,0,False,False
2026-08-28,Parkway Central,15,Ft. Zumwalt North,4,False,False
2026-08-28,Rockwood Summit,0,Ft. Zumwalt West,12,False,False
2026-08-28,Kelly,0,Ft. Zumwalt West,10,False,False
2026-08-28,Cassville,6,Glendale,5,False,False
2026-08-28,Wheatland,2,Glendale,5,False,False
2026-08-28,South Harrison,3,Grain Valley,12,False,False
2026-08-28,St. Michael the Archangel,16,Grandview,1,False,False
2026-08-28,Walnut Grove,3,Halfway,13,False,False
2026-08-28,Platte County,19,Harrisonville,0,False,False
2026-08-28,Republic,8,Hartville,0,False,False
2026-08-28,Sherwood,3,Hermitage,7,False,False
2026-08-28,Highland,7,Hickman,8,False,False
2026-08-28,Troy Buchanan,4,Hickman,3,False,False
2026-08-28,Troy Buchanan,10,Highland,0,False,False
2026-08-28,Westminster Christian Academy,9,Hillsboro,0,False,False
2026-08-28,Timberland,1,Hillsboro,15,False,False
2026-08-28,Oak Park,5,Holden,6,False,False
2026-08-28,Mid-Buchanan,6,Holden,3,False,False
2026-08-28,Smithville,17,Holden,2,False,False
2026-08-28,St. Dominic,11,Holt,3,False,False
2026-08-28,Winfield,16,Holt,0,False,False
2026-08-28,Silex,1,Jackson,2,False,False
2026-08-28,Warrenton,1,Jefferson City,0,False,False
2026-08-28,Hillcrest,0,Joplin,16,False,False
2026-08-28,West Platte,1,Kelly,2,False,False
2026-08-28,Parkway Central,13,Lafayette (Wildwood),9,False,False
2026-08-28,Kearney,3,Lee's Summit,4,False,False
2026-08-28,William Chrisman,1,Lee's Summit,17,False,False
2026-08-28,Smithville,3,Lee's Summit North,9,False,False
2026-08-28,Smith-Cotton,0,Lee's Summit North,9,False,False
2026-08-28,Fort Osage,1,Liberty,2,False,False
2026-08-28,Pleasant Hill,9,Liberty,3,False,False
2026-08-28,Pacific,4,Liberty,9,False,False
2026-08-28,Notre Dame (Cape Girardeau),3,Lindbergh,4,False,False
2026-08-28,Neelyville,0,Lindbergh,10,False,False
2026-08-28,Liberty (Wentzville),3,Linn,6,False,False
2026-08-28,Grundy County with Newtown-Harris,9,Linn County,13,False,False
2026-08-28,Sullivan,7,Logan-Rogersville,5,False,False
2026-08-28,Blair Oaks,9,Logan-Rogersville,8,False,False
2026-08-28,Linn,5,Logan-Rogersville,6,False,False
2026-08-28,North Point,6,Macon,3,False,False
2026-08-28,Novinger,1,Madison,2,False,False
2026-08-28,Clopton,16,Marion County,4,False,False
2026-08-28,Notre Dame (Cape Girardeau),2,Marquette,5,False,False
2026-08-28,Neelyville,5,Marquette,10,False,False
2026-08-28,Wheatland,1,Marshfield,9,False,False
2026-08-28,Hartville,0,McDonald County,11,False,False
2026-08-28,Dadeville with Everton,5,McDonald County,6,False,False
2026-08-28,Sullivan,6,Mexico,7,False,False
2026-08-28,Chaffee,12,Mexico,0,False,False
2026-08-28,Fair Play,4,Montrose with Appleton City,8,False,False
2026-08-28,Windsor (Imperial),4,Neosho,6,False,False
2026-08-28,Capital City,8,Neosho,9,False,False
2026-08-28,St. Michael the Archangel,19,North Kansas City,4,False,False
2026-08-28,Grandview,9,North Kansas City,3,False,False
2026-08-28,"Brunswick with Keytesville, Northwestern (Mendon)",3,Northeast (Cairo),4,False,False
2026-08-28,Parkway West,11,Northwest (Cedar Hill),6,False,False
2026-08-28,Walnut Grove,2,Norwood,14,False,False
2026-08-28,Grain Valley,3,Oak Grove,1,False,False
2026-08-28,South Harrison,3,Oak Grove,4,False,False
2026-08-28,Mid-Buchanan,16,Oak Park,3,False,False
2026-08-28,Timberland,3,Oakville,2,False,False
2026-08-28,Parkway South,5,Oakville,4,False,False
2026-08-28,Truman,10,Odessa,6,False,False
2026-08-28,Lebanon,2,Osage,12,False,False
2026-08-28,Dixon,8,Owensville,14,False,False
2026-08-28,Liberty (Wentzville),10,Pacific,4,False,False
2026-08-28,Cor Jesu Academy,11,Parkway South,3,False,False
2026-08-28,Fort Osage,2,Pleasant Hill,3,False,False
2026-08-28,West Platte,1,Rockwood Summit,8,False,False
2026-08-28,St. Elizabeth,6,Rolla,4,False,False
2026-08-28,Union,3,Rolla,10,False,False
2026-08-28,Winnetonka,15,Ruskin,0,False,False
2026-08-28,Smithville,9,Smith-Cotton,2,False,False
2026-08-28,St. Pius X (Festus),1,St. Charles West with St. Charles,7,False,False
2026-08-28,Webster Groves,2,Sullivan,6,False,False
2026-08-28,Battle,5,Summit Christian Academy,7,False,False
2026-08-28,Weaubleau,1,Tuscumbia,7,False,False
2026-08-28,East Carter,6,Twin Rivers,8,False,False
2026-08-28,Notre Dame (St. Louis),5,Ursuline Academy,9,False,False
2026-08-28,Westran,13,Van-Far,12,False,False
2026-08-28,St. Francis Borgia,5,Warrenton,4,False,False
2026-08-28,Capital City,3,Washington,4,False,False
2026-08-28,Windsor (Imperial),1,Washington,7,False,False
2026-08-28,Battle,6,Webb City,8,False,False
2026-08-28,Linn,6,Webster Groves,2,False,False
2026-08-28,Pacific,10,Webster Groves,7,False,False
2026-08-28,Community,16,Wellsville-Middletown,0,False,False
2026-08-28,Branson,8,West Plains,3,False,False
2026-08-28,Willard,20,West Plains,2,False,False
2026-08-28,Capital City,3,Windsor (Imperial),5,False,False
2026-08-28,St. Dominic,0,Winfield,7,False,False
2026-08-29,King City with Union Star,5,Albany,4,False,False
2026-08-29,North Andrew,2,Albany,8,False,False
2026-08-29,Stanberry,5,Albany,6,False,False
2026-08-29,Carl Junction,2,Aurora,3,False,False
2026-08-29,Joplin,18,Aurora,4,False,False
2026-08-29,Lee's Summit,1,Belton,5,False,False
2026-08-29,Grain Valley,10,Belton,0,False,False
2026-08-29,Centralia,5,Belton,10,False,False
2026-08-29,Windsor (Imperial),6,Blair Oaks,4,False,False
2026-08-29,Dadeville with Everton,0,Bolivar,10,False,False
2026-08-29,Wright City,4,Boonville,2,False,False
2026-08-29,New Franklin,2,Boonville,17,False,False
2026-08-29,Kirksville,11,Boonville,5,False,False
2026-08-29,Holt,0,Bowling Green,13,False,False
2026-08-29,Highland,8,Bowling Green,6,False,False
2026-08-29,Summit Christian Academy,1,Branson,14,False,False
2026-08-29,Republic,3,Branson,9,False,False
2026-08-29,Scotland County,10,Brashear,2,False,False
2026-08-29,Knox County,11,Brashear,3,False,False
2026-08-29,Lathrop,6,"Braymer with Breckenridge, Southwest (Livingston County)",0,False,False
2026-08-29,Richmond,16,"Braymer with Breckenridge, Southwest (Livingston County)",0,False,False
2026-08-29,Princeton,8,Brookfield,1,False,False
2026-08-29,Milan,1,Brookfield,16,False,False
2026-08-29,Osage,13,Camdenton,2,False,False
2026-08-29,Lebanon,22,Camdenton,2,False,False
2026-08-29,Hillcrest,0,Carl Junction,15,False,False
2026-08-29,Marshall,9,Carrollton,4,False,False
2026-08-29,Warrensburg,10,Carrollton,5,False,False
2026-08-29,California,9,Carrollton,11,False,False
2026-08-29,Bolivar,4,Carthage,1,False,False
2026-08-29,Cassville,2,Carthage,7,False,False
2026-08-29,Dadeville with Everton,1,Cassville,0,False,False
2026-08-29,Chillicothe,15,Central (St. Joseph),0,False,False
2026-08-29,Kearney,1,Central (St. Joseph),4,False,False
2026-08-29,Smithville,6,Central (St. Joseph),7,False,False
2026-08-29,Pleasant Hill,0,Centralia,3,False,False
2026-08-29,Mid-Buchanan,3,Centralia,0,False,False
2026-08-29,Linn,3,Chaffee,2,False,False
2026-08-29,Windsor (Imperial),7,Chaffee,16,False,False
2026-08-29,Pacific,12,Chaffee,5,False,False
2026-08-29,Oak Grove,0,Chillicothe,4,False,False
2026-08-29,Liberty,0,Chillicothe,3,False,False
2026-08-29,Princeton,9,Clark County,3,False,False
2026-08-29,Novinger,3,Clark County,18,False,False
2026-08-29,Gallatin,8,Clark County,2,False,False
2026-08-29,Sherwood,19,Climax Springs,6,False,False
2026-08-29,Fair Play,1,Climax Springs,13,False,False
2026-08-29,Wright City,5,Clinton,2,False,False
2026-08-29,New Franklin,8,Clinton,9,False,False
2026-08-29,Fayette,16,Clinton,0,False,False
2026-08-29,Jamestown,6,Community,16,False,False
2026-08-29,Montgomery County,4,Community,1,False,False
2026-08-29,Perryville,9,DeSoto,5,False,False
2026-08-29,Doniphan,19,DeSoto,2,False,False
2026-08-29,Perryville,0,Doniphan,15,False,False
2026-08-29,Seckman,0,Doniphan,6,False,False
2026-08-29,Lone Jack,13,East Buchanan,5,False,False
2026-08-29,North Platte,11,East Buchanan,3,False,False
2026-08-29,Lexington,13,East Buchanan,8,False,False
2026-08-29,Harrisburg,5,Eldon,1,False,False
2026-08-29,Hallsville with Christian Fellowship Sr.,0,Eldon,6,False,False
2026-08-29,Warrenton,1,Elsberry,9,False,False
2026-08-29,Festus,10,Elsberry,4,False,False
2026-08-29,Fayette,0,Eugene,7,False,False
2026-08-29,Wright City,6,Eugene,9,False,False
2026-08-29,Weaubleau,13,Fair Play,1,False,False
2026-08-29,Rolla,4,Festus,7,False,False
2026-08-29,Rockwood Summit,4,Fox,12,False,False
2026-08-29,Kelly,1,Francis Howell,7,False,False
2026-08-29,Lafayette (Wildwood),2,Francis Howell,8,False,False
2026-08-29,Parkway Central,1,Francis Howell,5,False,False
2026-08-29,Francis Howell North,9,Francis Howell Central,7,False,False
2026-08-29,Winfield,2,Francis Howell Central,1,False,False
2026-08-29,Troy Buchanan,6,Francis Howell North,1,False,False
2026-08-29,Perryville,4,Fredericktown,8,False,False
2026-08-29,Seckman,13,Fredericktown,1,False,False
2026-08-29,Sikeston,2,Fredericktown,9,False,False
2026-08-29,Neelyville,1,Ft. Zumwalt North,11,False,False
2026-08-29,Fox,13,Ft. Zumwalt North,0,False,False
2026-08-29,Hannibal,10,Ft. Zumwalt South,7,False,False
2026-08-29,Clopton,8,Ft. Zumwalt South,11,False,False
2026-08-29,Lindbergh,6,Ft. Zumwalt West,17,False,False
2026-08-29,Marquette,5,Ft. Zumwalt West,14,False,False
2026-08-29,Jackson,12,Ft. Zumwalt West,11,False,False
2026-08-29,New Franklin,14,Fulton,7,False,False
2026-08-29,Fayette,19,Fulton,0,False,False
2026-08-29,Kirksville,17,Fulton,5,False,False
2026-08-29,Princeton,13,Gallatin,1,False,False
2026-08-29,La Plata,3,Gallatin,19,False,False
2026-08-29,King City with Union Star,12,Gilman City with Tri-County,6,False,False
2026-08-29,North Andrew,8,Gilman City with Tri-County,2,False,False
2026-08-29,North Harrison,11,Gilman City with Tri-County,15,False,False
2026-08-29,Republic,6,Glendale,5,False,False
2026-08-29,Summit Christian Academy,1,Glendale,10,False,False
2026-08-29,Mid-Buchanan,1,Grain Valley,11,False,False
2026-08-29,St. Michael the Archangel,19,Grandview,7,False,False
2026-08-29,Walnut Grove,3,Halfway,15,False,False
2026-08-29,Ozark,3,Halfway,2,False,False
2026-08-29,Norwood,0,Halfway,10,False,False
2026-08-29,Clopton,3,Hannibal,6,False,False
2026-08-29,South Harrison,9,Harrisonville,1,False,False
2026-08-29,William Chrisman,11,Harrisonville,6,False,False
2026-08-29,Oak Park,0,Harrisonville,7,False,False
2026-08-29,Wheatland,10,Hartville,5,False,False
2026-08-29,Humansville,12,Hermitage,11,False,False
2026-08-29,North Point,0,Hickman,12,False,False
2026-08-29,St. Dominic,1,Hickman,3,False,False
2026-08-29,Seneca,13,Hillcrest,2,False,False
2026-08-29,Truman,3,Holden,4,False,False
2026-08-29,Kearney,18,Holden,7,False,False
2026-08-29,Tuscumbia,14,Humansville,6,False,False
2026-08-29,Parkway Central,10,Jackson,3,False,False
2026-08-29,Lafayette (Wildwood),9,Jackson,2,False,False
2026-08-29,Father Tolton,2,Jamestown,15,False,False
2026-08-29,Russellville,15,Jamestown,2,False,False
2026-08-29,Lawson,10,Jefferson (Conception) with South Nodaway,7,False,False
2026-08-29,St. Francis Borgia,13,Jefferson City,0,False,False
2026-08-29,Union,12,Jefferson City,11,False,False
2026-08-29,Seneca,0,Joplin,7,False,False
2026-08-29,Lindbergh,11,Kelly,4,False,False
2026-08-29,Marquette,10,Kelly,0,False,False
2026-08-29,Helias Catholic,13,Kickapoo,4,False,False
2026-08-29,Worth County,4,King City with Union Star,3,False,False
2026-08-29,Eugene,7,Kirksville,2,False,False
2026-08-29,Warrensburg,14,Knob Noster,4,False,False
2026-08-29,Trenton,14,Knob Noster,2,False,False
2026-08-29,California,17,Knob Noster,4,False,False
2026-08-29,Scotland County,11,Knox County,10,False,False
2026-08-29,Novinger,4,La Plata,15,False,False
2026-08-29,Milan,2,La Plata,15,False,False
2026-08-29,Lutheran South,14,Ladue Horton Watkins,1,False,False
2026-08-29,Hazelwood West,5,Ladue Horton Watkins,12,False,False
2026-08-29,Lindbergh,8,Lafayette (Wildwood),9,False,False
2026-08-29,"Braymer with Breckenridge, Southwest (Livingston County)",1,Lafayette County,18,False,False
2026-08-29,Richmond,4,Lafayette County,2,False,False
2026-08-29,Lathrop,7,Lafayette County,1,False,False
2026-08-29,Richmond,6,Lathrop,4,False,False
2026-08-29,South Harrison,5,Lee's Summit,1,False,False
2026-08-29,Lee's Summit North,2,Lee's Summit,1,False,False
2026-08-29,Platte County,9,Lee's Summit,8,False,False
2026-08-29,Smith-Cotton,8,Lee's Summit,4,False,False
2026-08-29,Mid-Buchanan,7,Lee's Summit North,3,False,False
2026-08-29,Pleasant Hill,8,Lee's Summit North,4,False,False
2026-08-29,Rock Bridge,3,Lee's Summit West,5,False,False
2026-08-29,Lone Jack,12,Lexington,1,False,False
2026-08-29,North Platte,15,Lexington,5,False,False
2026-08-29,Truman,2,Liberty,17,False,False
2026-08-29,Smithville,5,Liberty,6,False,False
2026-08-29,Neosho,1,Linn,16,False,False
2026-08-29,Capital City,1,Logan-Rogersville,0,False,False
2026-08-29,Pacific,3,Logan-Rogersville,5,False,False
2026-08-29,North Platte,3,Lone Jack,2,False,False
2026-08-29,Highland,13,Macon,0,False,False
2026-08-29,Holt,9,Macon,14,False,False
2026-08-29,North Shelby,0,Marceline,4,False,False
2026-08-29,Parkway Central,3,Marquette,2,False,False
2026-08-29,California,7,Marshall,6,False,False
2026-08-29,Webb City,2,Marshfield,1,False,False
2026-08-29,McDonald County,7,Marshfield,3,False,False
2026-08-29,Plattsburg,5,Maryville,15,False,False
2026-08-29,Polo,21,Maryville,2,False,False
2026-08-29,Willard,14,McDonald County,2,False,False
2026-08-29,Capital City,3,Mexico,5,False,False
2026-08-29,Washington,8,Mexico,11,False,False
2026-08-29,Blair Oaks,3,Mexico,7,False,False
2026-08-29,Princeton,24,Milan,1,False,False
2026-08-29,Novinger,8,Milan,3,False,False
2026-08-29,Mark Twain,3,Moberly,11,False,False
2026-08-29,Marceline,11,Moberly,3,False,False
2026-08-29,Monroe City,5,Moberly,10,False,False
2026-08-29,Westran,5,Monroe City,15,False,False
2026-08-29,North Shelby,10,Monroe City,9,False,False
2026-08-29,Russellville,2,Montgomery County,4,False,False
2026-08-29,Tuscumbia,14,Montrose with Appleton City,2,False,False
2026-08-29,Hermitage,9,Montrose with Appleton City,5,False,False
2026-08-29,Silex,5,Neelyville,1,False,False
2026-08-29,Washington,2,Neosho,0,False,False
2026-08-29,"Pattonsburg with North Daviess, Winston",7,North Andrew,6,False,False
2026-08-29,Van-Far,4,North Callaway,13,False,False
2026-08-29,New Bloomfield,1,North Callaway,7,False,False
2026-08-29,Worth County,12,North Harrison,2,False,False
2026-08-29,"Pattonsburg with North Daviess, Winston",9,North Harrison,5,False,False
2026-08-29,Ruskin,0,North Kansas City,19,False,False
2026-08-29,Winnetonka,2,North Kansas City,11,False,False
2026-08-29,St. Michael the Archangel,15,North Kansas City,0,False,False
2026-08-29,Van-Far,6,Northeast (Cairo),3,False,False
2026-08-29,St. Pius X (Kansas City),12,Notre Dame de Sion,0,False,False
2026-08-29,Kearney,11,Oak Grove,1,False,False
2026-08-29,Truman,2,Oak Grove,12,False,False
2026-08-29,Odessa,14,Oak Park,3,False,False
2026-08-29,Smith-Cotton,7,Oak Park,6,False,False
2026-08-29,Fort Osage,7,Odessa,2,False,False
2026-08-29,William Chrisman,2,Odessa,22,False,False
2026-08-29,Waynesville,2,Osage,12,False,False
2026-08-29,Marceline,11,Owensville,1,False,False
2026-08-29,Westran,9,Owensville,15,False,False
2026-08-29,Palmyra,15,Owensville,11,False,False
2026-08-29,Mark Twain,7,Palmyra,10,False,False
2026-08-29,North Shelby,8,Palmyra,1,False,False
2026-08-29,Stanberry,10,"Pattonsburg with North Daviess, Winston",9,False,False
2026-08-29,Grain Valley,10,Platte County,0,False,False
2026-08-29,Pleasant Hill,4,Platte County,8,False,False
2026-08-29,Bishop LeBlond,27,Plattsburg,7,False,False
2026-08-29,Bishop LeBlond,16,Polo,19,False,False
2026-08-29,Schuyler County,4,Putnam County,3,False,False
2026-08-29,Brookfield,5,Putnam County,3,False,False
2026-08-29,Novinger,4,Putnam County,17,False,False
2026-08-29,Clark County,5,Putnam County,4,False,False
2026-08-29,Neelyville,9,Rockwood Summit,6,False,False
2026-08-29,Warrenton,3,Rolla,5,False,False
2026-08-29,Grandview,26,Ruskin,7,False,False
2026-08-29,Father Tolton,6,Russellville,5,False,False
2026-08-29,Twin Rivers,5,Saxony Lutheran with St. Vincent,7,False,False
2026-08-29,La Plata,5,Schuyler County,11,False,False
2026-08-29,Gallatin,8,Schuyler County,5,False,False
2026-08-29,Brookfield,14,Schuyler County,6,False,False
2026-08-29,Sikeston,2,Seckman,7,False,False
2026-08-29,Weaubleau,7,Sherwood,6,False,False
2026-08-29,West Platte,1,Silex,5,False,False
2026-08-29,Notre Dame (Cape Girardeau),1,Silex,10,False,False
2026-08-29,Fort Osage,1,Smith-Cotton,0,False,False
2026-08-29,Fort Osage,3,South Harrison,0,False,False
2026-08-29,Hallsville with Christian Fellowship Sr.,1,Southern Boone,4,False,False
2026-08-29,Harrisburg,4,Southern Boone,11,False,False
2026-08-29,Valley Park,10,St. Charles West with St. Charles,1,False,False
2026-08-29,Community,12,St. Clair,2,False,False
2026-08-29,Montgomery County,15,St. Clair,0,False,False
2026-08-29,Father Tolton,8,St. Clair,3,False,False
2026-08-29,St. Joseph's Academy,1,St. Dominic,5,False,False
2026-08-29,St. Francis Borgia,6,St. Elizabeth,9,False,False
2026-08-29,North Point,9,St. Joseph's Academy,7,False,False
2026-08-29,Worth County,8,Stanberry,5,False,False
2026-08-29,Fatima,9,Sullivan,3,False,False
2026-08-29,Liberty (Wentzville),16,Sullivan,3,False,False
2026-08-29,Warrensburg,0,Trenton,3,False,False
2026-08-29,Marshall,3,Trenton,9,False,False
2026-08-29,Winfield,0,Troy Buchanan,10,False,False
2026-08-29,St. Elizabeth,12,Union,2,False,False
2026-08-29,St. Pius X (Festus),10,Valley Park,21,False,False
2026-08-29,Lebanon,16,Waynesville,0,False,False
2026-08-29,Willard,2,Webb City,1,False,False
2026-08-29,Fatima,15,Webster Groves,2,False,False
2026-08-29,Liberty (Wentzville),14,Webster Groves,5,False,False
2026-08-29,Battle,10,West Plains,1,False,False
2026-08-29,Hartville,7,West Plains,6,False,False
2026-08-29,Notre Dame (Cape Girardeau),7,West Platte,4,False,False
2026-08-29,Mark Twain,10,Westran,4,False,False
2026-08-29,Battle,12,Wheatland,0,False,False
2026-08-31,Fort Osage,2,Blue Springs South,13,False,False
2026-08-31,Webb City,5,Carl Junction,7,False,False
2026-08-31,Macon,1,Centralia,11,False,False
2026-08-31,Glasgow,7,Community,8,False,False
2026-08-31,Laquey,1,Dixon,20,False,False
2026-08-31,Wellsville-Middletown,0,Elsberry,20,False,False
2026-08-31,California,1,Eugene,7,False,False
2026-08-31,Holt,0,Eureka,17,False,False
2026-08-31,Parkway North with Principia,1,Eureka,18,False,False
2026-08-31,Northwest (Cedar Hill),12,Farmington,1,False,False
2026-08-31,Battle,8,Fayette,7,False,False
2026-08-31,Mehlville,0,Fox,15,False,False
2026-08-31,Parkway West,4,Francis Howell North,3,False,False
2026-08-31,Seckman,3,Francis Howell North,14,False,False
2026-08-31,Southern Boone,20,Fulton,1,False,False
2026-08-31,Cassville,4,Glendale,6,False,False
2026-08-31,South Callaway,13,Hermann with New Haven,6,False,False
2026-08-31,"Tina-Avalon with Bosworth, Hale",4,Higbee,19,False,False
2026-08-31,Cor Jesu Academy,15,Hillsboro,3,False,False
2026-08-31,Parkway Central,2,Hillsboro,3,False,False
2026-08-31,McDonald County,8,Joplin,7,False,False
2026-08-31,Platte County,19,Kearney,1,False,False
2026-08-31,Neelyville,0,Kelly,11,False,False
2026-08-31,Chillicothe,13,Kirksville,0,False,False
2026-08-31,Parkway South,5,Kirkwood,7,False,False
2026-08-31,Westminster Christian Academy,16,Kirkwood,0,False,False
2026-08-31,Putnam County,4,Knox County,2,False,False
2026-08-31,Liberty,5,Lee's Summit,2,False,False
2026-08-31,Clinton,10,Lexington,13,False,False
2026-08-31,Ft. Zumwalt East,1,Liberty (Wentzville),17,False,False
2026-08-31,Park Hill,2,Liberty North,0,False,False
2026-08-31,Oakville,2,Lindbergh,14,False,False
2026-08-31,Penney,0,Marceline,2,False,False
2026-08-31,Vienna,4,New Bloomfield,5,False,False
2026-08-31,Russellville,1,North Callaway,9,False,False
2026-08-31,William Chrisman,19,North Kansas City,16,False,False
2026-08-31,Francis Howell,10,North Point,1,False,False
2026-08-31,Raytown South,0,Oak Park,15,False,False
2026-08-31,West Plains,2,Osage,12,False,False
2026-08-31,Affton,4,Pacific,14,False,False
2026-08-31,Staley,14,Park Hill South,3,False,False
2026-08-31,Cor Jesu Academy,2,Parkway Central,6,False,False
2026-08-31,Holt,17,Parkway North with Principia,0,False,False
2026-08-31,Westminster Christian Academy,16,Parkway South,1,False,False
2026-08-31,Seckman,1,Parkway West,13,False,False
2026-08-31,Brookfield,4,Princeton,6,False,False
2026-08-31,Crocker,6,Richland,4,False,False
2026-08-31,Central (St. Joseph),26,Ruskin,6,False,False
2026-08-31,Grandview,2,Smithville,17,False,False
2026-08-31,Albany,2,South Harrison,6,False,False
2026-08-31,Festus,15,St. Francis Borgia,9,False,False
2026-08-31,Maysville,8,Stanberry,10,False,False
2026-08-31,Lathrop,11,Trenton,1,False,False
2026-08-31,Grain Valley,12,Truman,0,False,False
2026-08-31,St. Pius X (Festus),16,Ursuline Academy,9,False,False
2026-08-31,Smith-Cotton,7,Warrensburg,9,False,False
2026-08-31,Dadeville with Everton,7,Wheatland,2,False,False
2026-08-31,Raytown,7,Winnetonka,5,False,False
2026-09-01,Stanberry,5,Albany,3,False,False
2026-09-01,Capital City,2,Battle,9,False,False
2026-09-01,South Harrison,11,Benton,15,False,False
2026-09-01,East Buchanan,13,Bishop LeBlond,12,False,False
2026-09-01,Centralia,10,Blair Oaks,0,False,False
2026-09-01,Highland,15,Bowling Green,2,False,False
2026-09-01,Aurora,7,Branson,2,False,False
2026-09-01,Sturgeon,15,Brashear,2,False,False
2026-09-01,Grundy County with Newtown-Harris,0,"Braymer with Breckenridge, Southwest (Livingston County)",15,False,False
2026-09-01,Bucklin with Macon County,0,"Brunswick with Keytesville, Northwestern (Mendon)",15,False,False
2026-09-01,Russellville,6,California,5,False,False
2026-09-01,Excelsior Springs,7,Cameron,8,False,False
2026-09-01,Glendale,6,Carl Junction,7,False,False
2026-09-01,Seneca,0,Carthage,15,False,False
2026-09-01,Logan-Rogersville,6,Cassville,1,False,False
2026-09-01,East Carter,11,Central (Cape Girardeau),3,False,False
2026-09-01,Kelly,0,Chaffee,12,False,False
2026-09-01,Kirksville,9,Clark County,1,False,False
2026-09-01,Westminster Christian Academy,11,Cor Jesu Academy,12,False,False
2026-09-01,Iberia,15,Crocker,0,False,False
2026-09-01,Pacific,18,Cuba,0,False,False
2026-09-01,Humansville,7,Dadeville with Everton,20,False,False
2026-09-01,Perryville,9,East Carter,1,False,False
2026-09-01,Fulton,2,Eldon,12,False,False
2026-09-01,Francis Howell North,1,Eureka,11,False,False
2026-09-01,Kirkwood,3,Eureka,7,False,False
2026-09-01,Macks Creek,17,Fair Play,1,False,False
2026-09-01,Southern Boone,1,Fatima,0,False,False
2026-09-01,Farmington,3,Festus,10,False,False
2026-09-01,Grain Valley,5,Fort Osage,0,False,False
2026-09-01,Troy Buchanan,10,Francis Howell Central,1,False,False
2026-09-01,Parkway Central,2,Francis Howell North,12,False,False
2026-09-01,Timberland,13,Ft. Zumwalt North,2,False,False
2026-09-01,Francis Howell,0,Ft. Zumwalt West,2,False,False
2026-09-01,Winnetonka,7,Grandview,9,False,False
2026-09-01,Meadville,12,Green City,22,False,False
2026-09-01,Osage,7,Halfway,9,False,False
2026-09-01,Macon,3,Hallsville with Christian Fellowship Sr.,4,False,False
2026-09-01,Bayless,4,Hancock,14,False,False
2026-09-01,Rolla,0,Helias Catholic,12,False,False
2026-09-01,Boonville,7,Hickman,8,False,False
2026-09-01,Linn County,10,Higbee,13,False,False
2026-09-01,Norwood,22,Hillcrest,10,False,False
2026-09-01,Oak Grove,11,Holden,0,False,False
2026-09-01,Westminster Christian Academy,17,Holt,2,False,False
2026-09-01,Gallatin,2,Jefferson (Conception) with South Nodaway,11,False,False
2026-09-01,Fredericktown,10,Jefferson (Festus),11,False,False
2026-09-01,Princeton,6,King City with Union Star,3,False,False
2026-09-01,Parkway Central,20,Kirkwood,2,False,False
2026-09-01,Schuyler County,17,La Plata,3,False,False
2026-09-01,Ursuline Academy,11,Ladue Horton Watkins,5,False,False
2026-09-01,Maryville,0,Lathrop,17,False,False
2026-09-01,Lee's Summit North,8,Lee's Summit,3,False,False
2026-09-01,Park Hill South,5,Liberty North,6,False,False
2026-09-01,St. Michael the Archangel,17,Lincoln College Prep,1,False,False
2026-09-01,Novinger,18,Marion County,3,False,False
2026-09-01,Paris,1,Mark Twain,3,False,False
2026-09-01,St. Teresa's Academy,7,Marshall,8,False,False
2026-09-01,Monett,1,Marshfield,16,False,False
2026-09-01,Polo,8,Maysville,15,False,False
2026-09-01,Chillicothe,5,Mid-Buchanan,3,False,False
2026-09-01,Hermitage,13,Montrose with Appleton City,7,False,False
2026-09-01,Harrisonville,17,Nevada,3,False,False
2026-09-01,Stoutland,12,Newburg,2,False,False
2026-09-01,South Callaway,10,North Callaway,9,False,False
2026-09-01,DeKalb,0,North Platte,15,False,False
2026-09-01,Ft. Zumwalt East,7,North Point,2,False,False
2026-09-01,Knox County,0,North Shelby,10,False,False
2026-09-01,Stewartsville with Osborn,7,Northeast Nodaway,18,False,False
2026-09-01,St. Francis Borgia,9,Owensville,2,False,False
2026-09-01,Louisiana,2,Palmyra,13,False,False
2026-09-01,Blue Springs South,17,Park Hill,5,False,False
2026-09-01,Holt,2,Parkway West,11,False,False
2026-09-01,Cor Jesu Academy,3,Parkway West,1,False,False
2026-09-01,North Harrison,17,"Pattonsburg with North Daviess, Winston",22,False,False
2026-09-01,STEAM Academy,1,Pattonville,16,False,False
2026-09-01,St. Elizabeth,20,Pilot Grove,2,False,False
2026-09-01,Liberty,3,Platte County,13,False,False
2026-09-01,Kearney,7,Raymore-Peculiar,8,False,False
2026-09-01,North Kansas City,24,Raytown South,7,False,False
2026-09-01,Lawson,5,Richmond,6,False,False
2026-09-01,Northwest (Cedar Hill),8,Rockwood Summit,9,False,False
2026-09-01,Raytown,24,Ruskin,4,False,False
2026-09-01,Carrollton,2,Salisbury,6,False,False
2026-09-01,Trenton,0,Savannah,15,False,False
2026-09-01,Glasgow,11,Slater with Malta Bend,0,False,False
2026-09-01,Odessa,4,Smith-Cotton,9,False,False
2026-09-01,Wright City,19,St. Clair,0,False,False
2026-09-01,Lutheran St. Charles with Veritas Christian Academy,0,St. Dominic,13,False,False
2026-09-01,Webster Groves,0,St. Joseph's Academy,10,False,False
2026-09-01,Saxony Lutheran with St. Vincent,12,St. Pius X (Festus),0,False,False
2026-09-01,Smithville,2,Staley,6,False,False
2026-09-01,Blue Springs,4,Truman,1,False,False
2026-09-01,Camdenton,4,Warrensburg,14,False,False
2026-09-01,St. Charles West with St. Charles,4,Warrenton,5,False,False
2026-09-01,Ft. Zumwalt South,1,Washington,16,False,False
2026-09-01,McDonald County,4,Webb City,14,False,False
2026-09-01,Madison,15,Wellsville-Middletown,1,False,False
2026-09-01,Northeast (Cairo),18,Westran,2,False,False
2026-09-01,Ozark,2,Willard,12,False,False
2026-09-01,Lindbergh,4,Windsor (Imperial),12,False,False
2026-09-01,North Andrew,0,Worth County,2,False,False
2026-09-02,Hancock,0,Affton,10,False,False
2026-09-02,Oak Park,2,Benton,17,False,False
2026-09-02,North Platte,16,Bishop LeBlond,3,False,False
2026-09-02,Camdenton,10,Bolivar,14,False,False
2026-09-02,Sherwood,17,Clinton,14,False,False
2026-09-02,Maysville,6,DeKalb,4,False,False
2026-09-02,Stoutland,0,Dixon,10,False,False
2026-09-02,Cor Jesu Academy,3,Eureka,5,False,False
2026-09-02,Pleasant Hill,6,Excelsior Springs,1,False,False
2026-09-02,North Point,8,Francis Howell Central,10,False,False
2026-09-02,Westminster Christian Academy,4,Francis Howell North,5,False,False
2026-09-02,Washington,4,Ft. Zumwalt West,11,False,False
2026-09-02,Hallsville with Christian Fellowship Sr.,0,Harrisburg,7,False,False
2026-09-02,North Shelby,2,Highland,0,False,False
2026-09-02,Parkway North with Principia,0,Hillsboro,15,False,False
2026-09-02,Parkway South,7,Hillsboro,10,False,False
2026-09-02,Lone Jack,3,Holden,10,False,False
2026-09-02,Ritenour,9,Incarnate Word Academy,10,False,False
2026-09-02,Bayless,3,Jefferson (Festus),13,False,False
2026-09-02,Warrensburg,18,Jefferson City,6,False,False
2026-09-02,Branson,8,Kickapoo,14,False,False
2026-09-02,Holt,19,Kirkwood,7,False,False
2026-09-02,Ruskin,1,Knob Noster,17,False,False
2026-09-02,St. Joseph's Academy,0,Lafayette (Wildwood),10,False,False
2026-09-02,Cameron,11,Lafayette County,3,False,False
2026-09-02,Jackson,0,Lindbergh,4,False,False
2026-09-02,Capital City,3,Linn,2,False,False
2026-09-02,Oakville,17,Lutheran South,6,False,False
2026-09-02,Oak Grove,11,Marshall,0,False,False
2026-09-02,McCluer North,0,Mehlville,13,False,False
2026-09-02,Putnam County,20,"Mercer with Cainsville, Ridgeway",0,False,False
2026-09-02,Bowling Green,4,Mexico,15,False,False
2026-09-02,Salisbury,11,Moberly,3,False,False
2026-09-02,Mark Twain,12,Monroe City,9,False,False
2026-09-02,Laquey,0,Newburg,10,False,False
2026-09-02,Notre Dame de Sion,22,North Kansas City,3,False,False
2026-09-02,Festus,10,Northwest (Cedar Hill),4,False,False
2026-09-02,Chaffee,7,Notre Dame (Cape Girardeau),5,False,False
2026-09-02,St. Michael the Archangel,6,Odessa,9,False,False
2026-09-02,Ft. Zumwalt North,18,Orchard Farm,3,False,False
2026-09-02,South Shelby,6,Paris,12,False,False
2026-09-02,Platte County,16,Park Hill South,6,False,False
2026-09-02,Parkway West,10,Parkway Central,8,False,False
2026-09-02,Seckman,17,Parkway North with Principia,5,False,False
2026-09-02,Seckman,10,Parkway South,11,False,False
2026-09-02,Gilman City with Tri-County,19,Plattsburg,1,False,False
2026-09-02,North County,7,Poplar Bluff,5,False,False
2026-09-02,Princeton,13,Schuyler County,2,False,False
2026-09-02,Warrenton,2,St. Francis Borgia,7,False,False
2026-09-02,Mid-Buchanan,14,St. Pius X (Kansas City),2,False,False
2026-09-02,Polo,11,Stewartsville with Osborn,5,False,False
2026-09-02,Meadville,14,"Tina-Avalon with Bosworth, Hale",16,False,False
2026-09-02,Pilot Grove,5,Tuscumbia,17,False,False
2026-09-02,DeSoto,3,Union,13,False,False
2026-09-02,South Callaway,0,Vienna,11,False,False
2026-09-02,Rolla,15,Waynesville,2,False,False
2026-09-03,"Pattonsburg with North Daviess, Winston",8,Albany,3,False,False
2026-09-03,Marion County,5,Atlanta,15,False,False
2026-09-03,St. Teresa's Academy,0,Benton,10,False,False
2026-09-03,"Brunswick with Keytesville, Northwestern (Mendon)",12,Bevier,0,False,False
2026-09-03,Louisiana,19,Bowling Green,26,False,False
2026-09-03,Lathrop,17,Brookfield,5,False,False
2026-09-03,Bishop LeBlond,0,Cameron,15,False,False
2026-09-03,Knox County,12,Canton,13,False,False
2026-09-03,Willard,17,Carl Junction,6,False,False
2026-09-03,Nixa,14,Carthage,0,False,False
2026-09-03,Notre Dame (Cape Girardeau),15,Central (Cape Girardeau),0,False,False
2026-09-03,Truman,10,Central (St. Joseph),7,False,False
2026-09-03,Battle,0,Centralia,17,False,False
2026-09-03,Saxony Lutheran with St. Vincent,3,Chaffee,10,False,False
2026-09-03,Scotland County,4,Clark County,9,False,False
2026-09-03,Halfway,21,Climax Springs,0,False,False
2026-09-03,Wellsville-Middletown,0,Clopton,15,False,False
2026-09-03,Incarnate Word Academy,5,Cor Jesu Academy,8,False,False
2026-09-03,Stoutland,5,Crocker,4,False,False
2026-09-03,Iberia,9,Dixon,2,False,False
2026-09-03,Kelly,4,Doniphan,9,False,False
2026-09-03,Chaffee,12,Doniphan,2,False,False
2026-09-03,DeKalb,10,East Buchanan,4,False,False
2026-09-03,Southern Boone,13,Eldon,1,False,False
2026-09-03,Blair Oaks,8,Eugene,7,False,False
2026-09-03,South Harrison,10,Excelsior Springs,7,False,False
2026-09-03,North County,6,Farmington,15,False,False
2026-09-03,Union,2,Fatima,9,False,False
2026-09-03,Sturgeon,2,Fayette,15,False,False
2026-09-03,Blue Springs,4,Fort Osage,1,False,False
2026-09-03,Liberty (Wentzville),0,Francis Howell,15,False,False
2026-09-03,Ft. Zumwalt North,14,Ft. Zumwalt South,12,False,False
2026-09-03,Kearney,16,Grandview,0,False,False
2026-09-03,"Mercer with Cainsville, Ridgeway",27,Grundy County with Newtown-Harris,6,False,False
2026-09-03,Boonville,0,Hallsville with Christian Fellowship Sr.,10,False,False
2026-09-03,Father Tolton,1,Harrisburg,11,False,False
2026-09-03,Odessa,15,Harrisonville,6,False,False
2026-09-03,Aurora,13,Hartville,3,False,False
2026-09-03,Community,18,Hermann with New Haven,11,False,False
2026-09-03,Humansville,13,Hermitage,16,False,False
2026-09-03,Webster Groves,14,Incarnate Word Academy,13,False,False
2026-09-03,Affton,0,Jefferson (Festus),10,False,False
2026-09-03,Waynesville,4,Joplin,14,False,False
2026-09-03,Saxony Lutheran with St. Vincent,6,Kelly,7,False,False
2026-09-03,Notre Dame (Cape Girardeau),2,Kelly,0,False,False
2026-09-03,Moberly,3,Kirksville,9,False,False
2026-09-03,Webster Groves,2,Kirkwood,1,False,False
2026-09-03,Higbee,7,La Plata,8,False,False
2026-09-03,Winfield,15,Ladue Horton Watkins,0,False,False
2026-09-03,Chillicothe,11,Lawson,5,False,False
2026-09-03,Belton,10,Lee's Summit,1,False,False
2026-09-03,Norborne with Hardin-Central,2,Lexington,18,False,False
2026-09-03,Liberty North,13,Liberty,10,False,False
2026-09-03,Gilman City with Tri-County,20,Linn County,2,False,False
2026-09-03,Monett,2,Logan-Rogersville,12,False,False
2026-09-03,Plattsburg,2,Lone Jack,17,False,False
2026-09-03,Westran,14,Madison,10,False,False
2026-09-03,Hannibal,0,Marceline,10,False,False
2026-09-03,Palmyra,0,Mark Twain,10,False,False
2026-09-03,Northwest (Cedar Hill),5,Marquette,8,False,False
2026-09-03,Cassville,1,Marshfield,5,False,False
2026-09-03,Pattonville,17,McCluer North,0,False,False
2026-09-03,Macon,10,Monroe City,7,False,False
2026-09-03,Fair Play,4,Montrose with Appleton City,19,False,False
2026-09-03,East Carter,10,Naylor,4,False,False
2026-09-03,Glendale,0,Neosho,11,False,False
2026-09-03,Knob Noster,18,Nevada,4,False,False
2026-09-03,King City with Union Star,3,North Andrew,1,False,False
2026-09-03,Brashear,2,North Shelby,16,False,False
2026-09-03,Paris,9,Northeast (Cairo),10,False,False
2026-09-03,Maryville,2,Northeast Nodaway,17,False,False
2026-09-03,Milan,9,Novinger,10,False,False
2026-09-03,Fulton,5,Osage,17,False,False
2026-09-03,Linn,7,Owensville,11,False,False
2026-09-03,STEAM Academy,1,Parkway North with Principia,16,False,False
2026-09-03,Lafayette County,2,Penney,3,False,False
2026-09-03,Holden,4,Pleasant Hill,14,False,False
2026-09-03,Lee's Summit West,20,Raymore-Peculiar,10,False,False
2026-09-03,Oak Park,7,Raytown,1,False,False
2026-09-03,Kickapoo,14,Republic,4,False,False
2026-09-03,Newburg,11,Richland,9,False,False
2026-09-03,Lutheran St. Charles with Veritas Christian Academy,11,Ritenour,12,False,False
2026-09-03,Hickman,5,Rolla,0,False,False
2026-09-03,Camdenton,5,Russellville,15,False,False
2026-09-03,Mid-Buchanan,8,Savannah,15,False,False
2026-09-03,Twin Rivers,23,Sikeston,11,False,False
2026-09-03,Montgomery County,4,Silex,3,False,False
2026-09-03,New Franklin,0,Slater with Malta Bend,8,False,False
2026-09-03,Ruskin,0,Smithville,16,False,False
2026-09-03,St. James,4,South Callaway,6,False,False
2026-09-03,Schuyler County,17,South Shelby,4,False,False
2026-09-03,Orchard Farm,1,St. Charles West with St. Charles,11,False,False
2026-09-03,Herculaneum with Crystal City,0,St. Clair,15,False,False
2026-09-03,Notre Dame (St. Louis),0,St. Dominic,15,False,False
2026-09-03,California,3,St. Elizabeth,10,False,False
2026-09-03,Sherwood,1,St. Michael the Archangel,16,False,False
2026-09-03,North Harrison,0,Stanberry,15,False,False
2026-09-03,Jefferson (Conception) with South Nodaway,18,Stewartsville with Osborn,3,False,False
2026-09-03,North Point,1,Timberland,15,False,False
2026-09-03,"Braymer with Breckenridge, Southwest (Livingston County)",19,"Tina-Avalon with Bosworth, Hale",1,False,False
2026-09-03,Ft. Zumwalt West,1,Troy Buchanan,3,False,False
2026-09-03,North Callaway,12,Van-Far,2,False,False
2026-09-03,Norwood,22,Walnut Grove,2,False,False
2026-09-03,Richmond,7,Warrensburg,3,False,False
2026-09-03,Ft. Zumwalt East,2,Washington,12,False,False
2026-09-03,Lebanon,5,Webb City,12,False,False
2026-09-03,Raytown,8,William Chrisman,18,False,False
2026-09-03,Perryville,2,Windsor (Imperial),10,False,False
2026-09-03,Princeton,14,Worth County,2,False,False
2026-09-03,Elsberry,9,Wright City,2,False,False
2026-09-03,Helias Catholic,,Grain Valley,,False,False
2026-09-04,Marion County,14,Bevier,1,False,False
2026-09-04,McDonald County,9,Blue Springs,7,False,False
2026-09-04,Carthage,1,Blue Springs,9,False,False
2026-09-04,Branson,13,Bolivar,16,False,False
2026-09-04,Linn County,15,Brashear,2,False,False
2026-09-04,Green City,2,"Brunswick with Keytesville, Northwestern (Mendon)",12,False,False
2026-09-04,Bolivar,8,Carl Junction,9,False,False
2026-09-04,McDonald County,8,Carthage,6,False,False
2026-09-04,Westminster Christian Academy,7,Elsberry,2,False,False
2026-09-04,Battle,4,Father Tolton,7,False,False
2026-09-04,Capital City,2,Fatima,12,False,False
2026-09-04,Francis Howell Central,1,Festus,3,False,False
2026-09-04,Ft. Zumwalt West,9,Festus,4,False,False
2026-09-04,St. Dominic,5,Francis Howell Central,5,False,False
2026-09-04,Lafayette (Wildwood),4,Ft. Zumwalt West,6,False,False
2026-09-04,Battle,16,Grandview,6,False,False
2026-09-04,Humansville,0,Halfway,10,False,False
2026-09-04,Clark County,0,Harrisburg,9,False,False
2026-09-04,St. Dominic,0,Highland,15,False,False
2026-09-04,Windsor (Imperial),3,Highland,13,False,False
2026-09-04,Marshfield,22,Hillcrest,0,False,False
2026-09-04,West Plains,27,Hillcrest,2,False,False
2026-09-04,Ft. Zumwalt South,14,Holt,24,False,False
2026-09-04,Kelly,4,Jackson,3,False,False
2026-09-04,Chaffee,12,Jackson,6,False,False
2026-09-04,St. Elizabeth,11,Jefferson City,0,False,False
2026-09-04,Ozark,9,Joplin,1,False,False
2026-09-04,Lee's Summit North,6,Joplin,0,False,False
2026-09-04,Windsor (Imperial),3,Lafayette (Wildwood),4,False,False
2026-09-04,Ozark,8,Lee's Summit North,6,False,False
2026-09-04,West Plains,0,Logan-Rogersville,12,False,False
2026-09-04,Weaubleau,17,Macks Creek,1,False,False
2026-09-04,Rockwood Summit,3,Marquette,7,False,False
2026-09-04,Logan-Rogersville,0,Marshfield,1,False,False
2026-09-04,Walnut Grove,20,Montrose with Appleton City,30,False,False
2026-09-04,Twin Rivers,19,Naylor,7,False,False
2026-09-04,Northeast (Cairo),5,New Bloomfield,10,False,False
2026-09-04,Madison,10,New Franklin,8,False,False
2026-09-04,Seckman,4,North County,5,False,False
2026-09-04,Wheatland,2,Norwood,3,False,False
2026-09-04,Webb City,8,Park Hill South,5,False,False
2026-09-04,Neosho,8,Park Hill South,7,False,False
2026-09-04,Raymore-Peculiar,15,Park Hill South,1,False,False
2026-09-04,Winfield,4,Parkway West,0,False,False
2026-09-04,Webb City,1,Raymore-Peculiar,1,False,False
2026-09-04,Neosho,2,Raymore-Peculiar,14,False,False
2026-09-04,Republic,8,Smith-Cotton,2,False,False
2026-09-04,Neosho,6,Webb City,9,False,False
2026-09-04,Warrenton,8,Wright City,1,False,False
2026-09-04,Lincoln College Prep,,Notre Dame de Sion,,False,False
2026-09-04,Parkway South,,Parkway North with Principia,,False,False
2026-09-04,Climax Springs,,Tuscumbia,,False,False
2026-09-05,Raymore-Peculiar,8,Blue Springs,2,False,False
2026-09-05,Park Hill South,9,Carthage,8,False,False
2026-09-05,St. Dominic,2,Festus,0,False,False
2026-09-05,Lafayette (Wildwood),7,Festus,1,False,False
2026-09-05,Highland,14,Francis Howell Central,2,False,False
2026-09-05,Highland,0,Ft. Zumwalt West,11,False,False
2026-09-05,Windsor (Imperial),3,Ft. Zumwalt West,4,False,False
2026-09-05,Grundy County with Newtown-Harris,9,Green City,21,False,False
2026-09-05,Milan,7,Green City,5,False,False
2026-09-05,Park Hill South,6,Joplin,4,False,False
2026-09-05,St. Dominic,4,Lafayette (Wildwood),8,False,False
2026-09-05,Eldon,8,Lebanon,4,False,False
2026-09-05,Neosho,2,Lee's Summit North,14,False,False
2026-09-05,McDonald County,3,Lee's Summit North,6,False,False
2026-09-05,Neosho,3,McDonald County,7,False,False
2026-09-05,Grandview,1,Mexico,20,False,False
2026-09-05,Battle,6,Mexico,17,False,False
2026-09-05,Webb City,7,Ozark,3,False,False
2026-09-07,Penney,4,Brookfield,9,False,False
2026-09-07,Carl Junction,7,Cassville,8,False,False
2026-09-07,Fort Osage,4,Central (St. Joseph),0,False,False
2026-09-07,Montrose with Appleton City,0,Clinton,15,False,False
2026-09-07,St. Michael the Archangel,18,Grandview,3,False,False
2026-09-07,Mexico,3,Hallsville with Christian Fellowship Sr.,4,False,False
2026-09-07,Jefferson City,2,Hickman,15,False,False
2026-09-07,Monroe City,6,Highland,3,False,False
2026-09-07,Richmond,16,Lexington,6,False,False
2026-09-07,Seneca,2,Neosho,13,False,False
2026-09-07,Wellsville-Middletown,1,Paris,15,False,False
2026-09-07,Waynesville,19,Richland,3,False,False
2026-09-07,East Buchanan,4,St. Pius X (Kansas City),14,False,False
2026-09-07,Climax Springs,,Stoutland,,False,False
2026-09-08,Metro,2,Affton,17,False,False
2026-09-08,Nevada,1,Aurora,18,False,False
2026-09-08,Raymore-Peculiar,6,Belton,2,False,False
2026-09-08,Savannah,13,Benton,5,False,False
2026-09-08,Capital City,0,Blair Oaks,4,False,False
2026-09-08,Osage,15,Boonville,8,False,False
2026-09-08,Madison,19,Bucklin with Macon County,2,False,False
2026-09-08,Eldon,14,California,4,False,False
2026-09-08,Maryville,0,Cameron,15,False,False
2026-09-08,McDonald County,1,Cassville,5,False,False
2026-09-08,Highland,2,Centralia,12,False,False
2026-09-08,Penney,0,Chillicothe,15,False,False
2026-09-08,Pleasant Hill,16,Clinton,0,False,False
2026-09-08,Tuscumbia,7,Crocker,17,False,False
2026-09-08,Richland,24,Cuba,7,False,False
2026-09-08,Herculaneum with Crystal City,1,DeSoto,14,False,False
2026-09-08,Laquey,0,Dixon,15,False,False
2026-09-08,Twin Rivers,1,Doniphan,5,False,False
2026-09-08,Poplar Bluff,22,East Carter,8,False,False
2026-09-08,Bowling Green,1,Elsberry,11,False,False
2026-09-08,Dadeville with Everton,16,Fair Play,1,False,False
2026-09-08,Fredericktown,4,Farmington,5,False,False
2026-09-08,New Bloomfield,1,Fayette,4,False,False
2026-09-08,Kirkwood,1,Fox,2,False,False
2026-09-08,Francis Howell,18,Francis Howell Central,0,False,False
2026-09-08,Ft. Zumwalt East,11,Ft. Zumwalt South,5,False,False
2026-09-08,Eugene,24,Fulton,1,False,False
2026-09-08,South Harrison,12,Gallatin,1,False,False
2026-09-08,Webb City,8,Glendale,0,False,False
2026-09-08,Truman,2,Grain Valley,5,False,False
2026-09-08,Wheatland,10,Hartville,9,False,False
2026-09-08,Weaubleau,8,Hermitage,4,False,False
2026-09-08,Parkview,4,Hillcrest,19,False,False
2026-09-08,Festus,5,Hillsboro,0,False,False
2026-09-08,Knob Noster,0,Holden,13,False,False
2026-09-08,Winfield,15,Holt,6,False,False
2026-09-08,Marquette,3,Jackson,4,False,False
2026-09-08,Iberia,17,Jamestown,2,False,False
2026-09-08,Northeast Nodaway,10,Jefferson (Conception) with South Nodaway,17,False,False
2026-09-08,North County,2,Kelly,9,False,False
2026-09-08,Joplin,11,Kickapoo,13,False,False
2026-09-08,North Harrison,4,King City with Union Star,13,False,False
2026-09-08,Mexico,4,Kirksville,5,False,False
2026-09-08,Marion County,5,Knox County,15,False,False
2026-09-08,Brashear,10,La Plata,11,False,False
2026-09-08,Bayless,21,Ladue Horton Watkins,6,False,False
2026-09-08,Parkway West,4,Lafayette (Wildwood),3,False,False
2026-09-08,Carrollton,5,Lafayette County,15,False,False
2026-09-08,Neosho,15,Lebanon,3,False,False
2026-09-08,Blue Springs South,14,Lee's Summit,4,False,False
2026-09-08,Lee's Summit West,3,Lee's Summit North,10,False,False
2026-09-08,Lathrop,19,Lexington,9,False,False
2026-09-08,Oak Park,3,Liberty,13,False,False
2026-09-08,Ft. Zumwalt West,15,Liberty (Wentzville),5,False,False
2026-09-08,Staley,3,Liberty North,11,False,False
2026-09-08,Mehlville,0,Lindbergh,15,False,False
2026-09-08,Fatima,7,Linn,6,False,False
2026-09-08,North Platte,15,Lone Jack,9,False,False
2026-09-08,Silex,20,Louisiana,0,False,False
2026-09-08,Putnam County,0,Marceline,10,False,False
2026-09-08,Milan,1,Maysville,13,False,False
2026-09-08,"Braymer with Breckenridge, Southwest (Livingston County)",23,Meadville,5,False,False
2026-09-08,Gilman City with Tri-County,7,"Mercer with Cainsville, Ridgeway",3,False,False
2026-09-08,Smithville,10,Mid-Buchanan,12,False,False
2026-09-08,Hannibal,6,Moberly,8,False,False
2026-09-08,Seneca,6,Monett,3,False,False
2026-09-08,Clark County,2,Monroe City,17,False,False
2026-09-08,Mark Twain,2,Montgomery County,6,False,False
2026-09-08,Notre Dame (Cape Girardeau),14,Neelyville,1,False,False
2026-09-08,Northeast (Cairo),2,New Franklin,3,False,False
2026-09-08,Willard,16,Nixa,5,False,False
2026-09-08,Higbee,22,Norborne with Hardin-Central,3,False,False
2026-09-08,Albany,3,North Andrew,4,False,False
2026-09-08,Wright City,1,North Callaway,7,False,False
2026-09-08,Park Hill South,15,North Kansas City,0,False,False
2026-09-08,Ft. Zumwalt North,2,North Point,6,False,False
2026-09-08,Marshfield,14,Norwood,0,False,False
2026-09-08,Summit Christian Academy,0,Oak Grove,10,False,False
2026-09-08,Excelsior Springs,6,Odessa,7,False,False
2026-09-08,Warrenton,6,Orchard Farm,3,False,False
2026-09-08,Carthage,1,Ozark,11,False,False
2026-09-08,North Shelby,11,Paris,3,False,False
2026-09-08,Central (St. Joseph),0,Park Hill,12,False,False
2026-09-08,Seckman,5,Parkway Central,8,False,False
2026-09-08,Notre Dame (St. Louis),2,Pattonville,18,False,False
2026-09-08,Community,17,Pilot Grove,1,False,False
2026-09-08,Grundy County with Newtown-Harris,4,Polo,14,False,False
2026-09-08,"Pattonsburg with North Daviess, Winston",0,Princeton,13,False,False
2026-09-08,Fort Osage,11,Raytown,0,False,False
2026-09-08,Battle,0,Rock Bridge,2,False,False
2026-09-08,Grandview,20,Ruskin,4,False,False
2026-09-08,Vienna,2,Russellville,12,False,False
2026-09-08,Hallsville with Christian Fellowship Sr.,3,Salisbury,9,False,False
2026-09-08,Atlanta,10,Scotland County,19,False,False
2026-09-08,Halfway,16,Sherwood,0,False,False
2026-09-08,Perryville,15,Sikeston,2,False,False
2026-09-08,Clopton,10,South Shelby,8,False,False
2026-09-08,Hickman,1,Southern Boone,2,False,False
2026-09-08,Lutheran South,2,St. Charles West with St. Charles,12,False,False
2026-09-08,Owensville,18,St. Clair,7,False,False
2026-09-08,St. Joseph's Academy,1,St. Dominic,2,False,False
2026-09-08,Camdenton,2,St. Elizabeth,16,False,False
2026-09-08,Sullivan,15,St. James,0,False,False
2026-09-08,Bishop LeBlond,0,St. Pius X (Kansas City),15,False,False
2026-09-08,East Buchanan,4,St. Teresa's Academy,10,False,False
2026-09-08,Worth County,7,Stanberry,8,False,False
2026-09-08,Climax Springs,1,Stoutland,14,False,False
2026-09-08,Slater with Malta Bend,2,Sturgeon,3,False,False
2026-09-08,Brookfield,7,Trenton,0,False,False
2026-09-08,Francis Howell North,1,Troy Buchanan,4,False,False
2026-09-08,Pacific,4,Union,5,False,False
2026-09-08,Hancock,5,Valley Park,9,False,False
2026-09-08,Humansville,12,Walnut Grove,2,False,False
2026-09-08,Harrisonville,3,Warrensburg,13,False,False
2026-09-08,Timberland,1,Washington,2,False,False
2026-09-08,Republic,14,Waynesville,3,False,False
2026-09-08,Rockwood Summit,1,Westminster Christian Academy,3,False,False
2026-09-08,Canton,16,Westran,7,False,False
2026-09-08,Platte County,20,William Chrisman,0,False,False
2026-09-08,Jefferson (Festus),1,Windsor (Imperial),13,False,False
2026-09-08,Stewartsville with Osborn,,DeKalb,,False,False
2026-09-08,Winnetonka,,Lincoln College Prep,,False,False
2026-09-09,Clayton,17,Bayless,7,False,False
2026-09-09,Hallsville with Christian Fellowship Sr.,0,Blair Oaks,10,False,False
2026-09-09,Dixon,18,Camdenton,5,False,False
2026-09-09,Jefferson (Festus),0,Chaffee,15,False,False
2026-09-09,Oakville,1,Cor Jesu Academy,3,False,False
2026-09-09,Holt,10,Francis Howell North,20,False,False
2026-09-09,Marshall,6,Fulton,9,False,False
2026-09-09,Harrisburg,17,Glasgow,2,False,False
2026-09-09,Bolivar,17,Glendale,5,False,False
2026-09-09,Laquey,0,Halfway,15,False,False
2026-09-09,Central (Cape Girardeau),1,Jackson,11,False,False
2026-09-09,Helias Catholic,17,Jefferson City,0,False,False
2026-09-09,Carl Junction,5,Joplin,8,False,False
2026-09-09,Webster Groves,0,Lafayette (Wildwood),18,False,False
2026-09-09,Benton,16,Lincoln College Prep,1,False,False
2026-09-09,Parkway South,0,Lindbergh,15,False,False
2026-09-09,Ladue Horton Watkins,6,Lutheran St. Charles with Veritas Christian Academy,16,False,False
2026-09-09,Southern Boone,13,Macon,5,False,False
2026-09-09,Affton,21,McCluer North,17,False,False
2026-09-09,Hancock,9,Mehlville,8,False,False
2026-09-09,Centralia,12,Moberly,0,False,False
2026-09-09,Herculaneum with Crystal City,0,North County,14,False,False
2026-09-09,Stewartsville with Osborn,12,North Platte,13,False,False
2026-09-09,Parkway Central,11,Northwest (Cedar Hill),1,False,False
2026-09-09,Farmington,10,Notre Dame (Cape Girardeau),11,False,False
2026-09-09,Van-Far,4,Paris,6,False,False
2026-09-09,Park Hill,15,Park Hill South,3,False,False
2026-09-09,Savannah,3,Platte County,14,False,False
2026-09-09,"Tina-Avalon with Bosworth, Hale",10,Plattsburg,8,False,False
2026-09-09,Battle,7,Rolla,11,False,False
2026-09-09,Sikeston,2,Saxony Lutheran with St. Vincent,17,False,False
2026-09-09,Clark County,6,Schuyler County,3,False,False
2026-09-09,St. Joseph's Academy,0,St. Francis Borgia,8,False,False
2026-09-09,St. Pius X (Festus),3,Valley Park,15,False,False
2026-09-09,Troy Buchanan,1,Washington,9,False,False
2026-09-09,Louisiana,22,Wellsville-Middletown,1,False,False
2026-09-09,Parkway West,1,Westminster Christian Academy,4,False,False
2026-09-09,Stoutland,13,Wheatland,8,False,False
2026-09-09,Warrensburg,20,Winnetonka,5,False,False
2026-09-09,Harrisonville,,Belton,,False,False
2026-09-09,Smith-Cotton,,Fort Osage,,False,False
2026-09-09,Russellville,,Jamestown,,False,False
2026-09-09,Pleasant Hill,,Truman,,False,False
2026-09-10,Clayton,12,Affton,15,False,False
2026-09-10,William Chrisman,0,Belton,15,False,False
2026-09-10,St. Pius X (Kansas City),1,Benton,4,False,False
2026-09-10,Eldon,1,Blair Oaks,2,False,False
2026-09-10,Lee's Summit,5,Blue Springs,2,False,False
2026-09-10,Excelsior Springs,0,Chillicothe,6,False,False
2026-09-10,Elsberry,13,Clopton,2,False,False
2026-09-10,Jefferson (Conception) with South Nodaway,12,DeKalb,10,False,False
2026-09-10,Vienna,11,Dixon,10,False,False
2026-09-10,Kelly,0,Doniphan,1,False,False
2026-09-10,Penney,15,East Buchanan,0,False,False
2026-09-10,Rockwood Summit,2,Eureka,3,False,False
2026-09-10,Oakville,3,Fox,9,False,False
2026-09-10,Troy Buchanan,1,Francis Howell,0,False,False
2026-09-10,Liberty (Wentzville),6,Francis Howell Central,8,False,False
2026-09-10,DeSoto,8,Fredericktown,3,False,False
2026-09-10,Pilot Grove,2,Glasgow,12,False,False
2026-09-10,Raytown,8,Grandview,3,False,False
2026-09-10,Bevier,1,Green City,17,False,False
2026-09-10,Gilman City with Tri-County,16,Grundy County with Newtown-Harris,0,False,False
2026-09-10,Eugene,2,Harrisburg,3,False,False
2026-09-10,Orchard Farm,6,Hazelwood West,0,False,False
2026-09-10,St. Clair,12,Hermann with New Haven,22,False,False
2026-09-10,Lexington,3,Holden,13,False,False
2026-09-10,Wheatland,7,Humansville,5,False,False
2026-09-10,Ursuline Academy,1,Incarnate Word Academy,15,False,False
2026-09-10,Herculaneum with Crystal City,1,Jefferson (Festus),9,False,False
2026-09-10,Fatima,13,Jefferson City,0,False,False
2026-09-10,Lebanon,0,Joplin,8,False,False
2026-09-10,Albany,3,King City with Union Star,2,False,False
2026-09-10,Mehlville,1,Kirkwood,11,False,False
2026-09-10,New Franklin,15,La Plata,1,False,False
2026-09-10,Blue Springs South,22,Lee's Summit West,10,False,False
2026-09-10,North Kansas City,0,Liberty,14,False,False
2026-09-10,Branson,5,Logan-Rogersville,8,False,False
2026-09-10,Ruskin,0,Lone Jack,17,False,False
2026-09-10,Richland,5,Macks Creek,10,False,False
2026-09-10,Seneca,0,McDonald County,10,False,False
2026-09-10,Brashear,27,Meadville,16,False,False
2026-09-10,Hannibal,0,Mexico,10,False,False
2026-09-10,Aurora,8,Monett,1,False,False
2026-09-10,Central (Cape Girardeau),4,Naylor,7,False,False
2026-09-10,Twin Rivers,12,Neelyville,2,False,False
2026-09-10,Ozark,8,Neosho,4,False,False
2026-09-10,Worth County,10,North Harrison,7,False,False
2026-09-10,Lawson,8,North Platte,11,False,False
2026-09-10,Washington,13,North Point,2,False,False
2026-09-10,Canton,0,North Shelby,5,False,False
2026-09-10,Hartville,8,Norwood,5,False,False
2026-09-10,Oak Grove,6,Odessa,1,False,False
2026-09-10,South Callaway,3,Osage,17,False,False
2026-09-10,Pacific,16,Owensville,2,False,False
2026-09-10,Fair Play,5,Parkview,20,False,False
2026-09-10,Webster Groves,4,Parkway South,8,False,False
2026-09-10,Parkway North with Principia,2,Pattonville,13,False,False
2026-09-10,Truman,4,Platte County,14,False,False
2026-09-10,Lathrop,18,Plattsburg,0,False,False
2026-09-10,Stanberry,2,Princeton,3,False,False
2026-09-10,Nixa,8,Republic,9,False,False
2026-09-10,University City,0,Ritenour,15,False,False
2026-09-10,Cameron,3,Savannah,16,False,False
2026-09-10,Westran,11,Scotland County,10,False,False
2026-09-10,Parkway West,13,Seckman,0,False,False
2026-09-10,Brookfield,6,South Harrison,9,False,False
2026-09-10,Marion County,0,South Shelby,14,False,False
2026-09-10,Holt,5,St. Charles West with St. Charles,13,False,False
2026-09-10,Lutheran St. Charles with Veritas Christian Academy,4,St. Francis Borgia,16,False,False
2026-09-10,Cuba,0,Sullivan,17,False,False
2026-09-10,St. James,6,Union,16,False,False
2026-09-10,Waynesville,0,Webb City,10,False,False
2026-09-10,Mid-Buchanan,0,West Platte,10,False,False
2026-09-10,Glendale,0,Willard,12,False,False
2026-09-10,Lutheran South,0,Windsor (Imperial),12,False,False
2026-09-10,Central (St. Joseph),21,Winnetonka,8,False,False
2026-09-10,Montgomery County,10,Wright City,1,False,False
2026-09-10,"Mercer with Cainsville, Ridgeway",,"Braymer with Breckenridge, Southwest (Livingston County)",,False,False
2026-09-10,Parkway Central,,Marquette,,False,False
2026-09-10,Marceline,,Maysville,,False,False
2026-09-10,Macon,,Moberly,,False,False
2026-09-10,Palmyra,,Monroe City,,False,False
2026-09-10,Boonville,,Salisbury,,False,False
2026-09-10,New Bloomfield,,Sturgeon,,False,False
2026-09-10,Notre Dame de Sion,,Summit Christian Academy,,False,False
2026-09-10,Ft. Zumwalt South,,Timberland,,False,False
2026-09-11,Dadeville with Everton,7,Aurora,3,False,False
2026-09-11,Staley,5,Bolivar,6,False,False
2026-09-11,Warrensburg,16,Boonville,1,False,False
2026-09-11,Clinton,3,Boonville,10,False,False
2026-09-11,Battle,15,California,1,False,False
2026-09-11,Westminster Christian Academy,16,Camdenton,1,False,False
2026-09-11,Marshall,2,Camdenton,3,False,False
2026-09-11,McDonald County,10,Carl Junction,0,False,False
2026-09-11,Neosho,8,Carthage,5,False,False
2026-09-11,Republic,5,Carthage,3,False,False
2026-09-11,Nixa,10,Carthage,9,False,False
2026-09-11,Helias Catholic,6,Centralia,1,False,False
2026-09-11,Odessa,6,Centralia,4,False,False
2026-09-11,East Carter,6,Chaffee,16,False,False
2026-09-11,Sherwood,5,Clinton,10,False,False
2026-09-11,Canton,5,Clopton,4,False,False
2026-09-11,Fox,4,Cor Jesu Academy,11,False,False
2026-09-11,Norwood,7,Dadeville with Everton,12,False,False
2026-09-11,Mid-Buchanan,3,Eldon,5,False,False
2026-09-11,Eldon,3,Elsberry,6,False,False
2026-09-11,Mid-Buchanan,4,Elsberry,3,False,False
2026-09-11,Wheatland,19,Fair Play,6,False,False
2026-09-11,Parkway West,2,Francis Howell,3,False,False
2026-09-11,Rock Bridge,2,Francis Howell,4,False,False
2026-09-11,Orchard Farm,3,Ft. Zumwalt East,5,False,False
2026-09-11,Holt,5,Ft. Zumwalt South,8,False,False
2026-09-11,Kickapoo,1,Ft. Zumwalt West,11,False,False
2026-09-11,Lee's Summit West,2,Ft. Zumwalt West,7,False,False
2026-09-11,Smithville,8,Ft. Zumwalt West,13,False,False
2026-09-11,Salisbury,8,Glasgow,2,False,False
2026-09-11,Kearney,0,Grain Valley,11,False,False
2026-09-11,Neosho,1,Grain Valley,14,False,False
2026-09-11,Republic,0,Grain Valley,12,False,False
2026-09-11,Grundy County with Newtown-Harris,12,Green City,13,False,False
2026-09-11,Walnut Grove,2,Halfway,11,False,False
2026-09-11,Owensville,6,Harrisonville,0,False,False
2026-09-11,Lafayette County,8,Harrisonville,2,False,False
2026-09-11,Fatima,4,Hickman,11,False,False
2026-09-11,Madison,10,Higbee,5,False,False
2026-09-11,California,3,Hillsboro,15,False,False
2026-09-11,Linn,4,Hillsboro,3,False,False
2026-09-11,Montgomery County,3,Iberia,4,False,False
2026-09-11,Lafayette (Wildwood),4,Jackson,2,False,False
2026-09-11,Republic,0,Kearney,3,False,False
2026-09-11,Nixa,8,Kearney,10,False,False
2026-09-11,Lee's Summit West,9,Kickapoo,0,False,False
2026-09-11,Truman,5,Kickapoo,8,False,False
2026-09-11,Capital City,1,Kirkwood,0,False,False
2026-09-11,Willard,11,Kirkwood,0,False,False
2026-09-11,St. Michael the Archangel,4,Lafayette County,7,False,False
2026-09-11,Park Hill,4,Lee's Summit,2,False,False
2026-09-11,St. Elizabeth,3,Lee's Summit,5,False,False
2026-09-11,Ozark,9,Lee's Summit West,2,False,False
2026-09-11,Incarnate Word Academy,10,Liberty (Wentzville),7,False,False
2026-09-11,Battle,3,Liberty North,12,False,False
2026-09-11,Liberty North,5,Linn,4,False,False
2026-09-11,Seneca,0,Logan-Rogersville,10,False,False
2026-09-11,Ruskin,0,Lone Jack,16,False,False
2026-09-11,Lutheran South,10,Lutheran St. Charles with Veritas Christian Academy,11,False,False
2026-09-11,Hermitage,2,Macks Creek,12,False,False
2026-09-11,Timberland,5,Marquette,3,False,False
2026-09-11,Westminster Christian Academy,19,Marshall,0,False,False
2026-09-11,Oak Park,0,Marshfield,18,False,False
2026-09-11,Iberia,2,Marshfield,9,False,False
2026-09-11,Walnut Grove,6,Monett,7,False,False
2026-09-11,Nixa,7,Neosho,8,False,False
2026-09-11,DeSoto,3,North County,6,False,False
2026-09-11,St. Francis Borgia,6,Northwest (Cedar Hill),10,False,False
2026-09-11,Smith-Cotton,0,Northwest (Cedar Hill),10,False,False
2026-09-11,Helias Catholic,17,Odessa,2,False,False
2026-09-11,St. Michael the Archangel,7,Owensville,6,False,False
2026-09-11,Truman,6,Ozark,7,False,False
2026-09-11,Smithville,1,Ozark,8,False,False
2026-09-11,St. Elizabeth,0,Park Hill,4,False,False
2026-09-11,Lincoln College Prep,10,Raytown South,20,False,False
2026-09-11,Tuscumbia,15,Richland,5,False,False
2026-09-11,Oakville,3,Rockwood Summit,6,False,False
2026-09-11,Lebanon,4,Rolla,8,False,False
2026-09-11,Bolivar,11,Smith-Cotton,2,False,False
2026-09-11,Oak Park,0,Southern Boone,10,False,False
2026-09-11,Montgomery County,2,Southern Boone,3,False,False
2026-09-11,Ft. Zumwalt North,6,St. Charles West with St. Charles,16,False,False
2026-09-11,Bayless,0,St. Clair,16,False,False
2026-09-11,Staley,1,St. Francis Borgia,0,False,False
2026-09-11,Dixon,20,St. James,2,False,False
2026-09-11,Newburg,1,Stoutland,16,False,False
2026-09-11,Rock Bridge,7,Troy Buchanan,2,False,False
2026-09-11,Smithville,11,Truman,10,False,False
2026-09-11,Ursuline Academy,0,Valley Park,15,False,False
2026-09-11,Sherwood,1,Warrensburg,12,False,False
2026-09-11,Wright City,13,Warrenton,7,False,False
2026-09-11,Montrose with Appleton City,4,Weaubleau,14,False,False
2026-09-11,Capital City,4,Willard,2,False,False
2026-09-11,Parkview,,Climax Springs,,False,False
2026-09-11,St. Joseph's Academy,,St. Pius X (Festus),,False,False
2026-09-12,Norwood,6,Aurora,11,False,False
2026-09-12,Monett,1,Aurora,6,False,False
2026-09-12,West Platte,11,Benton,0,False,False
2026-09-12,Francis Howell Central,5,Blue Springs,8,False,False
2026-09-12,Helias Catholic,5,Blue Springs,4,False,False
2026-09-12,St. Francis Borgia,9,Bolivar,6,False,False
2026-09-12,Sherwood,0,Boonville,15,False,False
2026-09-12,St. Michael the Archangel,8,Boonville,13,False,False
2026-09-12,Liberty North,18,California,0,False,False
2026-09-12,Mid-Buchanan,16,Camdenton,1,False,False
2026-09-12,North Andrew,0,Cameron,6,False,False
2026-09-12,Penney,16,Carrollton,6,False,False
2026-09-12,Stewartsville with Osborn,2,Carrollton,14,False,False
2026-09-12,Slater with Malta Bend,4,Carrollton,12,False,False
2026-09-12,Ozark,12,Carthage,1,False,False
2026-09-12,Ft. Zumwalt West,11,Carthage,2,False,False
2026-09-12,Perryville,13,Central (Cape Girardeau),3,False,False
2026-09-12,Benton,18,Central (St. Joseph),0,False,False
2026-09-12,Trenton,8,Central (St. Joseph),7,False,False
2026-09-12,Lincoln College Prep,1,Central (St. Joseph),27,False,False
2026-09-12,Macon,2,Chillicothe,9,False,False
2026-09-12,Pleasant Hill,0,Chillicothe,1,False,False
2026-09-12,Savannah,2,Chillicothe,4,False,False
2026-09-12,Warrensburg,11,Clinton,0,False,False
2026-09-12,Madison,1,Community,7,False,False
2026-09-12,New Franklin,1,Community,7,False,False
2026-09-12,Newburg,9,Cuba,5,False,False
2026-09-12,Halfway,7,Dadeville with Everton,3,False,False
2026-09-12,Maysville,13,DeKalb,1,False,False
2026-09-12,Ritenour,11,DeSoto,7,False,False
2026-09-12,Webster Groves,8,DeSoto,4,False,False
2026-09-12,Weaubleau,13,Dixon,15,False,False
2026-09-12,DeKalb,17,East Buchanan,4,False,False
2026-09-12,Maysville,22,East Buchanan,8,False,False
2026-09-12,Marshall,0,Eldon,12,False,False
2026-09-12,Westminster Christian Academy,5,Elsberry,1,False,False
2026-09-12,Marshall,2,Elsberry,9,False,False
2026-09-12,Union,0,Eureka,14,False,False
2026-09-12,Washington,4,Eureka,7,False,False
2026-09-12,Van-Far,0,Fayette,15,False,False
2026-09-12,Jamestown,0,Fayette,2,False,False
2026-09-12,Harrisburg,2,Fayette,0,False,False
2026-09-12,Francis Howell North,2,Festus,1,False,False
2026-09-12,Seckman,7,Festus,8,False,False
2026-09-12,Helias Catholic,10,Francis Howell Central,0,False,False
2026-09-12,Pacific,3,Francis Howell North,18,False,False
2026-09-12,Ozark,3,Ft. Zumwalt West,9,False,False
2026-09-12,Smithville,2,Grain Valley,9,False,False
2026-09-12,Nixa,4,Grain Valley,9,False,False
2026-09-12,Milan,9,Grundy County with Newtown-Harris,7,False,False
2026-09-12,Salisbury,16,Grundy County with Newtown-Harris,1,False,False
2026-09-12,Meadville,6,Grundy County with Newtown-Harris,13,False,False
2026-09-12,Paris,8,Hannibal,5,False,False
2026-09-12,New Bloomfield,2,Hannibal,18,False,False
2026-09-12,Madison,2,Harrisburg,5,False,False
2026-09-12,St. Michael the Archangel,10,Harrisonville,5,False,False
2026-09-12,Vienna,7,Hartville,8,False,False
2026-09-12,Cuba,3,Hermann with New Haven,22,False,False
2026-09-12,Newburg,6,Hermann with New Haven,5,False,False
2026-09-12,St. James,9,Hermann with New Haven,16,False,False
2026-09-12,La Plata,3,Highland,18,False,False
2026-09-12,Liberty North,8,Hillsboro,0,False,False
2026-09-12,Battle,6,Hillsboro,8,False,False
2026-09-12,South Harrison,6,Holden,8,False,False
2026-09-12,Pleasant Hill,4,Holden,11,False,False
2026-09-12,Savannah,8,Holden,2,False,False
2026-09-12,Dixon,14,Humansville,7,False,False
2026-09-12,Rock Bridge,7,Jackson,6,False,False
2026-09-12,New Franklin,3,Jamestown,9,False,False
2026-09-12,Neosho,18,Kearney,3,False,False
2026-09-12,Kearney,8,Kickapoo,2,False,False
2026-09-12,Neosho,3,Kickapoo,4,False,False
2026-09-12,Lawson,4,Kirksville,9,False,False
2026-09-12,South Harrison,9,Kirksville,3,False,False
2026-09-12,Savannah,11,Kirksville,2,False,False
2026-09-12,Lee's Summit,11,Kirkwood,0,False,False
2026-09-12,St. Elizabeth,13,Kirkwood,0,False,False
2026-09-12,Troy Buchanan,8,Lafayette (Wildwood),2,False,False
2026-09-12,Rock Bridge,8,Lafayette (Wildwood),2,False,False
2026-09-12,Owensville,7,Lafayette County,12,False,False
2026-09-12,Warrensburg,2,Lafayette County,1,False,False
2026-09-12,Polo,0,Lathrop,18,False,False
2026-09-12,Penney,3,Lathrop,18,False,False
2026-09-12,Pleasant Hill,7,Lawson,4,False,False
2026-09-12,Capital City,1,Lee's Summit,6,False,False
2026-09-12,Republic,5,Lee's Summit West,8,False,False
2026-09-12,Truman,1,Lee's Summit West,2,False,False
2026-09-12,Richmond,18,Lincoln College Prep,6,False,False
2026-09-12,Battle,6,Linn,10,False,False
2026-09-12,California,0,Linn,15,False,False
2026-09-12,Lawson,2,Macon,8,False,False
2026-09-12,South Harrison,8,Macon,6,False,False
2026-09-12,Van-Far,9,Madison,12,False,False
2026-09-12,Montgomery County,6,Marshfield,7,False,False
2026-09-12,North Platte,21,Maryville,0,False,False
2026-09-12,Benton,17,Maryville,0,False,False
2026-09-12,Lincoln College Prep,7,Maryville,11,False,False
2026-09-12,Princeton,16,Meadville,0,False,False
2026-09-12,"Tina-Avalon with Bosworth, Hale",16,Meadville,7,False,False
2026-09-12,Westminster Christian Academy,5,Mid-Buchanan,1,False,False
2026-09-12,"Tina-Avalon with Bosworth, Hale",10,Milan,14,False,False
2026-09-12,Salisbury,17,Milan,2,False,False
2026-09-12,Halfway,7,Monett,4,False,False
2026-09-12,Van-Far,3,New Franklin,8,False,False
2026-09-12,Smithville,3,Nixa,13,False,False
2026-09-12,West Platte,12,North Platte,2,False,False
2026-09-12,Staley,6,Northwest (Cedar Hill),2,False,False
2026-09-12,Bolivar,2,Northwest (Cedar Hill),6,False,False
2026-09-12,Walnut Grove,0,Norwood,7,False,False
2026-09-12,Iberia,7,Oak Park,8,False,False
2026-09-12,Montgomery County,4,Oak Park,8,False,False
2026-09-12,Hartville,1,Osage,6,False,False
2026-09-12,Vienna,3,Osage,7,False,False
2026-09-12,Waynesville,3,Osage,12,False,False
2026-09-12,New Bloomfield,5,Paris,4,False,False
2026-09-12,Capital City,11,Park Hill,1,False,False
2026-09-12,Stewartsville with Osborn,2,Penney,13,False,False
2026-09-12,Stewartsville with Osborn,6,Polo,11,False,False
2026-09-12,"Tina-Avalon with Bosworth, Hale",0,Princeton,12,False,False
2026-09-12,Salisbury,0,Princeton,5,False,False
2026-09-12,West Platte,4,Richmond,5,False,False
2026-09-12,Highland,15,Schuyler County,5,False,False
2026-09-12,La Plata,5,Schuyler County,15,False,False
2026-09-12,Pacific,2,Seckman,1,False,False
2026-09-12,Lathrop,15,Slater with Malta Bend,0,False,False
2026-09-12,Polo,6,Slater with Malta Bend,14,False,False
2026-09-12,St. Francis Borgia,9,Smith-Cotton,0,False,False
2026-09-12,Staley,7,Smith-Cotton,4,False,False
2026-09-12,Marshfield,15,Southern Boone,4,False,False
2026-09-12,Iberia,2,Southern Boone,17,False,False
2026-09-12,Newburg,7,St. James,6,False,False
2026-09-12,Cuba,2,St. James,17,False,False
2026-09-12,North Platte,4,Trenton,2,False,False
2026-09-12,Richmond,6,Trenton,1,False,False
2026-09-12,Jackson,0,Troy Buchanan,6,False,False
2026-09-12,Republic,3,Truman,4,False,False
2026-09-12,St. Dominic,5,Union,0,False,False
2026-09-12,St. Dominic,2,Washington,9,False,False
2026-09-12,Hartville,8,Waynesville,5,False,False
2026-09-12,Vienna,6,Waynesville,0,False,False
2026-09-12,Ritenour,3,Webster Groves,10,False,False
2026-09-12,Community,3,Westran,5,False,False
2026-09-12,Harrisburg,15,Westran,0,False,False
2026-09-12,Jamestown,7,Westran,10,False,False
2026-09-12,St. Elizabeth,0,Willard,15,False,False
2026-09-12,Eldon,1,Willard,9,False,False
2026-09-14,Logan-Rogersville,9,Aurora,0,False,False
2026-09-14,Camdenton,4,Battle,14,False,False
2026-09-14,Paris,14,Bevier,0,False,False
2026-09-14,Southern Boone,9,Boonville,3,False,False
2026-09-14,Richmond,23,"Braymer with Breckenridge, Southwest (Livingston County)",0,False,False
2026-09-14,Cassville,0,Carthage,10,False,False
2026-09-14,Lee's Summit North,9,Central (St. Joseph),1,False,False
2026-09-14,St. Elizabeth,2,Centralia,3,False,False
2026-09-14,Ladue Horton Watkins,8,Clayton,3,False,False
2026-09-14,Northeast (Cairo),0,Community,9,False,False
2026-09-14,Macks Creek,0,Crocker,16,False,False
2026-09-14,Lutheran South,5,DeSoto,4,False,False
2026-09-14,Oakville,6,Farmington,5,False,False
2026-09-14,St. Francis Borgia,8,Fatima,6,False,False
2026-09-14,Linn,5,Fayette,0,False,False
2026-09-14,Blair Oaks,20,Fulton,0,False,False
2026-09-14,North Harrison,10,Gilman City with Tri-County,6,False,False
2026-09-14,Hillcrest,5,Glendale,20,False,False
2026-09-14,Platte County,4,Grain Valley,5,False,False
2026-09-14,Raytown South,0,Grandview,15,False,False
2026-09-14,Bowling Green,6,Hannibal,5,False,False
2026-09-14,Incarnate Word Academy,10,Hazelwood West,0,False,False
2026-09-14,Father Tolton,0,Hickman,11,False,False
2026-09-14,Louisiana,6,Highland,20,False,False
2026-09-14,Nevada,0,Holden,18,False,False
2026-09-14,Montrose with Appleton City,11,Humansville,12,False,False
2026-09-14,Eugene,7,Iberia,10,False,False
2026-09-14,Macon,10,Kirksville,6,False,False
2026-09-14,South Shelby,4,La Plata,5,False,False
2026-09-14,Norwood,18,Laquey,1,False,False
2026-09-14,Benton,1,Lathrop,8,False,False
2026-09-14,Carrollton,10,Lawson,20,False,False
2026-09-14,Lee's Summit West,7,Lee's Summit,5,False,False
2026-09-14,Timberland,17,Liberty (Wentzville),1,False,False
2026-09-14,Blue Springs,4,Liberty North,9,False,False
2026-09-14,Seckman,0,Lindbergh,10,False,False
2026-09-14,Green City,21,Linn County,7,False,False
2026-09-14,Wellsville-Middletown,26,Marion County,9,False,False
2026-09-14,Hermann with New Haven,9,Mark Twain,21,False,False
2026-09-14,Jefferson (Conception) with South Nodaway,14,Maryville,1,False,False
2026-09-14,"Pattonsburg with North Daviess, Winston",1,Maysville,7,False,False
2026-09-14,Ozark,7,McDonald County,8,False,False
2026-09-14,Bolivar,15,Monett,5,False,False
2026-09-14,East Carter,2,Neelyville,17,False,False
2026-09-14,South Callaway,7,New Bloomfield,9,False,False
2026-09-14,"Brunswick with Keytesville, Northwestern (Mendon)",9,New Franklin,6,False,False
2026-09-14,Tuscumbia,12,Newburg,13,False,False
2026-09-14,Chaffee,7,North County,1,False,False
2026-09-14,Oak Park,21,North Kansas City,3,False,False
2026-09-14,Lafayette (Wildwood),4,Northwest (Cedar Hill),1,False,False
2026-09-14,Doniphan,14,Notre Dame (Cape Girardeau),6,False,False
2026-09-14,Ft. Zumwalt South,13,Orchard Farm,12,False,False
2026-09-14,Moberly,5,Palmyra,7,False,False
2026-09-14,Liberty,1,Park Hill,2,False,False
2026-09-14,Raymore-Peculiar,9,Park Hill South,4,False,False
2026-09-14,Wheatland,14,Parkview,0,False,False
2026-09-14,Parkway Central,11,Parkway North with Principia,4,False,False
2026-09-14,Marquette,1,Parkway West,2,False,False
2026-09-14,Kelly,4,Perryville,0,False,False
2026-09-14,Jamestown,24,Pilot Grove,6,False,False
2026-09-14,South Harrison,19,Plattsburg,0,False,False
2026-09-14,Sherwood,0,Pleasant Hill,15,False,False
2026-09-14,Saxony Lutheran with St. Vincent,0,Poplar Bluff,10,False,False
2026-09-14,"Mercer with Cainsville, Ridgeway",0,Princeton,18,False,False
2026-09-14,Scotland County,0,Putnam County,4,False,False
2026-09-14,Halfway,14,Richland,2,False,False
2026-09-14,St. Joseph's Academy,17,Ritenour,0,False,False
2026-09-14,Capital City,2,Rock Bridge,6,False,False
2026-09-14,Parkway South,13,Rockwood Summit,1,False,False
2026-09-14,Harrisburg,12,Russellville,0,False,False
2026-09-14,Atlanta,1,Schuyler County,16,False,False
2026-09-14,Carl Junction,0,Seneca,12,False,False
2026-09-14,Helias Catholic,15,Smith-Cotton,2,False,False
2026-09-14,Jefferson (Festus),4,St. Clair,2,False,False
2026-09-14,Cuba,4,St. James,14,False,False
2026-09-14,Lutheran St. Charles with Veritas Christian Academy,18,St. Pius X (Festus),3,False,False
2026-09-14,Blue Springs South,3,Staley,4,False,False
2026-09-14,Osage,12,Stoutland,6,False,False
2026-09-14,Troy Buchanan,13,Sullivan,0,False,False
2026-09-14,Bucklin with Macon County,10,"Tina-Avalon with Bosworth, Hale",20,False,False
2026-09-14,Belton,3,Truman,4,False,False
2026-09-14,Sikeston,1,Twin Rivers,16,False,False
2026-09-14,Washington,14,Union,0,False,False
2026-09-14,Monroe City,11,Van-Far,1,False,False
2026-09-14,Summit Christian Academy,1,Warrensburg,11,False,False
2026-09-14,St. Dominic,4,Warrenton,7,False,False
2026-09-14,Dixon,22,Waynesville,8,False,False
2026-09-14,Ursuline Academy,3,Webster Groves,13,False,False
2026-09-14,Sturgeon,1,Westran,11,False,False
2026-09-14,Raytown,8,William Chrisman,0,False,False
2026-09-14,Smithville,16,Winnetonka,0,False,False
2026-09-14,St. Charles West with St. Charles,7,Wright City,9,False,False
2026-09-14,Bishop LeBlond,,Excelsior Springs,,False,False
2026-09-14,Penney,,Trenton,,False,False
2026-09-15,Meadville,11,Atlanta,24,False,False
2026-09-15,McDonald County,9,Aurora,2,False,False
2026-09-15,Hickman,13,Battle,3,False,False
2026-09-15,Grain Valley,6,Belton,2,False,False
2026-09-15,Lawson,4,Benton,7,False,False
2026-09-15,"Mercer with Cainsville, Ridgeway",12,"Braymer with Breckenridge, Southwest (Livingston County)",2,False,False
2026-09-15,Putnam County,0,Brookfield,1,False,False
2026-09-15,South Callaway,0,California,1,False,False
2026-09-15,Branson,5,Carl Junction,3,False,False
2026-09-15,Richmond,20,Carrollton,2,False,False
2026-09-15,Mexico,0,Centralia,11,False,False
2026-09-15,Twin Rivers,4,Chaffee,13,False,False
2026-09-15,Cameron,0,Chillicothe,9,False,False
2026-09-15,Richland,17,Climax Springs,5,False,False
2026-09-15,Oak Grove,23,Clinton,0,False,False
2026-09-15,Westminster Christian Academy,4,Cor Jesu Academy,2,False,False
2026-09-15,Jefferson (Festus),23,Cuba,5,False,False
2026-09-15,Doniphan,15,East Carter,1,False,False
2026-09-15,Van-Far,3,Elsberry,4,False,False
2026-09-15,Eldon,4,Eugene,0,False,False
2026-09-15,Hermitage,17,Fair Play,1,False,False
2026-09-15,Hillsboro,12,Farmington,1,False,False
2026-09-15,Linn,16,Father Tolton,9,False,False
2026-09-15,St. Elizabeth,1,Fatima,4,False,False
2026-09-15,New Franklin,0,Fayette,7,False,False
2026-09-15,DeSoto,0,Festus,10,False,False
2026-09-15,Ft. Zumwalt West,14,Francis Howell Central,6,False,False
2026-09-15,Francis Howell,4,Francis Howell North,5,False,False
2026-09-15,Timberland,16,Ft. Zumwalt East,1,False,False
2026-09-15,Marceline,12,Gallatin,1,False,False
2026-09-15,Carthage,16,Glendale,4,False,False
2026-09-15,Lincoln College Prep,0,Grandview,21,False,False
2026-09-15,Russellville,11,Hallsville with Christian Fellowship Sr.,12,False,False
2026-09-15,McCluer North,4,Hancock,15,False,False
2026-09-15,Pleasant Hill,10,Harrisonville,1,False,False
2026-09-15,Dixon,9,Hartville,11,False,False
2026-09-15,Pattonville,11,Hazelwood West,9,False,False
2026-09-15,Blair Oaks,3,Helias Catholic,4,False,False
2026-09-15,Owensville,16,Hermann with New Haven,0,False,False
2026-09-15,Canton,1,Highland,11,False,False
2026-09-15,Orchard Farm,7,Holt,13,False,False
2026-09-15,Weaubleau,18,Humansville,1,False,False
2026-09-15,Stoutland,4,Iberia,14,False,False
2026-09-15,St. Dominic,5,Incarnate Word Academy,8,False,False
2026-09-15,Vienna,10,Jamestown,4,False,False
2026-09-15,Smithville,2,Kearney,4,False,False
2026-09-15,Fredericktown,1,Kelly,2,False,False
2026-09-15,Webb City,5,Kickapoo,8,False,False
2026-09-15,Affton,9,Kirkwood,5,False,False
2026-09-15,Lexington,12,Knob Noster,8,False,False
2026-09-15,Scotland County,8,Knox County,1,False,False
2026-09-15,Bucklin with Macon County,15,La Plata,20,False,False
2026-09-15,Holden,0,Lafayette County,10,False,False
2026-09-15,Lone Jack,2,Lathrop,14,False,False
2026-09-15,Republic,19,Lebanon,8,False,False
2026-09-15,North Kansas City,0,Lee's Summit North,15,False,False
2026-09-15,Lee's Summit,4,Liberty North,9,False,False
2026-09-15,Rockwood Summit,0,Lindbergh,7,False,False
2026-09-15,Wright City,14,Louisiana,2,False,False
2026-09-15,Glasgow,13,Madison,1,False,False
2026-09-15,Silex,4,Mark Twain,0,False,False
2026-09-15,Bolivar,0,Marshfield,7,False,False
2026-09-15,Savannah,20,Maryville,0,False,False
2026-09-15,Fulton,2,Moberly,12,False,False
2026-09-15,Hannibal,0,Monroe City,7,False,False
2026-09-15,Bowling Green,1,Montgomery County,14,False,False
2026-09-15,Naylor,4,Neelyville,3,False,False
2026-09-15,Monett,21,Nevada,1,False,False
2026-09-15,Neosho,5,Nixa,8,False,False
2026-09-15,Clopton,0,North Callaway,10,False,False
2026-09-15,North Shelby,15,Northeast (Cairo),3,False,False
2026-09-15,Fox,0,Northwest (Cedar Hill),3,False,False
2026-09-15,St. Joseph's Academy,15,Notre Dame (St. Louis),4,False,False
2026-09-15,Brashear,7,Novinger,8,False,False
2026-09-15,Park Hill,6,Oak Park,0,False,False
2026-09-15,Joplin,2,Ozark,1,False,False
2026-09-15,Sullivan,14,Pacific,0,False,False
2026-09-15,Lafayette (Wildwood),13,Parkway South,2,False,False
2026-09-15,Jackson,6,Parkway West,13,False,False
2026-09-15,Sturgeon,7,Pilot Grove,9,False,False
2026-09-15,Fort Osage,5,Platte County,2,False,False
2026-09-15,Truman,19,Raytown,4,False,False
2026-09-15,Winnetonka,21,Raytown South,5,False,False
2026-09-15,Hillcrest,2,Rolla,17,False,False
2026-09-15,William Chrisman,17,Ruskin,2,False,False
2026-09-15,Paris,2,Salisbury,12,False,False
2026-09-15,Cassville,9,Seneca,6,False,False
2026-09-15,Summit Christian Academy,14,Sherwood,7,False,False
2026-09-15,Central (Cape Girardeau),22,Sikeston,7,False,False
2026-09-15,Community,2,Slater with Malta Bend,0,False,False
2026-09-15,Milan,1,South Harrison,16,False,False
2026-09-15,Union,11,St. Clair,1,False,False
2026-09-15,Eureka,10,St. Francis Borgia,0,False,False
2026-09-15,Notre Dame de Sion,0,St. Teresa's Academy,9,False,False
2026-09-15,Blue Springs,0,Staley,4,False,False
2026-09-15,Maysville,2,Trenton,7,False,False
2026-09-15,Liberty (Wentzville),2,Troy Buchanan,17,False,False
2026-09-15,Parkway North with Principia,16,University City,6,False,False
2026-09-15,Halfway,15,Walnut Grove,0,False,False
2026-09-15,Odessa,3,Warrensburg,8,False,False
2026-09-15,Ft. Zumwalt North,1,Washington,14,False,False
2026-09-15,Willard,17,Waynesville,4,False,False
2026-09-15,Logan-Rogersville,17,West Plains,0,False,False
2026-09-15,Jefferson (Conception) with South Nodaway,5,West Platte,15,False,False
2026-09-15,"Brunswick with Keytesville, Northwestern (Mendon)",7,Westran,5,False,False
2026-09-15,Macks Creek,2,Wheatland,7,False,False
2026-09-15,St. Charles West with St. Charles,1,Winfield,4,False,False
2026-09-15,Stewartsville with Osborn,,East Buchanan,,False,False
2026-09-15,Perryville,,Herculaneum with Crystal City,,False,False
2026-09-15,Warrenton,,Lutheran St. Charles with Veritas Christian Academy,,False,False
2026-09-15,Stanberry,,North Andrew,,False,False
2026-09-15,Clark County,,Palmyra,,False,False
2026-09-15,King City with Union Star,,"Pattonsburg with North Daviess, Winston",,False,False
2026-09-15,Blue Springs South,,Raymore-Peculiar,,False,False
2026-09-15,Albany,,Worth County,,False,False
2026-09-16,Kelly,17,Central (Cape Girardeau),4,False,False
2026-09-16,Hannibal,8,Clark County,3,False,False
2026-09-16,Jackson,4,Farmington,0,False,False
2026-09-16,Iberia,2,Fatima,13,False,False
2026-09-16,Herculaneum with Crystal City,0,Festus,15,False,False
2026-09-16,Smith-Cotton,4,Hallsville with Christian Fellowship Sr.,6,False,False
2026-09-16,Bowling Green,3,Helias Catholic,7,False,False
2026-09-16,Capital City,9,Hickman,11,False,False
2026-09-16,Valley Park,17,Jefferson (Festus),6,False,False
2026-09-16,Lindbergh,4,Lafayette (Wildwood),3,False,False
2026-09-16,St. Michael the Archangel,4,Lafayette County,7,False,False
2026-09-16,St. James,22,Laquey,0,False,False
2026-09-16,Oak Park,3,Lee's Summit North,13,False,False
2026-09-16,Plattsburg,3,Lexington,18,False,False
2026-09-16,Pleasant Hill,13,Lone Jack,1,False,False
2026-09-16,Cor Jesu Academy,18,Lutheran South,1,False,False
2026-09-16,St. Joseph's Academy,15,Lutheran St. Charles with Veritas Christian Academy,4,False,False
2026-09-16,Eureka,10,Marquette,0,False,False
2026-09-16,Macon,2,Mexico,8,False,False
2026-09-16,Knob Noster,17,Norborne with Hardin-Central,2,False,False
2026-09-16,Ft. Zumwalt South,0,North Point,8,False,False
2026-09-16,North County,8,Notre Dame (Cape Girardeau),11,False,False
2026-09-16,Marshall,3,Odessa,11,False,False
2026-09-16,Incarnate Word Academy,7,Parkway South,7,False,False
2026-09-16,Oak Grove,3,Savannah,2,False,False
2026-09-16,Fredericktown,11,Saxony Lutheran with St. Vincent,0,False,False
2026-09-16,Montrose with Appleton City,8,Sherwood,6,False,False
2026-09-16,Francis Howell North,9,St. Dominic,3,False,False
2026-09-16,Westminster Christian Academy,7,St. Francis Borgia,2,False,False
2026-09-16,Rolla,14,Union,10,False,False
2026-09-16,St. Clair,0,Washington,16,False,False
2026-09-16,Parkway West,12,Webster Groves,3,False,False
2026-09-16,Hermann with New Haven,30,Wellsville-Middletown,8,False,False
2026-09-16,St. Pius X (Kansas City),17,Winnetonka,7,False,False
2026-09-16,Crocker,,Eldon,,False,False
2026-09-16,Hillsboro,,Seckman,,False,False
2026-09-17,Ladue Horton Watkins,14,Affton,3,False,False
2026-09-17,Bevier,5,Atlanta,15,False,False
2026-09-17,Seneca,2,Aurora,1,False,False
2026-09-17,New Bloomfield,4,Battle,5,False,False
2026-09-17,Platte County,14,Belton,15,False,False
2026-09-17,Maryville,0,Benton,21,False,False
2026-09-17,Raymore-Peculiar,7,Blue Springs,4,False,False
2026-09-17,Liberty North,1,Blue Springs South,2,False,False
2026-09-17,Hillcrest,0,Bolivar,14,False,False
2026-09-17,Blair Oaks,6,Boonville,3,False,False
2026-09-17,Marshfield,4,Branson,0,False,False
2026-09-17,Green City,9,Brashear,10,False,False
2026-09-17,Salisbury,12,"Brunswick with Keytesville, Northwestern (Mendon)",0,False,False
2026-09-17,Southern Boone,14,California,2,False,False
2026-09-17,Rock Bridge,20,Camdenton,1,False,False
2026-09-17,Silex,11,Canton,0,False,False
2026-09-17,Lebanon,5,Carthage,15,False,False
2026-09-17,Monett,0,Cassville,6,False,False
2026-09-17,Festus,0,Chaffee,3,False,False
2026-09-17,North Shelby,4,Clark County,0,False,False
2026-09-17,Dixon,25,Climax Springs,3,False,False
2026-09-17,Warrensburg,21,Clinton,0,False,False
2026-09-17,Montgomery County,10,Clopton,2,False,False
2026-09-17,Westran,5,Community,13,False,False
2026-09-17,Ursuline Academy,1,Cor Jesu Academy,16,False,False
2026-09-17,North Callaway,0,Elsberry,2,False,False
2026-09-17,Russellville,2,Eugene,11,False,False
2026-09-17,William Chrisman,1,Fort Osage,11,False,False
2026-09-17,Ft. Zumwalt West,4,Francis Howell,3,False,False
2026-09-17,Liberty (Wentzville),10,Francis Howell North,14,False,False
2026-09-17,Herculaneum with Crystal City,2,Fredericktown,12,False,False
2026-09-17,Westminster Christian Academy,12,Ft. Zumwalt South,3,False,False
2026-09-17,Mexico,15,Fulton,5,False,False
2026-09-17,Northeast (Cairo),1,Glasgow,12,False,False
2026-09-17,Oak Park,10,Grandview,5,False,False
2026-09-17,Fair Play,1,Halfway,11,False,False
2026-09-17,Fayette,2,Harrisburg,11,False,False
2026-09-17,Norwood,4,Hartville,16,False,False
2026-09-17,Slater with Malta Bend,8,Higbee,2,False,False
2026-09-17,Kirksville,3,Highland,2,False,False
2026-09-17,Marquette,14,Hillsboro,5,False,False
2026-09-17,Richmond,2,Holden,6,False,False
2026-09-17,Tuscumbia,1,Jamestown,11,False,False
2026-09-17,Father Tolton,1,Jefferson City,0,False,False
2026-09-17,Glendale,5,Joplin,3,False,False
2026-09-17,Saxony Lutheran with St. Vincent,8,Kelly,9,False,False
2026-09-17,Knob Noster,0,Lafayette County,12,False,False
2026-09-17,Plattsburg,0,Lawson,15,False,False
2026-09-17,Truman,5,Lee's Summit,6,False,False
2026-09-17,Staley,5,Lee's Summit West,7,False,False
2026-09-17,Carrollton,24,Lexington,20,False,False
2026-09-17,Central (St. Joseph),3,Liberty,18,False,False
2026-09-17,South Callaway,0,Linn,12,False,False
2026-09-17,Carl Junction,7,Logan-Rogersville,11,False,False
2026-09-17,Sturgeon,7,Madison,1,False,False
2026-09-17,South Harrison,1,Marceline,4,False,False
2026-09-17,Moberly,11,Marshall,1,False,False
2026-09-17,Nevada,0,McDonald County,19,False,False
2026-09-17,East Buchanan,1,Mid-Buchanan,11,False,False
2026-09-17,Brookfield,16,Milan,0,False,False
2026-09-17,Sikeston,1,Naylor,7,False,False
2026-09-17,Waynesville,1,Neosho,18,False,False
2026-09-17,Central (Cape Girardeau),5,North County,15,False,False
2026-09-17,Grundy County with Newtown-Harris,16,Novinger,4,False,False
2026-09-17,Pleasant Hill,3,Oak Grove,2,False,False
2026-09-17,Harrisonville,8,Odessa,11,False,False
2026-09-17,Eldon,4,Osage,0,False,False
2026-09-17,Union,5,Owensville,10,False,False
2026-09-17,Bowling Green,7,Palmyra,5,False,False
2026-09-17,North Kansas City,0,Park Hill,16,False,False
2026-09-17,Windsor (Imperial),2,Parkway Central,3,False,False
2026-09-17,Mehlville,8,Parkway North with Principia,1,False,False
2026-09-17,Oakville,8,Parkway South,0,False,False
2026-09-17,Clayton,1,Pattonville,11,False,False
2026-09-17,North Platte,12,Penney,5,False,False
2026-09-17,Jefferson (Festus),16,Perryville,6,False,False
2026-09-17,Lone Jack,9,Polo,1,False,False
2026-09-17,Ruskin,4,Raytown South,25,False,False
2026-09-17,Ozark,8,Republic,6,False,False
2026-09-17,Kirkwood,6,Ritenour,3,False,False
2026-09-17,Chillicothe,10,Savannah,2,False,False
2026-09-17,Knox County,0,Schuyler County,10,False,False
2026-09-17,Excelsior Springs,5,Smithville,12,False,False
2026-09-17,Monroe City,16,South Shelby,8,False,False
2026-09-17,Rockwood Summit,10,St. Charles West with St. Charles,8,False,False
2026-09-17,Summit Christian Academy,16,St. Michael the Archangel,3,False,False
2026-09-17,Notre Dame (St. Louis),7,St. Pius X (Festus),22,False,False
2026-09-17,Cameron,10,St. Pius X (Kansas City),2,False,False
2026-09-17,Northeast Nodaway,7,Stewartsville with Osborn,8,False,False
2026-09-17,Crocker,13,Stoutland,9,False,False
2026-09-17,Hermann with New Haven,0,Sullivan,12,False,False
2026-09-17,Norborne with Hardin-Central,20,"Tina-Avalon with Bosworth, Hale",12,False,False
2026-09-17,Francis Howell Central,0,Troy Buchanan,9,False,False
2026-09-17,Neelyville,4,Twin Rivers,8,False,False
2026-09-17,Hazelwood West,13,University City,3,False,False
2026-09-17,Mark Twain,13,Van-Far,7,False,False
2026-09-17,Newburg,1,Vienna,13,False,False
2026-09-17,Dadeville with Everton,18,Walnut Grove,3,False,False
2026-09-17,Nixa,3,Webb City,13,False,False
2026-09-17,Lathrop,14,West Platte,12,False,False
2026-09-17,Kickapoo,1,Willard,11,False,False
2026-09-17,Orchard Farm,1,Winfield,11,False,False
2026-09-17,Kearney,21,Winnetonka,0,False,False
2026-09-17,Lee's Summit North,,Park Hill South,,False,False
2026-09-17,Maysville,,Putnam County,,False,False
2026-09-17,King City with Union Star,,Stanberry,,False,False
2026-09-18,Notre Dame (Cape Girardeau),11,Blair Oaks,6,False,False
2026-09-18,Smithville,18,Boonville,0,False,False
2026-09-18,Boonville,10,Central (St. Joseph),2,False,False
2026-09-18,Smithville,15,Central (St. Joseph),0,False,False
2026-09-18,Harrisburg,10,Central (St. Joseph),4,False,False
2026-09-18,West Platte,3,Central (St. Joseph),0,False,False
2026-09-18,Capital City,2,Chaffee,1,False,False
2026-09-18,Fatima,0,Chaffee,8,False,False
2026-09-18,Hartville,2,Dadeville with Everton,9,False,False
2026-09-18,Fox,4,Farmington,5,False,False
2026-09-18,Capital City,6,Fatima,7,False,False
2026-09-18,Saxony Lutheran with St. Vincent,6,Fox,2,False,False
2026-09-18,Francis Howell North,2,Ft. Zumwalt West,1,False,False
2026-09-18,West Platte,2,Harrisburg,8,False,False
2026-09-18,Humansville,9,Hermitage,5,False,False
2026-09-18,Stoutland,6,Hermitage,1,False,False
2026-09-18,Notre Dame (Cape Girardeau),1,Hickman,13,False,False
2026-09-18,Blair Oaks,5,Hickman,6,False,False
2026-09-18,Washington,5,Hillsboro,3,False,False
2026-09-18,Stoutland,1,Humansville,6,False,False
2026-09-18,Northwest (Cedar Hill),4,Jackson,10,False,False
2026-09-18,Macon,8,Jefferson City,7,False,False
2026-09-18,Webster Groves,1,Kirkwood,5,False,False
2026-09-18,Valley Park,11,Ladue Horton Watkins,4,False,False
2026-09-18,Newburg,21,Laquey,3,False,False
2026-09-18,Grandview,22,Lincoln College Prep,5,False,False
2026-09-18,Ruskin,12,Lincoln College Prep,11,False,False
2026-09-18,South Harrison,8,Linn,5,False,False
2026-09-18,Novinger,9,Linn County,10,False,False
2026-09-18,Weaubleau,13,Macks Creek,3,False,False
2026-09-18,Father Tolton,10,Macon,9,False,False
2026-09-18,Jamestown,17,Madison,0,False,False
2026-09-18,Brashear,27,Meadville,16,False,False
2026-09-18,Wheatland,11,Montrose with Appleton City,2,False,False
2026-09-18,Rolla,6,North County,5,False,False
2026-09-18,Sullivan,3,North County,7,False,False
2026-09-18,Fort Osage,0,Park Hill,2,False,False
2026-09-18,Harrisburg,11,Park Hill,1,False,False
2026-09-18,William Chrisman,0,Park Hill South,15,False,False
2026-09-18,St. Teresa's Academy,17,Raytown South,2,False,False
2026-09-18,Holt,13,Ritenour,6,False,False
2026-09-18,Belton,2,Rock Bridge,5,False,False
2026-09-18,Sullivan,7,Rolla,8,False,False
2026-09-18,Ft. Zumwalt East,6,Seckman,9,False,False
2026-09-18,Liberty (Wentzville),2,Silex,7,False,False
2026-09-18,Linn,5,Southern Boone,6,False,False
2026-09-18,South Harrison,2,Southern Boone,3,False,False
2026-09-18,Richland,3,St. James,13,False,False
2026-09-18,Community,0,Sturgeon,2,False,False
2026-09-18,Winnetonka,19,University City,5,False,False
2026-09-18,Fort Osage,5,West Platte,1,False,False
2026-09-18,St. Joseph's Academy,0,Westminster Christian Academy,7,False,False
2026-09-18,Benton,11,William Chrisman,1,False,False
2026-09-18,Lutheran St. Charles with Veritas Christian Academy,1,Wright City,16,False,False
2026-09-18,Iberia,,Camdenton,,False,False
2026-09-18,Cor Jesu Academy,,Festus,,False,False
2026-09-18,New Bloomfield,,St. Elizabeth,,False,False
2026-09-18,Cor Jesu Academy,,Windsor (Imperial),,False,False
2026-09-19,Marquette,15,Belton,1,False,False
2026-09-19,Fort Osage,5,Benton,3,False,False
2026-09-19,Smithville,4,Benton,3,False,False
2026-09-19,Scotland County,13,Bevier,0,False,False
2026-09-19,North Shelby,24,Bevier,0,False,False
2026-09-19,Linn,7,Blair Oaks,3,False,False
2026-09-19,Park Hill,16,Boonville,1,False,False
2026-09-19,William Chrisman,2,Boonville,12,False,False
2026-09-19,Higbee,5,"Brunswick with Keytesville, Northwestern (Mendon)",2,False,False
2026-09-19,Norborne with Hardin-Central,1,"Brunswick with Keytesville, Northwestern (Mendon)",16,False,False
2026-09-19,Harrisburg,10,Central (St. Joseph),3,False,False
2026-09-19,Father Tolton,3,Chaffee,22,False,False
2026-09-19,Harrisonville,15,Clinton,4,False,False
2026-09-19,Richmond,17,Clinton,2,False,False
2026-09-19,Northeast (Cairo),15,Community,4,False,False
2026-09-19,La Plata,0,Community,14,False,False
2026-09-19,Centralia,4,Doniphan,1,False,False
2026-09-19,Sherwood,2,Excelsior Springs,18,False,False
2026-09-19,Glasgow,0,Fayette,4,False,False
2026-09-19,Battle,0,Fayette,6,False,False
2026-09-19,Holt,3,Francis Howell Central,13,False,False
2026-09-19,Jackson,8,Francis Howell Central,5,False,False
2026-09-19,St. Charles West with St. Charles,10,Ft. Zumwalt South,9,False,False
2026-09-19,Lutheran St. Charles with Veritas Christian Academy,7,Ft. Zumwalt South,22,False,False
2026-09-19,Glasgow,11,Fulton,7,False,False
2026-09-19,Fayette,8,Fulton,6,False,False
2026-09-19,Pilot Grove,10,Fulton,12,False,False
2026-09-19,Winfield,10,Hannibal,0,False,False
2026-09-19,Incarnate Word Academy,6,Hannibal,2,False,False
2026-09-19,St. Joseph's Academy,6,Hannibal,2,False,False
2026-09-19,Richmond,8,Harrisonville,7,False,False
2026-09-19,North Point,0,Helias Catholic,3,False,False
2026-09-19,Macks Creek,6,Hermitage,13,False,False
2026-09-19,Norborne with Hardin-Central,6,Higbee,16,False,False
2026-09-19,Kirkwood,3,Hillsboro,1,False,False
2026-09-19,Webster Groves,6,Hillsboro,7,False,False
2026-09-19,Wheatland,14,Humansville,2,False,False
2026-09-19,Holt,3,Jackson,13,False,False
2026-09-19,Notre Dame (Cape Girardeau),14,Jefferson City,10,False,False
2026-09-19,Washington,12,Kirkwood,2,False,False
2026-09-19,Marion County,0,Knox County,15,False,False
2026-09-19,Scotland County,4,Knox County,3,False,False
2026-09-19,Marceline,15,La Plata,1,False,False
2026-09-19,Excelsior Springs,10,Lawson,0,False,False
2026-09-19,Sherwood,3,Lawson,16,False,False
2026-09-19,University City,19,Lincoln College Prep,1,False,False
2026-09-19,Ft. Zumwalt East,9,Lutheran St. Charles with Veritas Christian Academy,4,False,False
2026-09-19,Fatima,8,Macon,4,False,False
2026-09-19,Mark Twain,14,Marion County,4,False,False
2026-09-19,Van-Far,6,Mark Twain,7,False,False
2026-09-19,Kirksville,16,Marshall,0,False,False
2026-09-19,McDonald County,2,Marshfield,1,False,False
2026-09-19,North Callaway,7,Moberly,3,False,False
2026-09-19,Putnam County,1,Moberly,2,False,False
2026-09-19,Palmyra,2,Moberly,8,False,False
2026-09-19,Macks Creek,9,Montrose with Appleton City,3,False,False
2026-09-19,Northeast (Cairo),1,North Callaway,7,False,False
2026-09-19,Marceline,5,North Callaway,3,False,False
2026-09-19,Rolla,1,North County,4,False,False
2026-09-19,Van-Far,2,North Shelby,12,False,False
2026-09-19,Vienna,5,Owensville,6,False,False
2026-09-19,Pacific,6,Owensville,5,False,False
2026-09-19,Vienna,3,Pacific,0,False,False
2026-09-19,Community,7,Palmyra,8,False,False
2026-09-19,Marceline,15,Palmyra,0,False,False
2026-09-19,Knox County,8,Paris,10,False,False
2026-09-19,Mark Twain,3,Paris,4,False,False
2026-09-19,North Shelby,2,Paris,0,False,False
2026-09-19,William Chrisman,3,Park Hill,18,False,False
2026-09-19,Harrisburg,0,Park Hill South,4,False,False
2026-09-19,West Platte,2,Park Hill South,6,False,False
2026-09-19,Battle,15,Pilot Grove,5,False,False
2026-09-19,Northeast (Cairo),12,Putnam County,8,False,False
2026-09-19,University City,11,Raytown South,3,False,False
2026-09-19,Belton,1,Rock Bridge,8,False,False
2026-09-19,Marquette,3,Rock Bridge,13,False,False
2026-09-19,Westminster Christian Academy,8,Rockwood Summit,7,False,False
2026-09-19,Wright City,7,Rockwood Summit,10,False,False
2026-09-19,St. Teresa's Academy,16,Ruskin,0,False,False
2026-09-19,Van-Far,13,Scotland County,6,False,False
2026-09-19,Wright City,4,Seckman,8,False,False
2026-09-19,Westminster Christian Academy,11,Seckman,10,False,False
2026-09-19,Pilot Grove,0,Slater with Malta Bend,10,False,False
2026-09-19,Battle,7,Slater with Malta Bend,6,False,False
2026-09-19,Glasgow,16,Slater with Malta Bend,1,False,False
2026-09-19,Fort Osage,3,Smithville,9,False,False
2026-09-19,Capital City,13,South Harrison,4,False,False
2026-09-19,Hickman,2,Southern Boone,12,False,False
2026-09-19,Ft. Zumwalt East,6,St. Charles West with St. Charles,8,False,False
2026-09-19,Weaubleau,7,Stoutland,16,False,False
2026-09-19,North Point,2,Troy Buchanan,8,False,False
2026-09-19,Helias Catholic,1,Troy Buchanan,6,False,False
2026-09-19,Washington,18,Webster Groves,2,False,False
2026-09-19,Weaubleau,2,Wheatland,11,False,False
2026-09-19,St. Joseph's Academy,0,Winfield,10,False,False
2026-09-21,Smith-Cotton,3,Battle,5,False,False
2026-09-21,St. Michael the Archangel,17,Bishop LeBlond,2,False,False
2026-09-21,Lee's Summit West,4,Blue Springs,3,False,False
2026-09-21,Orchard Farm,4,Bowling Green,12,False,False
2026-09-21,Carthage,5,Branson,6,False,False
2026-09-21,Highland,14,Canton,3,False,False
2026-09-21,Monett,0,Carl Junction,16,False,False
2026-09-21,Oak Park,5,Central (St. Joseph),7,False,False
2026-09-21,Monroe City,0,Centralia,15,False,False
2026-09-21,New Franklin,1,Community,9,False,False
2026-09-21,Norwood,2,East Carter,3,False,False
2026-09-21,Fayette,1,Eugene,3,False,False
2026-09-21,Poplar Bluff,7,Farmington,12,False,False
2026-09-21,Hallsville with Christian Fellowship Sr.,10,Father Tolton,5,False,False
2026-09-21,Belton,4,Fort Osage,7,False,False
2026-09-21,St. Joseph's Academy,3,Fox,4,False,False
2026-09-21,Lafayette (Wildwood),17,Francis Howell Central,7,False,False
2026-09-21,Perryville,5,Fredericktown,9,False,False
2026-09-21,North Point,2,Ft. Zumwalt East,3,False,False
2026-09-21,Winfield,9,Ft. Zumwalt South,2,False,False
2026-09-21,California,15,Fulton,5,False,False
2026-09-21,Milan,0,Gallatin,18,False,False
2026-09-21,Paris,1,Glasgow,11,False,False
2026-09-21,Blue Springs South,4,Grain Valley,6,False,False
2026-09-21,Wheatland,2,Halfway,12,False,False
2026-09-21,Kirksville,11,Hannibal,4,False,False
2026-09-21,Lebanon,4,Hartville,10,False,False
2026-09-21,Camdenton,3,Helias Catholic,18,False,False
2026-09-21,Crocker,22,Hermitage,9,False,False
2026-09-21,Union,6,Hillsboro,18,False,False
2026-09-21,Climax Springs,0,Humansville,15,False,False
2026-09-21,Blair Oaks,4,Iberia,5,False,False
2026-09-21,Oakville,2,Incarnate Word Academy,1,False,False
2026-09-21,Seckman,3,Jackson,10,False,False
2026-09-21,Slater with Malta Bend,17,Jamestown,2,False,False
2026-09-21,Kelly,13,Jefferson (Festus),2,False,False
2026-09-21,Logan-Rogersville,3,Joplin,2,False,False
2026-09-21,Carrollton,20,Knob Noster,6,False,False
2026-09-21,South Harrison,13,Lathrop,0,False,False
2026-09-21,Park Hill,2,Lee's Summit North,0,False,False
2026-09-21,Harrisonville,9,Lone Jack,10,False,False
2026-09-21,Affton,1,Lutheran South,16,False,False
2026-09-21,Laquey,0,Macks Creek,7,False,False
2026-09-21,South Shelby,0,Macon,10,False,False
2026-09-21,Mark Twain,16,Madison,1,False,False
2026-09-21,Aurora,0,Marshfield,11,False,False
2026-09-21,Stewartsville with Osborn,2,Maysville,3,False,False
2026-09-21,Linn County,18,Meadville,16,False,False
2026-09-21,Chillicothe,18,Moberly,0,False,False
2026-09-21,Dadeville with Everton,16,Montrose with Appleton City,0,False,False
2026-09-21,Saxony Lutheran with St. Vincent,13,Neelyville,4,False,False
2026-09-21,Warrensburg,14,Nevada,0,False,False
2026-09-21,Linn,12,New Bloomfield,3,False,False
2026-09-21,Festus,1,North County,6,False,False
2026-09-21,Grandview,17,North Kansas City,8,False,False
2026-09-21,Savannah,12,North Platte,10,False,False
2026-09-21,Westran,0,North Shelby,10,False,False
2026-09-21,Holden,8,Odessa,9,False,False
2026-09-21,Elsberry,10,Palmyra,5,False,False
2026-09-21,Liberty,15,Park Hill South,10,False,False
2026-09-21,Glendale,21,Parkview,1,False,False
2026-09-21,North Harrison,9,Penney,5,False,False
2026-09-21,East Buchanan,8,Polo,13,False,False
2026-09-21,Liberty North,10,Raymore-Peculiar,11,False,False
2026-09-21,Stoutland,21,Richland,5,False,False
2026-09-21,Plattsburg,0,Richmond,21,False,False
2026-09-21,Francis Howell North,9,Ritenour,8,False,False
2026-09-21,West Plains,5,Rolla,11,False,False
2026-09-21,Osage,9,Russellville,2,False,False
2026-09-21,Marceline,11,Salisbury,6,False,False
2026-09-21,Putnam County,4,Schuyler County,2,False,False
2026-09-21,Clark County,3,Scotland County,0,False,False
2026-09-21,Raytown South,2,Smithville,17,False,False
2026-09-21,Harrisburg,9,South Callaway,0,False,False
2026-09-21,Rockwood Summit,6,St. Dominic,1,False,False
2026-09-21,Chaffee,19,St. Pius X (Festus),3,False,False
2026-09-21,Lee's Summit,1,Staley,2,False,False
2026-09-21,Francis Howell,11,Sullivan,12,False,False
2026-09-21,Kearney,7,Summit Christian Academy,2,False,False
2026-09-21,Ft. Zumwalt West,2,Timberland,0,False,False
2026-09-21,Lawson,19,Trenton,7,False,False
2026-09-21,Eureka,2,Troy Buchanan,6,False,False
2026-09-21,Dixon,19,Tuscumbia,0,False,False
2026-09-21,Doniphan,16,Twin Rivers,0,False,False
2026-09-21,Pattonville,2,Valley Park,12,False,False
2026-09-21,Pacific,6,Washington,11,False,False
2026-09-21,Lindbergh,5,Webster Groves,3,False,False
2026-09-21,Pilot Grove,15,Wellsville-Middletown,0,False,False
2026-09-21,Cameron,2,West Platte,4,False,False
2026-09-21,Truman,20,William Chrisman,2,False,False
2026-09-21,Ruskin,6,Winnetonka,22,False,False
2026-09-21,Silex,6,Wright City,0,False,False
2026-09-21,Walnut Grove,,Fair Play,,False,False
2026-09-21,Herculaneum with Crystal City,,Hancock,,False,False
2026-09-21,Albany,,"Mercer with Cainsville, Ridgeway",,False,False
2026-09-21,Marshall,,Mexico,,False,False
2026-09-21,Kirkwood,,Northwest (Cedar Hill),,False,False
2026-09-21,Gilman City with Tri-County,,Princeton,,False,False
2026-09-21,Notre Dame (Cape Girardeau),,Sikeston,,False,False
2026-09-21,Hazelwood West,,St. Charles West with St. Charles,,False,False
2026-09-21,Windsor (Imperial),,Westminster Christian Academy,,False,False
2026-09-22,North Harrison,6,Albany,7,False,False
2026-09-22,Cassville,7,Aurora,1,False,False
2026-09-22,Hancock,18,Bayless,5,False,False
2026-09-22,La Plata,10,Bevier,3,False,False
2026-09-22,Battle,1,Boonville,2,False,False
2026-09-22,Hillcrest,0,Carl Junction,16,False,False
2026-09-22,Holden,3,Carrollton,6,False,False
2026-09-22,Farmington,21,Central (Cape Girardeau),5,False,False
2026-09-22,Fatima,1,Centralia,7,False,False
2026-09-22,Naylor,0,Chaffee,15,False,False
2026-09-22,Maryville,0,Chillicothe,15,False,False
2026-09-22,University City,9,Clayton,14,False,False
2026-09-22,Crocker,24,Climax Springs,8,False,False
2026-09-22,Newburg,31,Cuba,25,False,False
2026-09-22,Richland,1,Dixon,16,False,False
2026-09-22,Jamestown,1,Eldon,14,False,False
2026-09-22,Monroe City,1,Elsberry,10,False,False
2026-09-22,Parkway West,4,Eureka,11,False,False
2026-09-22,Francis Howell North,8,Francis Howell Central,7,False,False
2026-09-22,Washington,10,Ft. Zumwalt East,0,False,False
2026-09-22,Ft. Zumwalt South,11,Ft. Zumwalt North,9,False,False
2026-09-22,Troy Buchanan,6,Ft. Zumwalt West,2,False,False
2026-09-22,Oak Grove,14,Harrisonville,0,False,False
2026-09-22,Marshfield,9,Hartville,0,False,False
2026-09-22,Southern Boone,2,Helias Catholic,12,False,False
2026-09-22,Notre Dame (St. Louis),18,Herculaneum with Crystal City,14,False,False
2026-09-22,Union,17,Hermann with New Haven,0,False,False
2026-09-22,Rock Bridge,8,Hickman,9,False,False
2026-09-22,Hannibal,7,Highland,8,False,False
2026-09-22,DeSoto,2,Hillsboro,8,False,False
2026-09-22,St. Elizabeth,7,Iberia,3,False,False
2026-09-22,Stewartsville with Osborn,7,Jefferson (Conception) with South Nodaway,5,False,False
2026-09-22,Twin Rivers,6,Kelly,7,False,False
2026-09-22,Neosho,5,Kickapoo,12,False,False
2026-09-22,Pattonville,8,Ladue Horton Watkins,5,False,False
2026-09-22,St. Pius X (Kansas City),0,Lawson,10,False,False
2026-09-22,Willard,17,Lebanon,1,False,False
2026-09-22,Raymore-Peculiar,4,Lee's Summit,9,False,False
2026-09-22,Lafayette County,6,Lexington,4,False,False
2026-09-22,Lee's Summit North,0,Liberty,4,False,False
2026-09-22,Francis Howell,3,Liberty (Wentzville),0,False,False
2026-09-22,Lee's Summit West,1,Liberty North,4,False,False
2026-09-22,Fox,1,Lindbergh,6,False,False
2026-09-22,Russellville,3,Linn,11,False,False
2026-09-22,Clopton,10,Louisiana,4,False,False
2026-09-22,Humansville,3,Macks Creek,13,False,False
2026-09-22,Wright City,6,Mark Twain,3,False,False
2026-09-22,Incarnate Word Academy,1,Marquette,2,False,False
2026-09-22,Hazelwood West,15,Mehlville,3,False,False
2026-09-22,McDonald County,11,Monett,1,False,False
2026-09-22,Van-Far,0,Montgomery County,10,False,False
2026-09-22,Glasgow,12,New Franklin,6,False,False
2026-09-22,Joplin,12,Nixa,8,False,False
2026-09-22,Princeton,13,North Andrew,9,False,False
2026-09-22,California,0,North Callaway,10,False,False
2026-09-22,Central (St. Joseph),20,North Kansas City,0,False,False
2026-09-22,Marion County,2,North Shelby,17,False,False
2026-09-22,Plattsburg,8,Northeast Nodaway,18,False,False
2026-09-22,Park Hill South,11,Oak Park,0,False,False
2026-09-22,Clinton,4,Odessa,14,False,False
2026-09-22,St. Charles West with St. Charles,5,Orchard Farm,6,False,False
2026-09-22,Blair Oaks,1,Osage,4,False,False
2026-09-22,Webb City,7,Ozark,2,False,False
2026-09-22,St. James,3,Pacific,8,False,False
2026-09-22,Scotland County,3,Paris,5,False,False
2026-09-22,Platte County,2,Park Hill,3,False,False
2026-09-22,Dadeville with Everton,19,Parkview,0,False,False
2026-09-22,Stanberry,10,"Pattonsburg with North Daviess, Winston",3,False,False
2026-09-22,North County,24,Perryville,2,False,False
2026-09-22,Higbee,4,Pilot Grove,5,False,False
2026-09-22,Warrensburg,3,Pleasant Hill,10,False,False
2026-09-22,Gallatin,1,Putnam County,2,False,False
2026-09-22,Belton,21,Raytown,0,False,False
2026-09-22,Knob Noster,0,Richmond,16,False,False
2026-09-22,Schuyler County,1,Salisbury,11,False,False
2026-09-22,Northwest (Cedar Hill),8,Seckman,9,False,False
2026-09-22,Nevada,0,Seneca,15,False,False
2026-09-22,Raytown South,0,Sherwood,15,False,False
2026-09-22,Neelyville,3,Sikeston,1,False,False
2026-09-22,Bowling Green,1,Silex,13,False,False
2026-09-22,Madison,2,Slater with Malta Bend,4,False,False
2026-09-22,Trenton,1,South Harrison,12,False,False
2026-09-22,Palmyra,14,South Shelby,2,False,False
2026-09-22,Cor Jesu Academy,14,St. Joseph's Academy,2,False,False
2026-09-22,Lone Jack,6,St. Michael the Archangel,7,False,False
2026-09-22,Metro,1,St. Pius X (Festus),11,False,False
2026-09-22,Lincoln College Prep,0,St. Teresa's Academy,16,False,False
2026-09-22,Northeast (Cairo),9,Sturgeon,5,False,False
2026-09-22,Owensville,3,Sullivan,13,False,False
2026-09-22,St. Dominic,16,Ursuline Academy,0,False,False
2026-09-22,Holt,7,Warrenton,8,False,False
2026-09-22,Carthage,16,Waynesville,1,False,False
2026-09-22,Bolivar,8,West Plains,3,False,False
2026-09-22,Webster Groves,1,Westminster Christian Academy,11,False,False
2026-09-22,Hermitage,0,Wheatland,8,False,False
2026-09-22,St. Francis Borgia,0,Windsor (Imperial),13,False,False
2026-09-22,Maysville,,Brookfield,,False,False
2026-09-22,Novinger,,Bucklin with Macon County,,False,False
2026-09-22,Knox County,,Clark County,,False,False
2026-09-22,Polo,,Gilman City with Tri-County,,False,False
2026-09-22,Windsor (Imperial),,Herculaneum with Crystal City,,False,False
2026-09-22,Poplar Bluff,,Jackson,,False,False
2026-09-22,Parkway North with Principia,,Kirkwood,,False,False
2026-09-22,Grundy County with Newtown-Harris,,"Mercer with Cainsville, Ridgeway",,False,False
2026-09-22,Moberly,,Mexico,,False,False
2026-09-22,Marceline,,Milan,,False,False
2026-09-22,Summit Christian Academy,,Montrose with Appleton City,,False,False
2026-09-22,"Braymer with Breckenridge, Southwest (Livingston County)",,Norborne with Hardin-Central,,False,False
2026-09-22,Timberland,,North Point,,False,False
2026-09-22,Affton,,Ritenour,,False,False
2026-09-22,Excelsior Springs,,Savannah,,False,False
2026-09-23,Helias Catholic,,Battle,,False,False
2026-09-23,Blue Springs,,Blue Springs South,,False,False
2026-09-23,Parkview,,Bolivar,,False,False
2026-09-23,Maysville,,Brookfield,,False,False
2026-09-23,Higbee,,"Brunswick with Keytesville, Northwestern (Mendon)",,False,False
2026-09-23,Kickapoo,,Camdenton,,False,False
2026-09-23,Macon,,Canton,,False,False
2026-09-23,Bowling Green,,Capital City,,False,False
2026-09-23,McCluer North,,Clayton,,False,False
2026-09-23,Silex,,Community,,False,False
2026-09-23,Laquey,,Crocker,,False,False
2026-09-23,Francis Howell,,Eureka,,False,False
2026-09-23,Notre Dame (Cape Girardeau),,Festus,,False,False
2026-09-23,Troy Buchanan,,Francis Howell North,,False,False
2026-09-23,William Chrisman,,Grain Valley,,False,False
2026-09-23,New Bloomfield,,Harrisburg,,False,False
2026-09-23,Lutheran St. Charles with Veritas Christian Academy,,Hazelwood West,,False,False
2026-09-23,Saxony Lutheran with St. Vincent,,Herculaneum with Crystal City,,False,False
2026-09-23,Hickman,,Holt,,False,False
2026-09-23,Ladue Horton Watkins,,Incarnate Word Academy,,False,False
2026-09-23,Raytown South,,Kearney,,False,False
2026-09-23,Southern Boone,,Kirksville,,False,False
2026-09-23,Ursuline Academy,,Kirkwood,,False,False
2026-09-23,Logan-Rogersville,,Lebanon,,False,False
2026-09-23,Van-Far,,Louisiana,,False,False
2026-09-23,Jefferson (Festus),,Lutheran South,,False,False
2026-09-23,Lindbergh,,Marquette,,False,False
2026-09-23,East Buchanan,,Maryville,,False,False
2026-09-23,Mehlville,,Metro,,False,False
2026-09-23,Marceline,,Milan,,False,False
2026-09-23,Branson,,Monett,,False,False
2026-09-23,Hillsboro,,North County,,False,False
2026-09-23,King City with Union Star,,North Platte,,False,False
2026-09-23,Northwest (Cedar Hill),,Pacific,,False,False
2026-09-23,Oakville,,Parkway West,,False,False
2026-09-23,Benton,,Pleasant Hill,,False,False
2026-09-23,Sikeston,,Poplar Bluff,,False,False
2026-09-23,Gilman City with Tri-County,,Princeton,,False,False
2026-09-23,Lafayette County,,Richmond,,False,False
2026-09-23,Jefferson City,,Rock Bridge,,False,False
2026-09-23,Lafayette (Wildwood),,Rockwood Summit,,False,False
2026-09-23,Father Tolton,,Smith-Cotton,,False,False
2026-09-23,Savannah,,Smithville,,False,False
2026-09-23,Tuscumbia,,South Callaway,,False,False
2026-09-23,St. Francis Borgia,,St. Clair,,False,False
2026-09-23,Belton,,St. Teresa's Academy,,False,False
2026-09-23,Raymore-Peculiar,,Staley,,False,False
2026-09-23,Waynesville,,Stoutland,,False,False
2026-09-23,Fort Osage,,Truman,,False,False
2026-09-23,Parkway North with Principia,,Valley Park,,False,False
2026-09-23,St. Elizabeth,,Vienna,,False,False
2026-09-23,Fulton,,Warrenton,,False,False
2026-09-23,Parkway Central,,Webster Groves,,False,False
2026-09-23,North Callaway,,Wellsville-Middletown,,False,False
2026-09-23,St. Pius X (Kansas City),,West Platte,,False,False
2026-09-23,Windsor (Imperial),,Westminster Christian Academy,,False,False
2026-09-23,Grandview,,Winnetonka,,False,False
2026-09-23,Albany,,Worth County,,False,False
2026-09-24,Pattonville,,Affton,,False,False
2026-09-24,STEAM Academy,,Bayless,,False,False
2026-09-24,Ruskin,,Belton,,False,False
2026-09-24,Chillicothe,,Benton,,False,False
2026-09-24,Savannah,,Bishop LeBlond,,False,False
2026-09-24,Fatima,,Blair Oaks,,False,False
2026-09-24,Grain Valley,,Blue Springs,,False,False
2026-09-24,Lee's Summit,,Blue Springs South,,False,False
2026-09-24,Carl Junction,,Bolivar,,False,False
2026-09-24,West Plains,,Branson,,False,False
2026-09-24,Marion County,,Bucklin with Macon County,,False,False
2026-09-24,Hannibal,,Canton,,False,False
2026-09-24,Smith-Cotton,,Capital City,,False,False
2026-09-24,Lafayette County,,Carrollton,,False,False
2026-09-24,Neosho,,Carthage,,False,False
2026-09-24,Jefferson (Festus),,Central (Cape Girardeau),,False,False
2026-09-24,Park Hill,,Central (St. Joseph),,False,False
2026-09-24,Highland,,Clark County,,False,False
2026-09-24,Hermitage,,Climax Springs,,False,False
2026-09-24,Madison,,Community,,False,False
2026-09-24,Stewartsville with Osborn,,DeKalb,,False,False
2026-09-24,Windsor (Imperial),,DeSoto,,False,False
2026-09-24,Neelyville,,Doniphan,,False,False
2026-09-24,West Platte,,East Buchanan,,False,False
2026-09-24,Louisiana,,Elsberry,,False,False
2026-09-24,Raytown,,Fort Osage,,False,False
2026-09-24,Ft. Zumwalt South,,Ft. Zumwalt East,,False,False
2026-09-24,North Point,,Ft. Zumwalt North,,False,False
2026-09-24,Liberty (Wentzville),,Ft. Zumwalt West,,False,False
2026-09-24,Eldon,,Fulton,,False,False
2026-09-24,Maysville,,Gallatin,,False,False
2026-09-24,"Mercer with Cainsville, Ridgeway",,Gilman City with Tri-County,,False,False
2026-09-24,Norborne with Hardin-Central,,Glasgow,,False,False
2026-09-24,California,,Grandview,,False,False
2026-09-24,La Plata,,Green City,,False,False
2026-09-24,Cuba,,Hancock,,False,False
2026-09-24,South Shelby,,Harrisburg,,False,False
2026-09-24,Clinton,,Harrisonville,,False,False
2026-09-24,Kirkwood,,Hazelwood West,,False,False
2026-09-24,Marshfield,,Hillcrest,,False,False
2026-09-24,Dixon,,Iberia,,False,False
2026-09-24,Notre Dame (Cape Girardeau),,Jackson,,False,False
2026-09-24,Albany,,Jefferson (Conception) with South Nodaway,,False,False
2026-09-24,Camdenton,,Jefferson City,,False,False
2026-09-24,St. Pius X (Festus),,Kelly,,False,False
2026-09-24,Worth County,,King City with Union Star,,False,False
2026-09-24,Holden,,Knob Noster,,False,False
2026-09-24,Westran,,Knox County,,False,False
2026-09-24,North Platte,,Lathrop,,False,False
2026-09-24,Waynesville,,Lebanon,,False,False
2026-09-24,Raymore-Peculiar,,Lee's Summit West,,False,False
2026-09-24,Oak Park,,Liberty,,False,False
2026-09-24,New Bloomfield,,Lone Jack,,False,False
2026-09-24,Palmyra,,Macon,,False,False
2026-09-24,Brookfield,,Marceline,,False,False
2026-09-24,Parkway Central,,Marquette,,False,False
2026-09-24,Excelsior Springs,,Maryville,,False,False
2026-09-24,Cassville,,McDonald County,,False,False
2026-09-24,Clayton,,Mehlville,,False,False
2026-09-24,Lutheran St. Charles with Veritas Christian Academy,,Mexico,,False,False
2026-09-24,Plattsburg,,Mid-Buchanan,,False,False
2026-09-24,Kirksville,,Moberly,,False,False
2026-09-24,Sherwood,,Montrose with Appleton City,,False,False
2026-09-24,Aurora,,Nevada,,False,False
2026-09-24,Crocker,,Newburg,,False,False
2026-09-24,Glendale,,Nixa,,False,False
2026-09-24,Montgomery County,,North Callaway,,False,False
2026-09-24,Fredericktown,,North County,,False,False
2026-09-24,North Andrew,,North Harrison,,False,False
2026-09-24,Stanberry,,Northeast Nodaway,,False,False
2026-09-24,Jamestown,,Osage,,False,False
2026-09-24,Kickapoo,,Ozark,,False,False
2026-09-24,North Kansas City,,Park Hill South,,False,False
2026-09-24,Ritenour,,Parkway North with Principia,,False,False
2026-09-24,St. Joseph's Academy,,Parkway West,,False,False
2026-09-24,Polo,,"Pattonsburg with North Daviess, Winston",,False,False
2026-09-24,Lawson,,Penney,,False,False
2026-09-24,Hancock,,Perryville,,False,False
2026-09-24,Cuba,,Perryville,,False,False
2026-09-24,Odessa,,Pleasant Hill,,False,False
2026-09-24,"Braymer with Breckenridge, Southwest (Livingston County)",,Princeton,,False,False
2026-09-24,Laquey,,Richland,,False,False
2026-09-24,Lexington,,Richmond,,False,False
2026-09-24,Fayette,,Russellville,,False,False
2026-09-24,Northeast (Cairo),,Salisbury,,False,False
2026-09-24,Paris,,Schuyler County,,False,False
2026-09-24,North Shelby,,Scotland County,,False,False
2026-09-24,Farmington,,Seckman,,False,False
2026-09-24,Monett,,Seneca,,False,False
2026-09-24,Chaffee,,Sikeston,,False,False
2026-09-24,Clopton,,Silex,,False,False
2026-09-24,Truman,,Smithville,,False,False
2026-09-24,Eugene,,South Callaway,,False,False
2026-09-24,Putnam County,,South Harrison,,False,False
2026-09-24,Hallsville with Christian Fellowship Sr.,,Southern Boone,,False,False
2026-09-24,Pacific,,St. Clair,,False,False
2026-09-24,Cor Jesu Academy,,St. Dominic,,False,False
2026-09-24,Incarnate Word Academy,,St. Francis Borgia,,False,False
2026-09-24,Hermann with New Haven,,St. James,,False,False
2026-09-24,Winnetonka,,St. Teresa's Academy,,False,False
2026-09-24,Liberty North,,Staley,,False,False
2026-09-24,Macks Creek,,Stoutland,,False,False
2026-09-24,New Franklin,,Sturgeon,,False,False
2026-09-24,Lincoln College Prep,,Summit Christian Academy,,False,False
2026-09-24,Milan,,Trenton,,False,False
2026-09-24,Sullivan,,Union,,False,False
2026-09-24,Ladue Horton Watkins,,University City,,False,False
2026-09-24,Bowling Green,,Van-Far,,False,False
2026-09-24,Linn,,Vienna,,False,False
2026-09-24,Oak Grove,,Warrensburg,,False,False
2026-09-24,Orchard Farm,,Warrenton,,False,False
2026-09-24,Fair Play,,Weaubleau,,False,False
2026-09-24,Joplin,,Webb City,,False,False
2026-09-24,Mark Twain,,Wellsville-Middletown,,False,False
2026-09-24,Republic,,Willard,,False,False
2026-09-24,Holt,,Winfield,,False,False
2026-09-25,McDonald County,,Belton,,False,False
2026-09-25,Holden,,Belton,,False,False
2026-09-25,Bucklin with Macon County,,Bevier,,False,False
2026-09-25,Wright City,,Centralia,,False,False
2026-09-25,Neosho,,Centralia,,False,False
2026-09-25,Seckman,,Cor Jesu Academy,,False,False
2026-09-25,Macks Creek,,Dadeville with Everton,,False,False
2026-09-25,Westminster Christian Academy,,Eureka,,False,False
2026-09-25,Warrensburg,,Francis Howell Central,,False,False
2026-09-25,Hickman,,Ft. Zumwalt West,,False,False
2026-09-25,Kearney,,Grain Valley,,False,False
2026-09-25,Brashear,,Grundy County with Newtown-Harris,,False,False
2026-09-25,Blue Springs South,,Helias Catholic,,False,False
2026-09-25,Walnut Grove,,Hermitage,,False,False
2026-09-25,McDonald County,,Holden,,False,False
2026-09-25,Warrenton,,Holt,,False,False
2026-09-25,Parkview,,Humansville,,False,False
2026-09-25,Rockwood Summit,,Kelly,,False,False
2026-09-25,Webster Groves,,Kelly,,False,False
2026-09-25,St. Pius X (Kansas City),,Lathrop,,False,False
2026-09-25,St. Michael the Archangel,,Lathrop,,False,False
2026-09-25,Oak Grove,,Lee's Summit,,False,False
2026-09-25,Troy Buchanan,,Liberty,,False,False
2026-09-25,Ft. Zumwalt North,,Liberty (Wentzville),,False,False
2026-09-25,Atlanta,,Linn County,,False,False
2026-09-25,Glendale,,Logan-Rogersville,,False,False
2026-09-25,Novinger,,Meadville,,False,False
2026-09-25,Oakville,,Mehlville,,False,False
2026-09-25,Valley Park,,Metro,,False,False
2026-09-25,Weaubleau,,Naylor,,False,False
2026-09-25,Norwood,,Naylor,,False,False
2026-09-25,Wright City,,Neosho,,False,False
2026-09-25,Van-Far,,New Franklin,,False,False
2026-09-25,St. Charles West with St. Charles,,North Point,,False,False
2026-09-25,Pilot Grove,,Northeast (Cairo),,False,False
2026-09-25,Kirkwood,,Northwest (Cedar Hill),,False,False
2026-09-25,Ursuline Academy,,Notre Dame de Sion,,False,False
2026-09-25,Webb City,,Oak Grove,,False,False
2026-09-25,St. Michael the Archangel,,Oak Park,,False,False
2026-09-25,St. Pius X (Kansas City),,Oak Park,,False,False
2026-09-25,Iberia,,Osage,,False,False
2026-09-25,Lutheran South,,Parkway Central,,False,False
2026-09-25,Parkway West,,Parkway North with Principia,,False,False
2026-09-25,Marquette,,Parkway South,,False,False
2026-09-25,Notre Dame (Cape Girardeau),,Rockwood Summit,,False,False
2026-09-25,Washington,,Timberland,,False,False
2026-09-25,Warrensburg,,Truman,,False,False
2026-09-25,St. Elizabeth,,Tuscumbia,,False,False
2026-09-25,Fort Osage,,West Platte,,False,False
2026-09-25,Marshfield,,Wheatland,,False,False
2026-09-25,Smith-Cotton,,Willard,,False,False
2026-09-25,Notre Dame (Cape Girardeau),,Windsor (Imperial),,False,False
2026-09-25,Webster Groves,,Windsor (Imperial),,False,False
2026-09-26,Richmond,,Albany,,False,False
2026-09-26,Meadville,,"Brunswick with Keytesville, Northwestern (Mendon)",,False,False
2026-09-26,Jefferson City,,Capital City,,False,False
2026-09-26,Platte County,,Chillicothe,,False,False
2026-09-26,Humansville,,Crocker,,False,False
2026-09-26,Jackson,,Fox,,False,False
2026-09-26,Richmond,,Gallatin,,False,False
2026-09-26,"Tina-Avalon with Bosworth, Hale",,Glasgow,,False,False
2026-09-26,Higbee,,Glasgow,,False,False
2026-09-26,Moberly,,Harrisburg,,False,False
2026-09-26,North Callaway,,Harrisburg,,False,False
2026-09-26,St. James,,Hermann with New Haven,,False,False
2026-09-26,Scotland County,,Highland,,False,False
2026-09-26,Vienna,,Iberia,,False,False
2026-09-26,West Platte,,Liberty,,False,False
2026-09-26,Kearney,,Liberty,,False,False
2026-09-26,Highland,,Macon,,False,False
2026-09-26,Scotland County,,Macon,,False,False
2026-09-26,Palmyra,,Mexico,,False,False
2026-09-26,North Callaway,,Moberly,,False,False
2026-09-26,Lathrop,,Oak Park,,False,False
2026-09-26,St. Pius X (Kansas City),,Oak Park,,False,False
2026-09-26,Russellville,,Owensville,,False,False
2026-09-26,Montgomery County,,Palmyra,,False,False
2026-09-26,Jackson,,Parkway South,,False,False
2026-09-26,Fox,,Parkway South,,False,False
2026-09-26,Humansville,,Richland,,False,False
2026-09-26,Crocker,,Richland,,False,False
2026-09-26,Stanberry,,Richmond,,False,False
2026-09-26,Neelyville,,Rockwood Summit,,False,False
2026-09-26,Lutheran South,,Rockwood Summit,,False,False
2026-09-26,"Brunswick with Keytesville, Northwestern (Mendon)",,Slater with Malta Bend,,False,False
2026-09-26,Chillicothe,,Smith-Cotton,,False,False
2026-09-26,Platte County,,Smith-Cotton,,False,False
2026-09-26,St. Michael the Archangel,,St. Pius X (Kansas City),,False,False
2026-09-26,Ursuline Academy,,St. Teresa's Academy,,False,False
2026-09-26,Russellville,,Waynesville,,False,False
2026-09-26,Rock Bridge,,West Platte,,False,False
2026-09-26,Rockwood Summit,,Windsor (Imperial),,False,False
2026-09-28,Putnam County,,Albany,,False,False
2026-09-28,Green City,,Atlanta,,False,False
2026-09-28,Lee's Summit West,,Blue Springs South,,False,False
2026-09-28,Ozark,,Branson,,False,False
2026-09-28,Gilman City with Tri-County,,"Braymer with Breckenridge, Southwest (Livingston County)",,False,False
2026-09-28,Lafayette County,,Brookfield,,False,False
2026-09-28,Linn County,,"Brunswick with Keytesville, Northwestern (Mendon)",,False,False
2026-09-28,Camdenton,,Capital City,,False,False
2026-09-28,Carthage,,Carl Junction,,False,False
2026-09-28,Smithville,,Central (St. Joseph),,False,False
2026-09-28,Princeton,,Chillicothe,,False,False
2026-09-28,Canton,,Clark County,,False,False
2026-09-28,Metro,,Clayton,,False,False
2026-09-28,Parkway South,,Cor Jesu Academy,,False,False
2026-09-28,Hermann with New Haven,,Cuba,,False,False
2026-09-28,Northeast Nodaway,,East Buchanan,,False,False
2026-09-28,Saxony Lutheran with St. Vincent,,East Carter,,False,False
2026-09-28,Owensville,,Eldon,,False,False
2026-09-28,Richmond,,Excelsior Springs,,False,False
2026-09-28,Jamestown,,Father Tolton,,False,False
2026-09-28,Northeast (Cairo),,Fayette,,False,False
2026-09-28,Seckman,,Fox,,False,False
2026-09-28,Francis Howell Central,,Ft. Zumwalt South,,False,False
2026-09-28,St. Dominic,,Ft. Zumwalt West,,False,False
2026-09-28,Lawson,,Gallatin,,False,False
2026-09-28,Higbee,,Glasgow,,False,False
2026-09-28,Fort Osage,,Grain Valley,,False,False
2026-09-28,Ruskin,,Grandview,,False,False
2026-09-28,Hartville,,Halfway,,False,False
2026-09-28,Osage,,Hallsville with Christian Fellowship Sr.,,False,False
2026-09-28,Ursuline Academy,,Hancock,,False,False
2026-09-28,University City,,Hancock,,False,False
2026-09-28,Moberly,,Hannibal,,False,False
2026-09-28,Smith-Cotton,,Hickman,,False,False
2026-09-28,Liberty (Wentzville),,Holt,,False,False
2026-09-28,Walnut Grove,,Humansville,,False,False
2026-09-28,Newburg,,Iberia,,False,False
2026-09-28,Parkway North with Principia,,Incarnate Word Academy,,False,False
2026-09-28,Sikeston,,Jackson,,False,False
2026-09-28,Hillsboro,,Jefferson (Festus),,False,False
2026-09-28,Union,,Jefferson City,,False,False
2026-09-28,Poplar Bluff,,Kelly,,False,False
2026-09-28,Clinton,,Knob Noster,,False,False
2026-09-28,Salisbury,,Knox County,,False,False
2026-09-28,Parkway Central,,Lafayette (Wildwood),,False,False
2026-09-28,Blue Springs,,Lee's Summit,,False,False
2026-09-28,Kearney,,Liberty North,,False,False
2026-09-28,Parkway West,,Lindbergh,,False,False
2026-09-28,Harrisburg,,Linn,,False,False
2026-09-28,Republic,,Logan-Rogersville,,False,False
2026-09-28,Sherwood,,Lone Jack,,False,False
2026-09-28,Westminster Christian Academy,,Lutheran South,,False,False
2026-09-28,Northwest (Cedar Hill),,Lutheran St. Charles with Veritas Christian Academy,,False,False
2026-09-28,Climax Springs,,Macks Creek,,False,False
2026-09-28,Westran,,Macon,,False,False
2026-09-28,Paris,,Madison,,False,False
2026-09-28,La Plata,,Marion County,,False,False
2026-09-28,Community,,Mark Twain,,False,False
2026-09-28,Francis Howell,,Marquette,,False,False
2026-09-28,Boonville,,Marshall,,False,False
2026-09-28,Worth County,,Maryville,,False,False
2026-09-28,King City with Union Star,,Maysville,,False,False
2026-09-28,Willard,,McDonald County,,False,False
2026-09-28,Grundy County with Newtown-Harris,,Meadville,,False,False
2026-09-28,Kirksville,,Mexico,,False,False
2026-09-28,Joplin,,Monett,,False,False
2026-09-28,Warrenton,,Montgomery County,,False,False
2026-09-28,Wheatland,,Montrose with Appleton City,,False,False
2026-09-28,Stoutland,,Naylor,,False,False
2026-09-28,Chaffee,,Neelyville,,False,False
2026-09-28,Eugene,,New Bloomfield,,False,False
2026-09-28,Liberty,,North Kansas City,,False,False
2026-09-28,South Harrison,,North Platte,,False,False
2026-09-28,Francis Howell North,,North Point,,False,False
2026-09-28,Schuyler County,,North Shelby,,False,False
2026-09-28,Stoutland,,Norwood,,False,False
2026-09-28,Affton,,Notre Dame (St. Louis),,False,False
2026-09-28,St. Michael the Archangel,,Oak Grove,,False,False
2026-09-28,Lee's Summit North,,Oak Park,,False,False
2026-09-28,Kirkwood,,Oakville,,False,False
2026-09-28,St. Pius X (Kansas City),,Odessa,,False,False
2026-09-28,St. Francis Borgia,,Pacific,,False,False
2026-09-28,Highland,,Palmyra,,False,False
2026-09-28,Park Hill South,,Park Hill,,False,False
2026-09-28,Festus,,Perryville,,False,False
2026-09-28,Staley,,Raymore-Peculiar,,False,False
2026-09-28,Raytown South,,Raytown,,False,False
2026-09-28,Crocker,,Richland,,False,False
2026-09-28,St. Charles West with St. Charles,,Ritenour,,False,False
2026-09-28,Sullivan,,Rolla,,False,False
2026-09-28,North Andrew,,Savannah,,False,False
2026-09-28,Elsberry,,Silex,,False,False
2026-09-28,"Tina-Avalon with Bosworth, Hale",,Slater with Malta Bend,,False,False
2026-09-28,Russellville,,South Callaway,,False,False
2026-09-28,Centralia,,South Shelby,,False,False
2026-09-28,St. James,,St. Clair,,False,False
2026-09-28,Pattonville,,St. Joseph's Academy,,False,False
2026-09-28,Jefferson (Conception) with South Nodaway,,Stanberry,,False,False
2026-09-28,"Pattonsburg with North Daviess, Winston",,Stewartsville with Osborn,,False,False
2026-09-28,Harrisonville,,Summit Christian Academy,,False,False
2026-09-28,Platte County,,Truman,,False,False
2026-09-28,Vienna,,Tuscumbia,,False,False
2026-09-28,Bayless,,Valley Park,,False,False
2026-09-28,Wellsville-Middletown,,Van-Far,,False,False
2026-09-28,Parkview,,Weaubleau,,False,False
2026-09-28,Rockwood Summit,,Webster Groves,,False,False
2026-09-28,Bishop LeBlond,,West Platte,,False,False
2026-09-28,Belton,,William Chrisman,,False,False
2026-09-28,Farmington,,Windsor (Imperial),,False,False
2026-09-29,Monett,,Aurora,,False,False
2026-09-29,Metro,,Bayless,,False,False
2026-09-29,Truman,,Belton,,False,False
2026-09-29,Meadville,,Bevier,,False,False
2026-09-29,Liberty North,,Blue Springs,,False,False
2026-09-29,Staley,,Blue Springs South,,False,False
2026-09-29,Wright City,,Bowling Green,,False,False
2026-09-29,Bolivar,,Branson,,False,False
2026-09-29,Gallatin,,Brookfield,,False,False
2026-09-29,Glasgow,,"Brunswick with Keytesville, Northwestern (Mendon)",,False,False
2026-09-29,Brashear,,Bucklin with Macon County,,False,False
2026-09-29,Blair Oaks,,California,,False,False
2026-09-29,Benton,,Cameron,,False,False
2026-09-29,Marion County,,Canton,,False,False
2026-09-29,Knob Noster,,Carrollton,,False,False
2026-09-29,Nevada,,Cassville,,False,False
2026-09-29,Chillicothe,,Centralia,,False,False
2026-09-29,Kirkwood,,Clayton,,False,False
2026-09-29,Osage,,Crocker,,False,False
2026-09-29,Vienna,,Cuba,,False,False
2026-09-29,Albany,,DeKalb,,False,False
2026-09-29,Lawson,,East Buchanan,,False,False
2026-09-29,Mexico,,Elsberry,,False,False
2026-09-29,Camdenton,,Eugene,,False,False
2026-09-29,St. Michael the Archangel,,Excelsior Springs,,False,False
2026-09-29,Climax Springs,,Fair Play,,False,False
2026-09-29,Kelly,,Farmington,,False,False
2026-09-29,Boonville,,Father Tolton,,False,False
2026-09-29,New Bloomfield,,Fatima,,False,False
2026-09-29,Park Hill South,,Fort Osage,,False,False
2026-09-29,Liberty (Wentzville),,Francis Howell Central,,False,False
2026-09-29,Ft. Zumwalt West,,Francis Howell North,,False,False
2026-09-29,Ft. Zumwalt North,,Ft. Zumwalt East,,False,False
2026-09-29,Timberland,,Ft. Zumwalt South,,False,False
2026-09-29,Hallsville with Christian Fellowship Sr.,,Fulton,,False,False
2026-09-29,Grundy County with Newtown-Harris,,Gilman City with Tri-County,,False,False
2026-09-29,Lebanon,,Glendale,,False,False
2026-09-29,Warrensburg,,Harrisonville,,False,False
2026-09-29,Rock Bridge,,Helias Catholic,,False,False
2026-09-29,Windsor (Imperial),,Herculaneum with Crystal City,,False,False
2026-09-29,Halfway,,Hermitage,,False,False
2026-09-29,Atlanta,,Higbee,,False,False
2026-09-29,Macon,,Highland,,False,False
2026-09-29,Cor Jesu Academy,,Hillsboro,,False,False
2026-09-29,Summit Christian Academy,,Holden,,False,False
2026-09-29,St. Charles West with St. Charles,,Holt,,False,False
2026-09-29,Tuscumbia,,Humansville,,False,False
2026-09-29,Battle,,Jefferson City,,False,False
2026-09-29,Willard,,Joplin,,False,False
2026-09-29,Ruskin,,Kearney,,False,False
2026-09-29,Nixa,,Kickapoo,,False,False
2026-09-29,Stewartsville with Osborn,,King City with Union Star,,False,False
2026-09-29,Palmyra,,Kirksville,,False,False
2026-09-29,Mehlville,,Ladue Horton Watkins,,False,False
2026-09-29,Richmond,,Lafayette County,,False,False
2026-09-29,Central (St. Joseph),,Lee's Summit North,,False,False
2026-09-29,Lee's Summit,,Lee's Summit West,,False,False
2026-09-29,Park Hill,,Liberty,,False,False
2026-09-29,Notre Dame de Sion,,Lincoln College Prep,,False,False
2026-09-29,Hillcrest,,Logan-Rogersville,,False,False
2026-09-29,North Callaway,,Louisiana,,False,False
2026-09-29,St. Pius X (Festus),,Lutheran South,,False,False
2026-09-29,Dixon,,Macks Creek,,False,False
2026-09-29,Pilot Grove,,Madison,,False,False
2026-09-29,Trenton,,Marceline,,False,False
2026-09-29,Clopton,,Mark Twain,,False,False
2026-09-29,Bishop LeBlond,,Maryville,,False,False
2026-09-29,South Harrison,,Maysville,,False,False
2026-09-29,STEAM Academy,,McCluer North,,False,False
2026-09-29,"Pattonsburg with North Daviess, Winston",,"Mercer with Cainsville, Ridgeway",,False,False
2026-09-29,Lathrop,,Mid-Buchanan,,False,False
2026-09-29,Community,,Monroe City,,False,False
2026-09-29,Wellsville-Middletown,,Montgomery County,,False,False
2026-09-29,Webb City,,Neosho,,False,False
2026-09-29,North Shelby,,New Franklin,,False,False
2026-09-29,"Braymer with Breckenridge, Southwest (Livingston County)",,Norborne with Hardin-Central,,False,False
2026-09-29,Neelyville,,North County,,False,False
2026-09-29,West Platte,,North Platte,,False,False
2026-09-29,Moberly,,Northeast (Cairo),,False,False
2026-09-29,Jefferson (Conception) with South Nodaway,,Northeast Nodaway,,False,False
2026-09-29,Central (Cape Girardeau),,Notre Dame (Cape Girardeau),,False,False
2026-09-29,La Plata,,Novinger,,False,False
2026-09-29,Odessa,,Oak Grove,,False,False
2026-09-29,North Kansas City,,Oak Park,,False,False
2026-09-29,Northwest (Cedar Hill),,Oakville,,False,False
2026-09-29,St. James,,Owensville,,False,False
2026-09-29,Hermann with New Haven,,Pacific,,False,False
2026-09-29,Fayette,,Paris,,False,False
2026-09-29,Parkway South,,Parkway Central,,False,False
2026-09-29,Affton,,Parkway North with Principia,,False,False
2026-09-29,Fox,,Parkway West,,False,False
2026-09-29,University City,,Pattonville,,False,False
2026-09-29,Grain Valley,,Platte County,,False,False
2026-09-29,Penney,,Plattsburg,,False,False
2026-09-29,Clinton,,Pleasant Hill,,False,False
2026-09-29,Princeton,,Polo,,False,False
2026-09-29,Milan,,Putnam County,,False,False
2026-09-29,William Chrisman,,Raytown,,False,False
2026-09-29,Grandview,,Raytown South,,False,False
2026-09-29,Carthage,,Republic,,False,False
2026-09-29,Hazelwood West,,Ritenour,,False,False
2026-09-29,North Andrew,,Savannah,,False,False
2026-09-29,St. Pius X (Kansas City),,Savannah,,False,False
2026-09-29,Perryville,,Saxony Lutheran with St. Vincent,,False,False
2026-09-29,Scotland County,,Schuyler County,,False,False
2026-09-29,Webster Groves,,Seckman,,False,False
2026-09-29,McDonald County,,Seneca,,False,False
2026-09-29,Fredericktown,,Sikeston,,False,False
2026-09-29,Winnetonka,,Smithville,,False,False
2026-09-29,Knox County,,South Shelby,,False,False
2026-09-29,Capital City,,Southern Boone,,False,False
2026-09-29,Marquette,,St. Dominic,,False,False
2026-09-29,Russellville,,St. Elizabeth,,False,False
2026-09-29,Incarnate Word Academy,,St. Joseph's Academy,,False,False
2026-09-29,St. Clair,,Sullivan,,False,False
2026-09-29,Francis Howell,,Troy Buchanan,,False,False
2026-09-29,Naylor,,Twin Rivers,,False,False
2026-09-29,Silex,,Van-Far,,False,False
2026-09-29,Wheatland,,Walnut Grove,,False,False
2026-09-29,North Point,,Washington,,False,False
2026-09-29,Ozark,,Waynesville,,False,False
2026-09-29,Dadeville with Everton,,Weaubleau,,False,False
2026-09-29,Marshfield,,West Plains,,False,False
2026-09-29,Lutheran St. Charles with Veritas Christian Academy,,Westminster Christian Academy,,False,False
2026-09-29,Salisbury,,Westran,,False,False
2026-09-29,Warrenton,,Winfield,,False,False
2026-09-30,Smithville,,Benton,,False,False
2026-09-30,Clark County,,Brashear,,False,False
2026-09-30,Rolla,,Capital City,,False,False
2026-09-30,Chaffee,,Central (Cape Girardeau),,False,False
2026-09-30,Parkview,,Climax Springs,,False,False
2026-09-30,St. Clair,,DeSoto,,False,False
2026-09-30,Stoutland,,Dixon,,False,False
2026-09-30,Raytown South,,East Buchanan,,False,False
2026-09-30,Highland,,Elsberry,,False,False
2026-09-30,Seckman,,Festus,,False,False
2026-09-30,Cuba,,Hancock,,False,False
2026-09-30,Louisiana,,Hannibal,,False,False
2026-09-30,New Franklin,,Harrisburg,,False,False
2026-09-30,Ft. Zumwalt East,,Hazelwood West,,False,False
2026-09-30,Hickman,,Helias Catholic,,False,False
2026-09-30,Farmington,,Herculaneum with Crystal City,,False,False
2026-09-30,Ft. Zumwalt North,,Holt,,False,False
2026-09-30,Linn,,Iberia,,False,False
2026-09-30,Notre Dame (St. Louis),,Incarnate Word Academy,,False,False
2026-09-30,North Andrew,,Jefferson (Conception) with South Nodaway,,False,False
2026-09-30,Fort Osage,,Kearney,,False,False
2026-09-30,Holden,,Lexington,,False,False
2026-09-30,Blue Springs South,,Liberty,,False,False
2026-09-30,Grandview,,Lincoln College Prep,,False,False
2026-09-30,Eureka,,Lindbergh,,False,False
2026-09-30,Cameron,,Marceline,,False,False
2026-09-30,South Shelby,,Mark Twain,,False,False
2026-09-30,Ursuline Academy,,Mehlville,,False,False
2026-09-30,Slater with Malta Bend,,Norborne with Hardin-Central,,False,False
2026-09-30,Fatima,,North Callaway,,False,False
2026-09-30,DeKalb,,Northeast Nodaway,,False,False
2026-09-30,Valley Park,,Orchard Farm,,False,False
2026-09-30,Logan-Rogersville,,Ozark,,False,False
2026-09-30,Central (St. Joseph),,Park Hill South,,False,False
2026-09-30,Summit Christian Academy,,Pleasant Hill,,False,False
2026-09-30,"Mercer with Cainsville, Ridgeway",,Polo,,False,False
2026-09-30,North Kansas City,,Raytown,,False,False
2026-09-30,Cor Jesu Academy,,Rockwood Summit,,False,False
2026-09-30,St. Pius X (Kansas City),,Savannah,,False,False
2026-09-30,Excelsior Springs,,Savannah,,False,False
2026-09-30,Jefferson (Festus),,Saxony Lutheran with St. Vincent,,False,False
2026-09-30,Harrisonville,,Sherwood,,False,False
2026-09-30,Clinton,,Smith-Cotton,,False,False
2026-09-30,Parkway North with Principia,,St. Joseph's Academy,,False,False
2026-09-30,McCluer North,,STEAM Academy,,False,False
2026-09-30,St. Teresa's Academy,,Truman,,False,False
2026-09-30,Warrenton,,Union,,False,False
2026-09-30,Belton,,Warrensburg,,False,False
2026-09-30,St. Francis Borgia,,Washington,,False,False
2026-09-30,Hartville,,West Plains,,False,False
2026-09-30,Lone Jack,,William Chrisman,,False,False
2026-09-30,Oakville,,Windsor (Imperial),,False,False
2026-09-30,Francis Howell North,,Winfield,,False,False
2026-09-30,"Pattonsburg with North Daviess, Winston",,Worth County,,False,False
2026-10-01,University City,,Affton,,False,False
2026-10-01,Polo,,Albany,,False,False
2026-10-01,McCluer North,,Bayless,,False,False
2026-10-01,Linn County,,Bevier,,False,False
2026-10-01,North Andrew,,Bishop LeBlond,,False,False
2026-10-01,Logan-Rogersville,,Bolivar,,False,False
2026-10-01,California,,Boonville,,False,False
2026-10-01,Maysville,,"Braymer with Breckenridge, Southwest (Livingston County)",,False,False
2026-10-01,Kirksville,,Cameron,,False,False
2026-10-01,Monroe City,,Canton,,False,False
2026-10-01,Webb City,,Carthage,,False,False
2026-10-01,Seneca,,Cassville,,False,False
2026-10-01,Poplar Bluff,,Central (Cape Girardeau),,False,False
2026-10-01,Jackson,,Chaffee,,False,False
2026-10-01,Centralia,,Clark County,,False,False
2026-10-01,Ritenour,,Clayton,,False,False
2026-10-01,Montrose with Appleton City,,Climax Springs,,False,False
2026-10-01,Wright City,,Clopton,,False,False
2026-10-01,Van-Far,,Community,,False,False
2026-10-01,Notre Dame (St. Louis),,Cor Jesu Academy,,False,False
2026-10-01,Halfway,,Dadeville with Everton,,False,False
2026-10-01,Northeast Nodaway,,DeKalb,,False,False
2026-10-01,Perryville,,DeSoto,,False,False
2026-10-01,Neelyville,,Doniphan,,False,False
2026-10-01,Hallsville with Christian Fellowship Sr.,,Eldon,,False,False
2026-10-01,Mark Twain,,Elsberry,,False,False
2026-10-01,Linn,,Eugene,,False,False
2026-10-01,St. Joseph's Academy,,Eureka,,False,False
2026-10-01,Benton,,Excelsior Springs,,False,False
2026-10-01,South Callaway,,Fayette,,False,False
2026-10-01,Jefferson (Festus),,Festus,,False,False
2026-10-01,Francis Howell North,,Francis Howell,,False,False
2026-10-01,Washington,,Ft. Zumwalt North,,False,False
2026-10-01,North Point,,Ft. Zumwalt South,,False,False
2026-10-01,Stanberry,,Gallatin,,False,False
2026-10-01,Sturgeon,,Glasgow,,False,False
2026-10-01,Belton,,Grain Valley,,False,False
2026-10-01,Bucklin with Macon County,,Green City,,False,False
2026-10-01,Fulton,,Hannibal,,False,False
2026-10-01,Osage,,Harrisburg,,False,False
2026-10-01,Parkway North with Principia,,Hazelwood West,,False,False
2026-10-01,West Plains,,Hillcrest,,False,False
2026-10-01,Lafayette County,,Holden,,False,False
2026-10-01,Winnetonka,,Kearney,,False,False
2026-10-01,Sikeston,,Kelly,,False,False
2026-10-01,Waynesville,,Kickapoo,,False,False
2026-10-01,Jefferson (Conception) with South Nodaway,,King City with Union Star,,False,False
2026-10-01,Ladue Horton Watkins,,Kirkwood,,False,False
2026-10-01,Marquette,,Lafayette (Wildwood),,False,False
2026-10-01,Parkview,,Laquey,,False,False
2026-10-01,Lawson,,Lathrop,,False,False
2026-10-01,Staley,,Lee's Summit,,False,False
2026-10-01,Blue Springs,,Lee's Summit West,,False,False
2026-10-01,Knob Noster,,Lexington,,False,False
2026-10-01,Troy Buchanan,,Liberty (Wentzville),,False,False
2026-10-01,Raymore-Peculiar,,Liberty North,,False,False
2026-10-01,Ft. Zumwalt West,,Lindbergh,,False,False
2026-10-01,Lincoln College Prep,,Lone Jack,,False,False
2026-10-01,Montgomery County,,Louisiana,,False,False
2026-10-01,Chillicothe,,Macon,,False,False
2026-10-01,Highland,,Marceline,,False,False
2026-10-01,Carl Junction,,Marshfield,,False,False
2026-10-01,Aurora,,McDonald County,,False,False
2026-10-01,"Brunswick with Keytesville, Northwestern (Mendon)",,Meadville,,False,False
2026-10-01,Pattonville,,Mehlville,,False,False
2026-10-01,Princeton,,Milan,,False,False
2026-10-01,Mexico,,Moberly,,False,False
2026-10-01,Nevada,,Monett,,False,False
2026-10-01,Pilot Grove,,New Franklin,,False,False
2026-10-01,Dixon,,Newburg,,False,False
2026-10-01,Lebanon,,Nixa,,False,False
2026-10-01,Stanberry,,North Andrew,,False,False
2026-10-01,Silex,,North Callaway,,False,False
2026-10-01,East Carter,,North County,,False,False
2026-10-01,Lee's Summit North,,North Kansas City,,False,False
2026-10-01,Mid-Buchanan,,North Platte,,False,False
2026-10-01,Madison,,Northeast (Cairo),,False,False
2026-10-01,Webster Groves,,Northwest (Cedar Hill),,False,False
2026-10-01,Putnam County,,Novinger,,False,False
2026-10-01,Bevier,,Novinger,,False,False
2026-10-01,Clinton,,Oak Grove,,False,False
2026-10-01,Warrensburg,,Odessa,,False,False
2026-10-01,Holt,,Orchard Farm,,False,False
2026-10-01,Rolla,,Owensville,,False,False
2026-10-01,Glendale,,Ozark,,False,False
2026-10-01,Oak Park,,Park Hill,,False,False
2026-10-01,Oakville,,Parkway Central,,False,False
2026-10-01,Parkway West,,Parkway South,,False,False
2026-10-01,Gilman City with Tri-County,,"Pattonsburg with North Daviess, Winston",,False,False
2026-10-01,West Platte,,Penney,,False,False
2026-10-01,East Buchanan,,Plattsburg,,False,False
2026-10-01,Harrisonville,,Pleasant Hill,,False,False
2026-10-01,Albany,,Princeton,,False,False
2026-10-01,Trenton,,Putnam County,,False,False
2026-10-01,Smithville,,Raytown South,,False,False
2026-10-01,Joplin,,Republic,,False,False
2026-10-01,Carrollton,,Richmond,,False,False
2026-10-01,Notre Dame de Sion,,Ruskin,,False,False
2026-10-01,New Bloomfield,,Russellville,,False,False
2026-10-01,Brookfield,,Schuyler County,,False,False
2026-10-01,Salisbury,,Scotland County,,False,False
2026-10-01,Marshall,,Smith-Cotton,,False,False
2026-10-01,North Shelby,,South Shelby,,False,False
2026-10-01,Father Tolton,,Southern Boone,,False,False
2026-10-01,Winfield,,St. Charles West with St. Charles,,False,False
2026-10-01,Jamestown,,St. Elizabeth,,False,False
2026-10-01,Union,,St. Francis Borgia,,False,False
2026-10-01,St. Pius X (Kansas City),,St. Michael the Archangel,,False,False
2026-10-01,Fredericktown,,St. Pius X (Festus),,False,False
2026-10-01,North Harrison,,Stewartsville with Osborn,,False,False
2026-10-01,Hartville,,Stoutland,,False,False
2026-10-01,Helias Catholic,,Sullivan,,False,False
2026-10-01,St. Teresa's Academy,,Summit Christian Academy,,False,False
2026-10-01,Ft. Zumwalt East,,Timberland,,False,False
2026-10-01,Raytown,,Truman,,False,False
2026-10-01,Iberia,,Tuscumbia,,False,False
2026-10-01,Norwood,,Twin Rivers,,False,False
2026-10-01,Lutheran St. Charles with Veritas Christian Academy,,Valley Park,,False,False
2026-10-01,Richland,,Vienna,,False,False
2026-10-01,Wheatland,,Weaubleau,,False,False
2026-10-01,Bowling Green,,Wellsville-Middletown,,False,False
2026-10-01,Paris,,Westran,,False,False
2026-10-01,Neosho,,Willard,,False,False
2026-10-01,Grandview,,William Chrisman,,False,False
2026-10-01,Pacific,,Windsor (Imperial),,False,False
2026-10-02,Novinger,,Atlanta,,False,False
2026-10-02,Republic,,Bolivar,,False,False
2026-10-02,Mark Twain,,Bowling Green,,False,False
2026-10-02,Bevier,,Brashear,,False,False
2026-10-02,Kickapoo,,Carl Junction,,False,False
2026-10-02,Sullivan,,Carl Junction,,False,False
2026-10-02,Lee's Summit North,,Cassville,,False,False
2026-10-02,Mexico,,Chillicothe,,False,False
2026-10-02,Blair Oaks,,Chillicothe,,False,False
2026-10-02,Sikeston,,Doniphan,,False,False
2026-10-02,Branson,,Francis Howell,,False,False
2026-10-02,Rockwood Summit,,Francis Howell North,,False,False
2026-10-02,Ft. Zumwalt East,,Ft. Zumwalt North,,False,False
2026-10-02,Francis Howell,,Glendale,,False,False
2026-10-02,Notre Dame de Sion,,Grandview,,False,False
2026-10-02,Northwest (Cedar Hill),,Hillsboro,,False,False
2026-10-02,Crocker,,Iberia,,False,False
2026-10-02,Higbee,,Jamestown,,False,False
2026-10-02,Park Hill South,,Joplin,,False,False
2026-10-02,Marshfield,,Joplin,,False,False
2026-10-02,Sullivan,,Kickapoo,,False,False
2026-10-02,Linn County,,La Plata,,False,False
2026-10-02,Nixa,,Lee's Summit North,,False,False
2026-10-02,Capital City,,Liberty,,False,False
2026-10-02,Willard,,Liberty,,False,False
2026-10-02,Oakville,,Lutheran St. Charles with Veritas Christian Academy,,False,False
2026-10-02,Park Hill South,,Marshfield,,False,False
2026-10-02,Cor Jesu Academy,,Mehlville,,False,False
2026-10-02,Bayless,,Notre Dame (St. Louis),,False,False
2026-10-02,Rolla,,Parkway Central,,False,False
2026-10-02,Battle,,Republic,,False,False
2026-10-02,West Plains,,Rolla,,False,False
2026-10-02,North County,,Saxony Lutheran with St. Vincent,,False,False
2026-10-02,Ladue Horton Watkins,,St. Charles West with St. Charles,,False,False
2026-10-02,Timberland,,St. Dominic,,False,False
2026-10-02,Stoutland,,Tuscumbia,,False,False
2026-10-02,Pattonville,,Ursuline Academy,,False,False
2026-10-02,Climax Springs,,Walnut Grove,,False,False
2026-10-02,Winfield,,Warrenton,,False,False
2026-10-02,Lutheran South,,Webster Groves,,False,False
2026-10-02,Capital City,,Willard,,False,False
2026-10-02,Lincoln College Prep,,Winnetonka,,False,False
2026-10-03,Capital City,,Aurora,,False,False
2026-10-03,Liberty,,Aurora,,False,False
2026-10-03,Carl Junction,,Camdenton,,False,False
2026-10-03,St. Teresa's Academy,,Carl Junction,,False,False
2026-10-03,Sullivan,,Cassville,,False,False
2026-10-03,Marshfield,,Cassville,,False,False
2026-10-03,Capital City,,Francis Howell,,False,False
2026-10-03,West Plains,,Francis Howell,,False,False
2026-10-03,Battle,,Francis Howell,,False,False
2026-10-03,St. James,,Hermann with New Haven,,False,False
2026-10-03,Mark Twain,,Hermann with New Haven,,False,False
2026-10-03,Parkway Central,,Kickapoo,,False,False
2026-10-03,Park Hill South,,Kickapoo,,False,False
2026-10-03,Lee's Summit North,,Kickapoo,,False,False
2026-10-03,Bolivar,,Lee's Summit North,,False,False
2026-10-03,Cameron,,Lexington,,False,False
2026-10-03,Republic,,Liberty,,False,False
2026-10-03,Branson,,Liberty,,False,False
2026-10-03,Cameron,,Marshall,,False,False
2026-10-03,Lexington,,Marshall,,False,False
2026-10-03,Nixa,,Marshfield,,False,False
2026-10-03,Republic,,Marshfield,,False,False
2026-10-03,Westran,,Moberly,,False,False
2026-10-03,Clark County,,Palmyra,,False,False
2026-10-03,Van-Far,,Palmyra,,False,False
2026-10-03,Winfield,,Palmyra,,False,False
2026-10-03,Bolivar,,Park Hill South,,False,False
2026-10-03,Willard,,Parkway Central,,False,False
2026-10-03,Staley,,Rock Bridge,,False,False
2026-10-03,Branson,,Rolla,,False,False
2026-10-03,Republic,,Rolla,,False,False
2026-10-03,St. Teresa's Academy,,Sullivan,,False,False
2026-10-03,Marceline,,Westran,,False,False
2026-10-03,Battle,,Willard,,False,False
2026-10-05,Chillicothe,,Bishop LeBlond,,False,False
2026-10-05,McDonald County,,Bolivar,,False,False
2026-10-05,Lutheran St. Charles with Veritas Christian Academy,,Bowling Green,,False,False
2026-10-05,Nixa,,Branson,,False,False
2026-10-05,Atlanta,,Brashear,,False,False
2026-10-05,"Pattonsburg with North Daviess, Winston",,"Braymer with Breckenridge, Southwest (Livingston County)",,False,False
2026-10-05,Jamestown,,California,,False,False
2026-10-05,Richmond,,Cameron,,False,False
2026-10-05,Helias Catholic,,Capital City,,False,False
2026-10-05,Aurora,,Cassville,,False,False
2026-10-05,Liberty,,Central (St. Joseph),,False,False
2026-10-05,Wheatland,,Climax Springs,,False,False
2026-10-05,Montgomery County,,Community,,False,False
2026-10-05,Waynesville,,Crocker,,False,False
2026-10-05,Owensville,,Cuba,,False,False
2026-10-05,Eldon,,Dixon,,False,False
2026-10-05,Naylor,,East Carter,,False,False
2026-10-05,Vienna,,Eugene,,False,False
2026-10-05,Francis Howell Central,,Francis Howell,,False,False
2026-10-05,Notre Dame (Cape Girardeau),,Fredericktown,,False,False
2026-10-05,Winfield,,Ft. Zumwalt East,,False,False
2026-10-05,Washington,,Ft. Zumwalt South,,False,False
2026-10-05,South Callaway,,Fulton,,False,False
2026-10-05,Trenton,,Gallatin,,False,False
2026-10-05,East Buchanan,,Gallatin,,False,False
2026-10-05,Hartville,,Glendale,,False,False
2026-10-05,Raytown,,Grain Valley,,False,False
2026-10-05,Truman,,Grandview,,False,False
2026-10-05,Weaubleau,,Halfway,,False,False
2026-10-05,Fatima,,Hallsville with Christian Fellowship Sr.,,False,False
2026-10-05,Clayton,,Hancock,,False,False
2026-10-05,Paris,,Harrisburg,,False,False
2026-10-05,Ursuline Academy,,Hazelwood West,,False,False
2026-10-05,Blair Oaks,,Hickman,,False,False
2026-10-05,Windsor (Imperial),,Hillsboro,,False,False
2026-10-05,Pattonville,,Holt,,False,False
2026-10-05,Union,,Incarnate Word Academy,,False,False
2026-10-05,Doniphan,,Jackson,,False,False
2026-10-05,Northeast (Cairo),,La Plata,,False,False
2026-10-05,Park Hill South,,Lee's Summit North,,False,False
2026-10-05,Francis Howell North,,Liberty (Wentzville),,False,False
2026-10-05,Blue Springs South,,Liberty North,,False,False
2026-10-05,Cor Jesu Academy,,Lindbergh,,False,False
2026-10-05,Pacific,,Linn,,False,False
2026-10-05,Bucklin with Macon County,,Linn County,,False,False
2026-10-05,Tuscumbia,,Macks Creek,,False,False
2026-10-05,Brookfield,,Macon,,False,False
2026-10-05,Van-Far,,Marion County,,False,False
2026-10-05,Westran,,Mark Twain,,False,False
2026-10-05,Elsberry,,Marquette,,False,False
2026-10-05,Clinton,,Marshall,,False,False
2026-10-05,Marceline,,Maysville,,False,False
2026-10-05,North Harrison,,"Mercer with Cainsville, Ridgeway",,False,False
2026-10-05,Webb City,,Monett,,False,False
2026-10-05,Silex,,Monroe City,,False,False
2026-10-05,Central (Cape Girardeau),,Neelyville,,False,False
2026-10-05,Carl Junction,,Neosho,,False,False
2026-10-05,Lone Jack,,Nevada,,False,False
2026-10-05,Boonville,,New Franklin,,False,False
2026-10-05,St. James,,Newburg,,False,False
2026-10-05,Centralia,,North Callaway,,False,False
2026-10-05,Sikeston,,North County,,False,False
2026-10-05,Park Hill,,North Kansas City,,False,False
2026-10-05,Maryville,,North Platte,,False,False
2026-10-05,Warrenton,,North Point,,False,False
2026-10-05,Atlanta,,North Shelby,,False,False
2026-10-05,Eureka,,Northwest (Cedar Hill),,False,False
2026-10-05,Mehlville,,Notre Dame (St. Louis),,False,False
2026-10-05,Knob Noster,,Notre Dame de Sion,,False,False
2026-10-05,Bevier,,Novinger,,False,False
2026-10-05,Festus,,Oakville,,False,False
2026-10-05,Westminster Christian Academy,,Orchard Farm,,False,False
2026-10-05,Canton,,Palmyra,,False,False
2026-10-05,DeSoto,,Parkway South,,False,False
2026-10-05,Ft. Zumwalt West,,Parkway West,,False,False
2026-10-05,Fayette,,Pilot Grove,,False,False
2026-10-05,Belton,,Platte County,,False,False
2026-10-05,Stewartsville with Osborn,,Plattsburg,,False,False
2026-10-05,Norborne with Hardin-Central,,Polo,,False,False
2026-10-05,West Plains,,Poplar Bluff,,False,False
2026-10-05,Kirksville,,Princeton,,False,False
2026-10-05,Highland,,Putnam County,,False,False
2026-10-05,Blue Springs,,Raymore-Peculiar,,False,False
2026-10-05,Osage,,Richland,,False,False
2026-10-05,Seckman,,Rockwood Summit,,False,False
2026-10-05,Raytown South,,Ruskin,,False,False
2026-10-05,Iberia,,Russellville,,False,False
2026-10-05,Milan,,Scotland County,,False,False
2026-10-05,Carrollton,,Slater with Malta Bend,,False,False
2026-10-05,Jefferson City,,Smith-Cotton,,False,False
2026-10-05,Kearney,,Smithville,,False,False
2026-10-05,Penney,,South Harrison,,False,False
2026-10-05,St. Pius X (Festus),,St. Charles West with St. Charles,,False,False
2026-10-05,Hazelwood West,,St. Joseph's Academy,,False,False
2026-10-05,Excelsior Springs,,St. Pius X (Kansas City),,False,False
2026-10-05,Lee's Summit West,,Staley,,False,False
2026-10-05,Laquey,,Stoutland,,False,False
2026-10-05,Ft. Zumwalt North,,Timberland,,False,False
2026-10-05,"Brunswick with Keytesville, Northwestern (Mendon)",,"Tina-Avalon with Bosworth, Hale",,False,False
2026-10-05,Kelly,,Twin Rivers,,False,False
2026-10-05,Lutheran South,,Valley Park,,False,False
2026-10-05,Parkview,,Walnut Grove,,False,False
2026-10-05,Sturgeon,,Wellsville-Middletown,,False,False
2026-10-05,Stanberry,,West Platte,,False,False
2026-10-05,Oak Park,,Winnetonka,,False,False
2026-10-05,Northeast Nodaway,,Worth County,,False,False
2026-10-05,Hermann with New Haven,,Wright City,,False,False
2026-10-06,Maysville,,Albany,,False,False
2026-10-06,Valley Park,,Bayless,,False,False
2026-10-06,Raytown,,Belton,,False,False
2026-10-06,Madison,,Bevier,,False,False
2026-10-06,Northeast Nodaway,,Bishop LeBlond,,False,False
2026-10-06,Southern Boone,,Blair Oaks,,False,False
2026-10-06,Staley,,Blue Springs,,False,False
2026-10-06,Montrose with Appleton City,,Bolivar,,False,False
2026-10-06,Fulton,,Boonville,,False,False
2026-10-06,Clopton,,Bowling Green,,False,False
2026-10-06,Polo,,"Braymer with Breckenridge, Southwest (Livingston County)",,False,False
2026-10-06,Norborne with Hardin-Central,,"Brunswick with Keytesville, Northwestern (Mendon)",,False,False
2026-10-06,Atlanta,,Bucklin with Macon County,,False,False
2026-10-06,Rolla,,Camdenton,,False,False
2026-10-06,Lexington,,Carrollton,,False,False
2026-10-06,Hallsville with Christian Fellowship Sr.,,Centralia,,False,False
2026-10-06,Farmington,,Chaffee,,False,False
2026-10-06,South Harrison,,Chillicothe,,False,False
2026-10-06,Louisiana,,Community,,False,False
2026-10-06,Crocker,,Dixon,,False,False
2026-10-06,Naylor,,Doniphan,,False,False
2026-10-06,Incarnate Word Academy,,Eureka,,False,False
2026-10-06,Salisbury,,Fayette,,False,False
2026-10-06,Fredericktown,,Festus,,False,False
2026-10-06,Francis Howell Central,,Francis Howell North,,False,False
2026-10-06,King City with Union Star,,Gallatin,,False,False
2026-10-06,Kickapoo,,Glendale,,False,False
2026-10-06,Lee's Summit West,,Grain Valley,,False,False
2026-10-06,Smithville,,Grandview,,False,False
2026-10-06,Princeton,,Grundy County with Newtown-Harris,,False,False
2026-10-06,Affton,,Hazelwood West,,False,False
2026-10-06,Hillsboro,,Herculaneum with Crystal City,,False,False
2026-10-06,Stoutland,,Hermitage,,False,False
2026-10-06,Brashear,,Higbee,,False,False
2026-10-06,South Shelby,,Highland,,False,False
2026-10-06,Branson,,Hillcrest,,False,False
2026-10-06,Fair Play,,Humansville,,False,False
2026-10-06,DeSoto,,Jefferson (Festus),,False,False
2026-10-06,Carthage,,Joplin,,False,False
2026-10-06,Excelsior Springs,,Kearney,,False,False
2026-10-06,Hannibal,,Kirksville,,False,False
2026-10-06,Lafayette County,,Knob Noster,,False,False
2026-10-06,Marceline,,Knox County,,False,False
2026-10-06,Westminster Christian Academy,,Lafayette (Wildwood),,False,False
2026-10-06,East Buchanan,,Lathrop,,False,False
2026-10-06,West Platte,,Lawson,,False,False
2026-10-06,Ozark,,Lebanon,,False,False
2026-10-06,Liberty North,,Lee's Summit,,False,False
2026-10-06,Halfway,,Macks Creek,,False,False
2026-10-06,Clark County,,Macon,,False,False
2026-10-06,Logan-Rogersville,,Marshfield,,False,False
2026-10-06,Linn County,,Milan,,False,False
2026-10-06,Cassville,,Monett,,False,False
2026-10-06,Palmyra,,Monroe City,,False,False
2026-10-06,Elsberry,,Montgomery County,,False,False
2026-10-06,Republic,,Neosho,,False,False
2026-10-06,McDonald County,,Nevada,,False,False
2026-10-06,Capital City,,New Bloomfield,,False,False
2026-10-06,Jamestown,,New Franklin,,False,False
2026-10-06,Climax Springs,,Newburg,,False,False
2026-10-06,Stewartsville with Osborn,,North Andrew,,False,False
2026-10-06,Mark Twain,,North Callaway,,False,False
2026-10-06,Ruskin,,North Kansas City,,False,False
2026-10-06,Battle,,North Point,,False,False
2026-10-06,Slater with Malta Bend,,Northeast (Cairo),,False,False
2026-10-06,Poplar Bluff,,Notre Dame (Cape Girardeau),,False,False
2026-10-06,Central (St. Joseph),,Oak Park,,False,False
2026-10-06,Summit Christian Academy,,Odessa,,False,False
2026-10-06,California,,Osage,,False,False
2026-10-06,Canton,,Paris,,False,False
2026-10-06,Lee's Summit North,,Park Hill,,False,False
2026-10-06,Parkway West,,Parkway Central,,False,False
2026-10-06,Clayton,,Parkway North with Principia,,False,False
2026-10-06,Northwest (Cedar Hill),,Parkway South,,False,False
2026-10-06,Kirkwood,,Pattonville,,False,False
2026-10-06,Mid-Buchanan,,Penney,,False,False
2026-10-06,North Platte,,Plattsburg,,False,False
2026-10-06,Oak Grove,,Pleasant Hill,,False,False
2026-10-06,Gilman City with Tri-County,,Putnam County,,False,False
2026-10-06,Blue Springs South,,Raymore-Peculiar,,False,False
2026-10-06,Iberia,,Richland,,False,False
2026-10-06,Holden,,Richmond,,False,False
2026-10-06,Ladue Horton Watkins,,Ritenour,,False,False
2026-10-06,Lutheran St. Charles with Veritas Christian Academy,,Rockwood Summit,,False,False
2026-10-06,Eldon,,Russellville,,False,False
2026-10-06,Oakville,,Seckman,,False,False
2026-10-06,Aurora,,Seneca,,False,False
2026-10-06,Wheatland,,Sherwood,,False,False
2026-10-06,East Carter,,Sikeston,,False,False
2026-10-06,Wellsville-Middletown,,Silex,,False,False
2026-10-06,Owensville,,South Callaway,,False,False
2026-10-06,Warrenton,,St. Charles West with St. Charles,,False,False
2026-10-06,Eugene,,St. Elizabeth,,False,False
2026-10-06,St. Clair,,St. Pius X (Festus),,False,False
2026-10-06,St. Michael the Archangel,,St. Teresa's Academy,,False,False
2026-10-06,Benton,,Stanberry,,False,False
2026-10-06,St. Francis Borgia,,Sullivan,,False,False
2026-10-06,Holt,,Timberland,,False,False
2026-10-06,Glasgow,,"Tina-Avalon with Bosworth, Hale",,False,False
2026-10-06,North Harrison,,Trenton,,False,False
2026-10-06,Mehlville,,University City,,False,False
2026-10-06,St. Joseph's Academy,,Ursuline Academy,,False,False
2026-10-06,Wright City,,Van-Far,,False,False
2026-10-06,Clinton,,Warrensburg,,False,False
2026-10-06,Nixa,,Waynesville,,False,False
2026-10-06,Walnut Grove,,Weaubleau,,False,False
2026-10-06,Willard,,Webb City,,False,False
2026-10-06,Fox,,Webster Groves,,False,False
2026-10-06,Schuyler County,,Westran,,False,False
2026-10-06,Ft. Zumwalt North,,Winfield,,False,False
2026-10-06,Raytown South,,Winnetonka,,False,False
2026-10-06,Jefferson (Conception) with South Nodaway,,Worth County,,False,False
2026-10-07,Bayless,,Affton,,False,False
2026-10-07,Park Hill South,,Battle,,False,False
2026-10-07,Fort Osage,,Belton,,False,False
2026-10-07,Raymore-Peculiar,,Blue Springs South,,False,False
2026-10-07,Neosho,,Bolivar,,False,False
2026-10-07,Parkview,,Branson,,False,False
2026-10-07,Hickman,,Camdenton,,False,False
2026-10-07,Lathrop,,Cameron,,False,False
2026-10-07,Saxony Lutheran with St. Vincent,,Central (Cape Girardeau),,False,False
2026-10-07,Monroe City,,Clopton,,False,False
2026-10-07,Webster Groves,,Cor Jesu Academy,,False,False
2026-10-07,Warrensburg,,Excelsior Springs,,False,False
2026-10-07,Helias Catholic,,Fatima,,False,False
2026-10-07,Incarnate Word Academy,,Francis Howell,,False,False
2026-10-07,Lafayette (Wildwood),,Francis Howell North,,False,False
2026-10-07,Chaffee,,Fredericktown,,False,False
2026-10-07,Lutheran St. Charles with Veritas Christian Academy,,Ft. Zumwalt East,,False,False
2026-10-07,Novinger,,Grundy County with Newtown-Harris,,False,False
2026-10-07,Mexico,,Hannibal,,False,False
2026-10-07,Grandview,,Humansville,,False,False
2026-10-07,North County,,Jackson,,False,False
2026-10-07,Neelyville,,Jefferson (Festus),,False,False
2026-10-07,Aurora,,Lebanon,,False,False
2026-10-07,St. Pius X (Kansas City),,Lexington,,False,False
2026-10-07,Kickapoo,,Logan-Rogersville,,False,False
2026-10-07,Lafayette County,,Lone Jack,,False,False
2026-10-07,Parkway North with Principia,,Lutheran South,,False,False
2026-10-07,Macon,,Marceline,,False,False
2026-10-07,Louisiana,,Mark Twain,,False,False
2026-10-07,Mid-Buchanan,,Maryville,,False,False
2026-10-07,La Plata,,Meadville,,False,False
2026-10-07,Ladue Horton Watkins,,Orchard Farm,,False,False
2026-10-07,Marshfield,,Ozark,,False,False
2026-10-07,St. Francis Borgia,,Parkway West,,False,False
2026-10-07,North Andrew,,"Pattonsburg with North Daviess, Winston",,False,False
2026-10-07,Hillsboro,,Perryville,,False,False
2026-10-07,Raytown,,Platte County,,False,False
2026-10-07,Parkway Central,,Rockwood Summit,,False,False
2026-10-07,North Shelby,,Salisbury,,False,False
2026-10-07,Central (St. Joseph),,Savannah,,False,False
2026-10-07,Farmington,,Sikeston,,False,False
2026-10-07,Rock Bridge,,Smith-Cotton,,False,False
2026-10-07,Van-Far,,South Callaway,,False,False
2026-10-07,Jefferson City,,Southern Boone,,False,False
2026-10-07,Ritenour,,St. Dominic,,False,False
2026-10-07,Stoutland,,St. James,,False,False
2026-10-07,Kirkwood,,St. Joseph's Academy,,False,False
2026-10-07,Oak Park,,St. Michael the Archangel,,False,False
2026-10-07,Harrisburg,,Sturgeon,,False,False
2026-10-07,William Chrisman,,Truman,,False,False
2026-10-07,Oakville,,Ursuline Academy,,False,False
2026-10-07,Hazelwood West,,Valley Park,,False,False
2026-10-07,Washington,,Warrenton,,False,False
2026-10-07,North Kansas City,,Winnetonka,,False,False
2026-10-08,Mehlville,,Affton,,False,False
2026-10-08,Milan,,Albany,,False,False
2026-10-08,Kirksville,,Battle,,False,False
2026-10-08,Raytown,,Belton,,False,False
2026-10-08,Blue Springs South,,Blue Springs,,False,False
2026-10-08,Eldon,,Boonville,,False,False
2026-10-08,North Callaway,,Bowling Green,,False,False
2026-10-08,Lone Jack,,"Braymer with Breckenridge, Southwest (Livingston County)",,False,False
2026-10-08,Salisbury,,Brookfield,,False,False
2026-10-08,Meadville,,Bucklin with Macon County,,False,False
2026-10-08,Trenton,,Cameron,,False,False
2026-10-08,Scotland County,,Canton,,False,False
2026-10-08,West Plains,,Carl Junction,,False,False
2026-10-08,Willard,,Carthage,,False,False
2026-10-08,Naylor,,Central (Cape Girardeau),,False,False
2026-10-08,North Kansas City,,Central (St. Joseph),,False,False
2026-10-08,Palmyra,,Centralia,,False,False
2026-10-08,Blair Oaks,,Chillicothe,,False,False
2026-10-08,South Shelby,,Clark County,,False,False
2026-10-08,Hazelwood West,,Clayton,,False,False
2026-10-08,Odessa,,Clinton,,False,False
2026-10-08,Holt,,Cor Jesu Academy,,False,False
2026-10-08,St. James,,Crocker,,False,False
2026-10-08,Hermitage,,Dadeville with Everton,,False,False
2026-10-08,North Andrew,,DeKalb,,False,False
2026-10-08,North Platte,,East Buchanan,,False,False
2026-10-08,Twin Rivers,,East Carter,,False,False
2026-10-08,Fatima,,Eugene,,False,False
2026-10-08,Lafayette (Wildwood),,Eureka,,False,False
2026-10-08,Perryville,,Farmington,,False,False
2026-10-08,Glasgow,,Fayette,,False,False
2026-10-08,Truman,,Fort Osage,,False,False
2026-10-08,Parkway Central,,Fox,,False,False
2026-10-08,Francis Howell North,,Ft. Zumwalt North,,False,False
2026-10-08,Warrenton,,Ft. Zumwalt South,,False,False
2026-10-08,Princeton,,Gallatin,,False,False
2026-10-08,Meadville,,Gilman City with Tri-County,,False,False
2026-10-08,Novinger,,Green City,,False,False
2026-10-08,California,,Hallsville with Christian Fellowship Sr.,,False,False
2026-10-08,Metro,,Hancock,,False,False
2026-10-08,Northeast (Cairo),,Harrisburg,,False,False
2026-10-08,Father Tolton,,Helias Catholic,,False,False
2026-10-08,Carrollton,,Holden,,False,False
2026-10-08,Macks Creek,,Humansville,,False,False
2026-10-08,South Callaway,,Jamestown,,False,False
2026-10-08,North County,,Jefferson (Festus),,False,False
2026-10-08,Neosho,,Joplin,,False,False
2026-10-08,Grandview,,Kearney,,False,False
2026-10-08,Lebanon,,Kickapoo,,False,False
2026-10-08,University City,,Kirkwood,,False,False
2026-10-08,Richmond,,Knob Noster,,False,False
2026-10-08,Highland,,Knox County,,False,False
2026-10-08,Atlanta,,La Plata,,False,False
2026-10-08,Parkway North with Principia,,Ladue Horton Watkins,,False,False
2026-10-08,Lexington,,Lafayette County,,False,False
2026-10-08,Climax Springs,,Laquey,,False,False
2026-10-08,Penney,,Lathrop,,False,False
2026-10-08,Mid-Buchanan,,Lawson,,False,False
2026-10-08,Liberty,,Lee's Summit North,,False,False
2026-10-08,Liberty North,,Lee's Summit West,,False,False
2026-10-08,St. Elizabeth,,Linn,,False,False
2026-10-08,St. Joseph's Academy,,Lutheran South,,False,False
2026-10-08,St. Charles West with St. Charles,,Lutheran St. Charles with Veritas Christian Academy,,False,False
2026-10-08,Community,,Marion County,,False,False
2026-10-08,Worth County,,Maysville,,False,False
2026-10-08,Monett,,McDonald County,,False,False
2026-10-08,Linn County,,"Mercer with Cainsville, Ridgeway",,False,False
2026-10-08,Fulton,,Mexico,,False,False
2026-10-08,Marshall,,Moberly,,False,False
2026-10-08,Owensville,,Montgomery County,,False,False
2026-10-08,Seneca,,Nevada,,False,False
2026-10-08,Hermann with New Haven,,New Bloomfield,,False,False
2026-10-08,Ozark,,Nixa,,False,False
2026-10-08,Putnam County,,North Harrison,,False,False
2026-10-08,Liberty (Wentzville),,North Point,,False,False
2026-10-08,Lindbergh,,Northwest (Cedar Hill),,False,False
2026-10-08,Kelly,,Notre Dame (Cape Girardeau),,False,False
2026-10-08,Harrisonville,,Oak Grove,,False,False
2026-10-08,Webster Groves,,Oakville,,False,False
2026-10-08,Valley Park,,Pacific,,False,False
2026-10-08,Oak Park,,Park Hill South,,False,False
2026-10-08,Seckman,,Parkway South,,False,False
2026-10-08,"Tina-Avalon with Bosworth, Hale",,"Pattonsburg with North Daviess, Winston",,False,False
2026-10-08,King City with Union Star,,"Pattonsburg with North Daviess, Winston",,False,False
2026-10-08,Ritenour,,Pattonville,,False,False
2026-10-08,Chaffee,,Poplar Bluff,,False,False
2026-10-08,Lee's Summit,,Raymore-Peculiar,,False,False
2026-10-08,Sherwood,,Raytown South,,False,False
2026-10-08,Webb City,,Republic,,False,False
2026-10-08,Newburg,,Richland,,False,False
2026-10-08,Ft. Zumwalt West,,Rock Bridge,,False,False
2026-10-08,Winnetonka,,Ruskin,,False,False
2026-10-08,Pilot Grove,,Russellville,,False,False
2026-10-08,DeSoto,,Saxony Lutheran with St. Vincent,,False,False
2026-10-08,"Brunswick with Keytesville, Northwestern (Mendon)",,Slater with Malta Bend,,False,False
2026-10-08,Platte County,,Smithville,,False,False
2026-10-08,Savannah,,South Harrison,,False,False
2026-10-08,Osage,,Southern Boone,,False,False
2026-10-08,Cuba,,St. Clair,,False,False
2026-10-08,St. Pius X (Festus),,St. Francis Borgia,,False,False
2026-10-08,St. Pius X (Kansas City),,St. Teresa's Academy,,False,False
2026-10-08,Park Hill,,Staley,,False,False
2026-10-08,Stanberry,,Stewartsville with Osborn,,False,False
2026-10-08,Paris,,Sturgeon,,False,False
2026-10-08,Francis Howell Central,,Timberland,,False,False
2026-10-08,Clopton,,Van-Far,,False,False
2026-10-08,Iberia,,Vienna,,False,False
2026-10-08,Pleasant Hill,,Warrensburg,,False,False
2026-10-08,Sullivan,,Washington,,False,False
2026-10-08,Glendale,,Waynesville,,False,False
2026-10-08,Plattsburg,,West Platte,,False,False
2026-10-08,Incarnate Word Academy,,Westminster Christian Academy,,False,False
2026-10-08,New Franklin,,Westran,,False,False
2026-10-08,Tuscumbia,,Wheatland,,False,False
2026-10-08,Grain Valley,,William Chrisman,,False,False
2026-10-08,Festus,,Windsor (Imperial),,False,False
2026-10-08,Elsberry,,Winfield,,False,False
2026-10-08,Wellsville-Middletown,,Wright City,,False,False
2026-10-09,Marion County,,Brashear,,False,False
2026-10-09,Weaubleau,,Climax Springs,,False,False
2026-10-09,Jackson,,Cor Jesu Academy,,False,False
2026-10-09,East Carter,,Dadeville with Everton,,False,False
2026-10-09,Hartville,,Doniphan,,False,False
2026-10-09,Kelly,,Doniphan,,False,False
2026-10-09,Ft. Zumwalt East,,Francis Howell North,,False,False
2026-10-09,Francis Howell Central,,Ft. Zumwalt West,,False,False
2026-10-09,Montrose with Appleton City,,Halfway,,False,False
2026-10-09,Richland,,Hermitage,,False,False
2026-10-09,Webster Groves,,Hickman,,False,False
2026-10-09,Bevier,,Higbee,,False,False
2026-10-09,St. Dominic,,Holt,,False,False
2026-10-09,Hartville,,Kelly,,False,False
2026-10-09,Ritenour,,Mehlville,,False,False
2026-10-09,Poplar Bluff,,Northwest (Cedar Hill),,False,False
2026-10-09,East Carter,,Norwood,,False,False
2026-10-09,Dadeville with Everton,,Norwood,,False,False
2026-10-09,Community,,Paris,,False,False
2026-10-09,Notre Dame (St. Louis),,Parkway North with Principia,,False,False
2026-10-09,Green City,,Schuyler County,,False,False
2026-10-09,Hancock,,STEAM Academy,,False,False
2026-10-09,Bowling Green,,Troy Buchanan,,False,False
2026-10-09,Macks Creek,,Walnut Grove,,False,False
2026-10-09,Helias Catholic,,Washington,,False,False
2026-10-09,Ursuline Academy,,Westminster Christian Academy,,False,False
2026-10-09,Dixon,,Wheatland,,False,False
2026-10-10,Cassville,,Bolivar,,False,False
2026-10-10,Joplin,,Bolivar,,False,False
2026-10-10,Joplin,,Cassville,,False,False
2026-10-10,Francis Howell,,Hannibal,,False,False
2026-10-10,Southern Boone,,Harrisburg,,False,False
2026-10-10,Webster Groves,,Harrisburg,,False,False
2026-10-10,Sturgeon,,Higbee,,False,False
2026-10-10,Liberty North,,Kickapoo,,False,False
2026-10-10,Rock Bridge,,Kickapoo,,False,False
2026-10-10,Rock Bridge,,Liberty North,,False,False
2026-10-10,Waynesville,,Logan-Rogersville,,False,False
2026-10-10,Branson,,Logan-Rogersville,,False,False
2026-10-10,Mark Twain,,Perryville,,False,False
2026-10-10,Webster Groves,,Southern Boone,,False,False
2026-10-10,Elsberry,,Troy Buchanan,,False,False
2026-10-10,Silex,,Troy Buchanan,,False,False
2026-10-10,Branson,,Waynesville,,False,False
2026-10-12,Herculaneum with Crystal City,,Affton,,False,False
2026-10-12,"Brunswick with Keytesville, Northwestern (Mendon)",,Atlanta,,False,False
2026-10-12,Jefferson City,,Blair Oaks,,False,False
2026-10-12,Waynesville,,Bolivar,,False,False
2026-10-12,Centralia,,Bowling Green,,False,False
2026-10-12,Willard,,Branson,,False,False
2026-10-12,New Bloomfield,,California,,False,False
2026-10-12,Smith-Cotton,,Camdenton,,False,False
2026-10-12,Penney,,Cameron,,False,False
2026-10-12,Aurora,,Carl Junction,,False,False
2026-10-12,Kickapoo,,Carthage,,False,False
2026-10-12,Neosho,,Cassville,,False,False
2026-10-12,St. Pius X (Festus),,Central (Cape Girardeau),,False,False
2026-10-12,Trenton,,Chillicothe,,False,False
2026-10-12,Nevada,,Clinton,,False,False
2026-10-12,Maryville,,DeKalb,,False,False
2026-10-12,Albany,,East Buchanan,,False,False
2026-10-12,Battle,,Eldon,,False,False
2026-10-12,Tuscumbia,,Eugene,,False,False
2026-10-12,Saxony Lutheran with St. Vincent,,Farmington,,False,False
2026-10-12,Macon,,Father Tolton,,False,False
2026-10-12,Montgomery County,,Fatima,,False,False
2026-10-12,Fox,,Festus,,False,False
2026-10-12,Parkway West,,Francis Howell North,,False,False
2026-10-12,Neelyville,,Fredericktown,,False,False
2026-10-12,Ft. Zumwalt South,,Ft. Zumwalt West,,False,False
2026-10-12,Gallatin,,Gilman City with Tri-County,,False,False
2026-10-12,Westran,,Glasgow,,False,False
2026-10-12,Norwood,,Halfway,,False,False
2026-10-12,South Callaway,,Hallsville with Christian Fellowship Sr.,,False,False
2026-10-12,Palmyra,,Hannibal,,False,False
2026-10-12,North Shelby,,Harrisburg,,False,False
2026-10-12,Logan-Rogersville,,Hartville,,False,False
2026-10-12,St. Francis Borgia,,Holt,,False,False
2026-10-12,Laquey,,Iberia,,False,False
2026-10-12,Valley Park,,Incarnate Word Academy,,False,False
2026-10-12,DeKalb,,Jefferson (Conception) with South Nodaway,,False,False
2026-10-12,South Harrison,,Jefferson (Conception) with South Nodaway,,False,False
2026-10-12,Staley,,Kearney,,False,False
2026-10-12,Jackson,,Kelly,,False,False
2026-10-12,Seckman,,Kirkwood,,False,False
2026-10-12,Parkway Central,,Ladue Horton Watkins,,False,False
2026-10-12,Belton,,Lee's Summit West,,False,False
2026-10-12,Platte County,,Liberty North,,False,False
2026-10-12,Hillsboro,,Lindbergh,,False,False
2026-10-12,Warrensburg,,Lone Jack,,False,False
2026-10-12,Canton,,Louisiana,,False,False
2026-10-12,Notre Dame (St. Louis),,Lutheran South,,False,False
2026-10-12,Winfield,,Lutheran St. Charles with Veritas Christian Academy,,False,False
2026-10-12,Hazelwood West,,Maplewood-Richmond Hts. with Brentwood,,False,False
2026-10-12,Moberly,,Mark Twain,,False,False
2026-10-12,Green City,,"Mercer with Cainsville, Ridgeway",,False,False
2026-10-12,King City with Union Star,,Mid-Buchanan,,False,False
2026-10-12,"Pattonsburg with North Daviess, Winston",,Milan,,False,False
2026-10-12,Hillcrest,,Monett,,False,False
2026-10-12,Cuba,,Newburg,,False,False
2026-10-12,West Platte,,North Andrew,,False,False
2026-10-12,Princeton,,North Harrison,,False,False
2026-10-12,Truman,,North Kansas City,,False,False
2026-10-12,St. Joseph's Academy,,Oakville,,False,False
2026-10-12,Rockwood Summit,,Pacific,,False,False
2026-10-12,Savannah,,Park Hill,,False,False
2026-10-12,Hermitage,,Parkview,,False,False
2026-10-12,Slater with Malta Bend,,Pilot Grove,,False,False
2026-10-12,Maysville,,Princeton,,False,False
2026-10-12,Maysville,,Putnam County,,False,False
2026-10-12,Benton,,Richmond,,False,False
2026-10-12,Monroe City,,Salisbury,,False,False
2026-10-12,Highland,,Scotland County,,False,False
2026-10-12,Joplin,,Seneca,,False,False
2026-10-12,Northeast (Cairo),,South Shelby,,False,False
2026-10-12,Pattonville,,St. Charles West with St. Charles,,False,False
2026-10-12,Crocker,,St. Elizabeth,,False,False
2026-10-12,Lexington,,St. Michael the Archangel,,False,False
2026-10-12,Capital City,,Union,,False,False
2026-10-12,Stoutland,,Vienna,,False,False
2026-10-12,Ft. Zumwalt North,,Warrenton,,False,False
2026-10-12,Liberty (Wentzville),,Washington,,False,False
2026-10-12,Parkway North with Principia,,Webster Groves,,False,False
2026-10-12,Lebanon,,West Plains,,False,False
2026-10-12,Marquette,,Westminster Christian Academy,,False,False
2026-10-12,Richland,,Wheatland,,False,False
2026-10-12,Sullivan,,Windsor (Imperial),,False,False
2026-10-12,Owensville,,Wright City,,False,False
2026-10-13,Doniphan,,Chaffee,,False,False
2026-10-13,Harrisonville,,Clinton,,False,False
2026-10-13,Community,,Elsberry,,False,False
2026-10-13,Lutheran St. Charles with Veritas Christian Academy,,Hermann with New Haven,,False,False
2026-10-13,St. Charles West with St. Charles,,Incarnate Word Academy,,False,False
2026-10-13,St. Michael the Archangel,,Notre Dame de Sion,,False,False
2026-10-13,Scotland County,,Novinger,,False,False
2026-10-13,Warrensburg,,Oak Grove,,False,False
2026-10-13,Pleasant Hill,,Odessa,,False,False
2026-10-13,Nevada,,Parkview,,False,False
2026-10-13,Putnam County,,Princeton,,False,False
2026-10-13,Iberia,,Rolla,,False,False
2026-10-13,Valley Park,,St. Charles West with St. Charles,,False,False
2026-10-13,North Kansas City,,St. Pius X (Kansas City),,False,False
2026-10-13,Oak Park,,Truman,,False,False
2026-10-13,Ft. Zumwalt East,,Warrenton,,False,False
2026-10-14,Parkway North with Principia,,Parkway Central,,False,False
