team,date,opponent,home_away,team_score,opp_score,result,predicted_team_score,predicted_opp_score,off_delta,def_delta,ovr_delta,forfeit,extra_innings
Affton,2026-08-31,Pacific,,4,14,L,1.67,15.4,2.33,1.4,3.72,False,False
Affton,2026-09-02,Hancock,,10,0,W,8.17,11.56,1.83,11.56,13.39,False,False
Affton,2026-09-03,Jefferson (Festus),,0,10,L,4.8,14.1,-4.8,4.1,-0.71,False,False
Affton,2026-09-08,Metro,,17,2,W,16.9,3.69,0.1,1.69,1.79,False,False
Affton,2026-09-09,McCluer North,,21,17,W,16.12,8.36,4.88,-8.64,-3.75,False,False
Affton,2026-09-10,Clayton,,15,12,W,11.55,10.36,3.45,-1.64,1.81,False,False
Affton,2026-09-15,Kirkwood,,9,5,W,1.96,13.71,7.04,8.71,15.76,False,False
Affton,2026-09-17,Ladue Horton Watkins,,3,14,L,8.54,10.57,-5.54,-3.43,-8.97,False,False
Affton,2026-09-21,Lutheran South,,1,16,L,5.22,13.63,-4.22,-2.37,-6.6,False,False
Affton,2026-09-22,Ritenour,,5,6,L,6.33,14.43,-1.33,8.43,7.1,False,False
Affton,2026-09-24,Pattonville,,6,19,L,6.26,13.51,-0.26,-5.49,-5.75,False,False
Affton,2026-09-28,Notre Dame (St. Louis),,6,17,L,12.99,12.11,-6.99,-4.89,-11.88,False,False
Affton,2026-09-29,Parkway North with Principia,,18,13,W,11.56,10.71,6.44,-2.29,4.16,False,False
Affton,2026-10-01,University City,,,,,14.04,8.14,,,,False,False
Affton,2026-10-06,Hazelwood West,,,,,8.83,12.01,,,,False,False
Affton,2026-10-07,Bayless,,,,,13.94,9.18,,,,False,False
Affton,2026-10-08,Mehlville,,,,,7.67,9.96,,,,False,False
Affton,2026-10-12,Herculaneum with Crystal City,,,,,13.49,9.64,,,,False,False
Albany,2026-08-27,Northeast Nodaway,,11,0,W,11.53,0.84,-0.53,0.84,0.31,False,False
Albany,2026-08-29,King City with Union Star,,4,5,L,2.79,4.18,1.21,-0.82,0.39,False,False
Albany,2026-08-29,North Andrew,,8,2,W,4.23,2.53,3.77,0.53,4.31,False,False
Albany,2026-08-29,Stanberry,,6,5,W,4.12,5.8,1.88,0.8,2.68,False,False
Albany,2026-08-31,South Harrison,,2,6,L,2.65,7.17,-0.65,1.17,0.52,False,False
Albany,2026-09-01,Stanberry,,3,5,L,4.12,5.8,-1.12,0.8,-0.32,False,False
Albany,2026-09-03,"Pattonsburg with North Daviess, Winston",,3,8,L,6.49,4.47,-3.49,-3.53,-7.01,False,False
Albany,2026-09-08,North Andrew,,3,4,L,4.23,2.53,-1.23,-1.47,-2.69,False,False
Albany,2026-09-10,King City with Union Star,,3,2,W,2.79,4.18,0.21,2.18,2.39,False,False
Albany,2026-09-14,Cainsville,,,,,,,,,,False,False
Albany,2026-09-22,North Harrison,,7,6,W,10.82,4.71,-3.82,-1.29,-5.12,False,False
Albany,2026-09-23,Worth County,,5,4,W,3.21,3.31,1.79,-0.69,1.1,False,False
Albany,2026-09-24,Jefferson (Conception) with South Nodaway,,13,0,W,9.28,4.16,3.72,4.16,7.89,False,False
Albany,2026-09-28,Putnam County,,1,3,L,3.56,1.29,-2.56,-1.71,-4.27,False,False
Albany,2026-09-29,DeKalb,,,,,9.72,2.4,,,,False,False
Albany,2026-10-01,Princeton,,,,,1.99,7.56,,,,False,False
Albany,2026-10-07,Benton,,,,,3.53,5.68,,,,False,False
Albany,2026-10-08,Milan,,,,,15.52,-3.97,,,,False,False
Albany,2026-10-09,Princeton,,,,,1.99,7.56,,,,False,False
Atlanta,2026-09-03,Marion County,,15,5,W,19.78,7.08,-4.78,2.08,-2.7,False,False
Atlanta,2026-09-08,Scotland County,,10,19,L,6.91,13.28,3.09,-5.72,-2.63,False,False
Atlanta,2026-09-14,Schuyler County,,1,16,L,6.27,14.8,-5.27,-1.2,-6.48,False,False
Atlanta,2026-09-15,Meadville,,24,11,W,24.37,9.82,-0.37,-1.18,-1.54,False,False
Atlanta,2026-09-17,Bevier,,15,5,W,16.53,3.67,-1.53,-1.33,-2.86,False,False
Atlanta,2026-09-25,Linn County,,22,4,W,17.07,10.2,4.93,6.2,11.14,False,False
Atlanta,2026-09-28,Green City,,14,13,W,15.09,12.84,-1.09,-0.16,-1.25,False,False
Atlanta,2026-09-29,Higbee,,12,10,W,10.93,10.78,1.07,0.78,1.85,False,False
Atlanta,2026-10-02,Novinger,,,,,14.21,6.96,,,,False,False
Atlanta,2026-10-05,Brashear,,,,,16.06,9.5,,,,False,False
Atlanta,2026-10-05,North Shelby,,,,,0.75,16.36,,,,False,False
Atlanta,2026-10-06,Bucklin with Macon County,,,,,23.51,6.04,,,,False,False
Atlanta,2026-10-08,La Plata,,,,,13.72,11.88,,,,False,False
Atlanta,2026-10-12,"Brunswick with Keytesville, Northwestern (Mendon)",,,,,6.42,12.07,,,,False,False
"Auburn(Auburn, NE)",2026-09-12,North Andrew,,9,7,W,,,,,,False,False
Aurora,2026-08-28,Hillcrest,,15,0,W,16.37,2.8,-1.37,2.8,1.43,False,False
Aurora,2026-08-28,Seneca,,5,8,L,5.33,4.05,-0.33,-3.95,-4.29,False,False
Aurora,2026-08-29,Carl Junction,,3,2,W,4.65,6.1,-1.65,4.1,2.45,False,False
Aurora,2026-08-29,Joplin,,4,18,L,1.71,7.81,2.29,-10.19,-7.9,False,False
Aurora,2026-09-01,Branson,,7,2,W,3.48,7.43,3.52,5.43,8.95,False,False
Aurora,2026-09-03,Hartville,,13,3,W,6.85,4.6,6.15,1.6,7.75,False,False
Aurora,2026-09-08,Nevada,,18,1,W,17.6,-0.69,0.4,-1.69,-1.28,False,False
Aurora,2026-09-10,Monett,,8,1,W,7.25,3.17,0.75,2.17,2.91,False,False
Aurora,2026-09-11,Dadeville with Everton,,3,7,L,3.54,4.83,-0.54,-2.17,-2.71,False,False
Aurora,2026-09-12,Norwood,,11,6,W,8.44,3.12,2.56,-2.88,-0.32,False,False
Aurora,2026-09-12,Monett,,6,1,W,7.25,3.17,-1.25,2.17,0.91,False,False
Aurora,2026-09-14,Logan-Rogersville,,0,9,L,1.32,7.71,-1.32,-1.29,-2.61,False,False
Aurora,2026-09-15,McDonald County,,2,9,L,2.12,9.7,-0.12,0.7,0.58,False,False
Aurora,2026-09-17,Seneca,,1,2,L,5.33,4.05,-4.33,2.05,-2.29,False,False
Aurora,2026-09-21,Marshfield,,0,11,L,-0.69,9.25,0.69,-1.75,-1.06,False,False
Aurora,2026-09-22,Cassville,,1,7,L,2.88,4.86,-1.88,-2.14,-4.02,False,False
Aurora,2026-09-24,Nevada,,15,0,W,17.6,-0.69,-2.6,-0.69,-3.28,False,False
Aurora,2026-09-29,Monett,,5,0,W,7.25,3.17,-2.25,3.17,0.91,False,False
Aurora,2026-10-01,McDonald County,,,,,2.12,9.7,,,,False,False
Aurora,2026-10-03,Capital City,,,,,0.19,7.85,,,,False,False
Aurora,2026-10-03,Liberty,,,,,0.32,10.17,,,,False,False
Aurora,2026-10-05,Cassville,,,,,2.88,4.86,,,,False,False
Aurora,2026-10-06,Seneca,,,,,5.33,4.05,,,,False,False
Aurora,2026-10-07,Lebanon,,,,,7.87,6.65,,,,False,False
Aurora,2026-10-12,Carl Junction,,,,,4.65,6.1,,,,False,False
"Bartlesville(Bartlesville , OK)",2026-09-19,Branson,,10,0,W,,,,,,False,False
"Bartlesville(Bartlesville , OK)",2026-09-19,Monett,,11,0,W,,,,,,False,False
"Bartlesville(Bartlesville, OK)",2026-09-18,Nixa,,8,0,W,,,,,,False,False
"Bartlesville(Bartlesville, OK)",2026-09-18,Cassville,,11,6,W,,,,,,False,False
Battle,2026-08-28,Summit Christian Academy,,5,7,L,8.17,5.37,-3.17,-1.63,-4.8,False,False
Battle,2026-08-28,Webb City,,6,8,L,1.92,10.77,4.08,2.77,6.85,False,False
Battle,2026-08-29,West Plains,,10,1,W,10.64,4.94,-0.64,3.94,3.3,False,False
Battle,2026-08-29,Wheatland,,12,0,W,10.49,3.03,1.51,3.03,4.54,False,False
Battle,2026-08-31,Fayette,,8,7,W,4.07,5.13,3.93,-1.87,2.05,False,False
Battle,2026-09-01,Capital City,,9,2,W,3.2,8.01,5.8,6.01,11.82,False,False
Battle,2026-09-03,Centralia,,0,17,L,1.09,10.32,-1.09,-6.68,-7.78,False,False
Battle,2026-09-04,Father Tolton,,4,7,L,7.3,4.16,-3.3,-2.84,-6.14,False,False
Battle,2026-09-04,Grandview,,16,6,W,13.82,2.24,2.18,-3.76,-1.58,False,False
Battle,2026-09-05,Mexico,,6,17,L,4.59,9.36,1.41,-7.64,-6.23,False,False
Battle,2026-09-08,Rock Bridge,,0,2,L,0.47,11.3,-0.47,9.3,8.83,False,False
Battle,2026-09-09,Rolla,,7,11,L,5.27,7.12,1.73,-3.88,-2.15,False,False
Battle,2026-09-11,California,,15,1,W,9.46,5.19,5.54,4.19,9.73,False,False
Battle,2026-09-11,Liberty North,,3,12,L,2.38,11.4,0.62,-0.6,0.02,False,False
Battle,2026-09-12,Hillsboro,,6,8,L,5.32,8.1,0.68,0.1,0.79,False,False
Battle,2026-09-12,Linn,,6,10,L,3.93,9.16,2.07,-0.84,1.23,False,False
Battle,2026-09-14,Camdenton,,14,4,W,13.86,2.96,0.14,-1.04,-0.9,False,False
Battle,2026-09-15,Hickman,,3,13,L,3.34,11.21,-0.34,-1.79,-2.13,False,False
Battle,2026-09-17,New Bloomfield,,5,4,W,8.8,5.34,-3.8,1.34,-2.46,False,False
Battle,2026-09-19,Fayette,,0,6,L,4.07,5.13,-4.07,-0.87,-4.95,False,False
Battle,2026-09-19,Pilot Grove,,15,5,W,14.72,2.39,0.28,-2.61,-2.32,False,False
Battle,2026-09-19,Slater with Malta Bend,,7,6,W,8.31,3.37,-1.31,-2.63,-3.94,False,False
Battle,2026-09-21,Smith-Cotton,,5,3,W,6.29,5.27,-1.29,2.27,0.99,False,False
Battle,2026-09-22,Boonville,,1,2,L,7.45,5.63,-6.45,3.63,-2.82,False,False
Battle,2026-09-23,Helias Catholic,,1,8,L,0.62,12.38,0.38,4.38,4.76,False,False
Battle,2026-09-29,Jefferson City,,10,7,W,9.78,6.6,0.22,-0.4,-0.18,False,False
Battle,2026-10-02,Republic,,,,,5.59,7.34,,,,False,False
Battle,2026-10-03,Branson,,,,,6.49,7.59,,,,False,False
Battle,2026-10-03,Willard,,,,,1.98,12.71,,,,False,False
Battle,2026-10-06,North Point,,,,,6.49,6.16,,,,False,False
Battle,2026-10-07,Park Hill South,,,,,6.22,9.08,,,,False,False
Battle,2026-10-08,Kirksville,,,,,5.26,7.96,,,,False,False
Battle,2026-10-12,Eldon,,,,,3.37,5.69,,,,False,False
Bayless,2026-09-01,Hancock,,4,14,L,5.59,13.74,-1.59,-0.26,-1.85,False,False
Bayless,2026-09-02,Jefferson (Festus),,3,13,L,2.23,16.28,0.77,3.28,4.05,False,False
Bayless,2026-09-08,Ladue Horton Watkins,,21,6,W,5.97,12.76,15.03,6.76,21.79,False,False
Bayless,2026-09-09,Clayton,,7,17,L,8.98,12.55,-1.98,-4.45,-6.43,False,False
Bayless,2026-09-11,St. Clair,,0,16,L,6.42,12.49,-6.42,-3.51,-9.93,False,False
Bayless,2026-09-21,Riverview Gardens,,18,1,W,,,,,,False,False
Bayless,2026-09-22,Hancock,,5,18,L,5.59,13.74,-0.59,-4.26,-4.85,False,False
Bayless,2026-09-23,Hazelwood East,,19,0,W,,,,,,False,False
Bayless,2026-09-24,STEAM Academy,,20,7,W,18.96,4.26,1.04,-2.74,-1.7,False,False
Bayless,2026-09-28,Valley Park,,1,13,L,0.94,20.17,0.06,7.17,7.23,False,False
Bayless,2026-09-29,Metro,,9,1,W,14.33,5.87,-5.33,4.87,-0.45,False,False
Bayless,2026-10-01,McCluer North,,,,,13.54,10.55,,,,False,False
Bayless,2026-10-02,Notre Dame (St. Louis),,,,,10.41,14.3,,,,False,False
Bayless,2026-10-06,Valley Park,,,,,0.94,20.17,,,,False,False
Bayless,2026-10-07,Affton,,,,,9.18,13.94,,,,False,False
Bayless,2026-10-12,Hazelwood Central,,,,,,,,,,False,False
"Beatrice(Beatrice , NE)",2026-08-28,Rock Bridge,,7,8,L,,,,,,False,False
"Beatrice(Beatrice , NE)",2026-09-05,Rock Bridge,,4,3,W,,,,,,False,False
"Beatrice(Beatrice, NE)",2026-08-28,Blue Springs South,,18,16,W,,,,,,False,False
"Beatrice(Beatrice, NE)",2026-08-29,Liberty North,,3,5,L,,,,,,False,False
"Bellevue East(Bellevue, NE)",2026-09-05,Helias Catholic,,2,7,L,,,,,,False,False
"Bellevue West(Bellevue, NE)",2026-09-04,Staley,,4,3,W,,,,,,False,False
Belton,2026-08-28,Lee's Summit,,19,0,W,6.68,4.08,12.32,4.08,16.41,False,False
Belton,2026-08-28,Kearney,,1,2,L,7.27,4.54,-6.27,2.54,-3.73,False,False
Belton,2026-08-29,Lee's Summit,,5,1,W,6.68,4.08,-1.68,3.08,1.41,False,False
Belton,2026-08-29,Grain Valley,,0,10,L,2.41,7.71,-2.41,-2.29,-4.7,False,False
Belton,2026-08-29,Centralia,,10,5,W,4.49,6.13,5.51,1.13,6.63,False,False
Belton,2026-09-03,Lee's Summit,,10,1,W,6.68,4.08,3.32,3.08,6.41,False,False
Belton,2026-09-08,Raymore-Peculiar,,2,6,L,6.82,9.14,-4.82,3.14,-1.68,False,False
Belton,2026-09-09,Harrisonville,,,,,14.82,0.26,,,,False,False
Belton,2026-09-10,William Chrisman,,15,0,W,18.43,-0.02,-3.43,-0.02,-3.44,False,False
Belton,2026-09-14,Truman,,3,4,L,8.8,3.7,-5.8,-0.3,-6.1,False,False
Belton,2026-09-15,Grain Valley,,2,6,L,2.41,7.71,-0.41,1.71,1.3,False,False
Belton,2026-09-17,Platte County,,15,14,W,6.13,9.15,8.87,-4.85,4.02,False,False
Belton,2026-09-18,Rock Bridge,,2,5,L,3.87,7.11,-1.87,2.11,0.24,False,False
Belton,2026-09-19,Marquette,,1,15,L,5.95,5.07,-4.95,-9.93,-14.88,False,False
Belton,2026-09-19,Rock Bridge,,1,8,L,3.87,7.11,-2.87,-0.89,-3.76,False,False
Belton,2026-09-21,Fort Osage,,4,7,L,5.02,2.54,-1.02,-4.46,-5.48,False,False
Belton,2026-09-22,Raytown,,21,0,W,13.78,-2.06,7.22,-2.06,5.16,False,False
Belton,2026-09-23,St. Teresa's Academy,,10,0,W,12.08,0.11,-2.08,0.11,-1.97,False,False
Belton,2026-09-24,Ruskin,,27,0,W,28.47,-8.87,-1.47,-8.87,-10.34,False,False
Belton,2026-09-25,McDonald County,,5,4,W,8.53,5.67,-3.53,1.67,-1.86,False,False
Belton,2026-09-25,Holden,,16,2,W,11.21,2.38,4.79,0.38,5.17,False,False
Belton,2026-09-26,Francis Howell Central,,9,1,W,10.55,4.79,-1.55,3.79,2.24,False,False
Belton,2026-09-26,Lee's Summit,,1,2,L,6.68,4.08,-5.68,2.08,-3.59,False,False
Belton,2026-09-28,William Chrisman,,20,0,W,18.43,-0.02,1.57,-0.02,1.56,False,False
Belton,2026-09-29,Truman,,17,6,W,8.8,3.7,8.2,-2.3,5.9,False,False
Belton,2026-09-30,Warrensburg,,11,6,W,10.07,3.83,0.93,-2.17,-1.24,False,False
Belton,2026-10-01,Grain Valley,,,,,2.41,7.71,,,,False,False
Belton,2026-10-05,Platte County,,,,,6.13,9.15,,,,False,False
Belton,2026-10-06,Raytown,,,,,13.78,-2.06,,,,False,False
Belton,2026-10-07,Fort Osage,,,,,5.02,2.54,,,,False,False
Belton,2026-10-12,Lee's Summit West,,,,,8.43,6.44,,,,False,False
Benton,2026-08-27,Central (St. Joseph),,8,9,L,9.25,4.45,-1.25,-4.55,-5.8,False,False
Benton,2026-09-01,South Harrison,,15,11,W,5.26,7.63,9.74,-3.37,6.37,False,False
Benton,2026-09-02,Oak Park,,17,2,W,9.81,4.06,7.19,2.06,9.25,False,False
Benton,2026-09-03,St. Teresa's Academy,,10,0,W,9.31,2.31,0.69,2.31,3.0,False,False
Benton,2026-09-08,Savannah,,5,13,L,4.91,10.27,0.09,-2.73,-2.65,False,False
Benton,2026-09-09,Lincoln College Prep,,16,1,W,25.74,-5.49,-9.74,-6.49,-16.23,False,False
Benton,2026-09-10,St. Pius X (Kansas City),,4,1,W,8.84,1.38,-4.84,0.38,-4.46,False,False
Benton,2026-09-12,West Platte,,0,11,L,4.96,5.3,-4.96,-5.7,-10.66,False,False
Benton,2026-09-12,Central (St. Joseph),,18,0,W,9.25,4.45,8.75,4.45,13.2,False,False
Benton,2026-09-12,Maryville,,17,0,W,19.38,-2.85,-2.38,-2.85,-5.23,False,False
Benton,2026-09-14,Lathrop,,1,8,L,6.91,9.26,-5.91,1.26,-4.65,False,False
Benton,2026-09-15,Lawson,,7,4,W,8.76,6.48,-1.76,2.48,0.72,False,False
Benton,2026-09-17,Maryville,,21,0,W,19.38,-2.85,1.62,-2.85,-1.23,False,False
Benton,2026-09-18,William Chrisman,,11,1,W,15.66,2.18,-4.66,1.18,-3.48,False,False
Benton,2026-09-19,Fort Osage,,3,5,L,2.25,4.74,0.75,-0.26,0.49,False,False
Benton,2026-09-19,Smithville,,3,4,L,6.15,7.97,-3.15,3.97,0.82,False,False
Benton,2026-09-23,Pleasant Hill,,1,6,L,2.87,7.46,-1.87,1.46,-0.41,False,False
Benton,2026-09-24,Chillicothe,,1,8,L,-0.23,8.95,1.23,0.95,2.18,False,False
Benton,2026-09-30,Smithville,,,,,6.15,7.97,,,,False,False
Benton,2026-10-03,North Platte,,,,,8.88,5.85,,,,False,False
Benton,2026-10-03,DeKalb,,,,,12.33,2.86,,,,False,False
Benton,2026-10-06,Cameron,,,,,6.51,6.09,,,,False,False
Benton,2026-10-06,Stanberry,,,,,6.74,6.27,,,,False,False
Benton,2026-10-07,Bishop LeBlond,,,,,18.89,2.93,,,,False,False
Benton,2026-10-07,Albany,,,,,5.68,3.53,,,,False,False
Benton,2026-10-08,Excelsior Springs,,,,,6.31,5.23,,,,False,False
Benton,2026-10-12,Richmond,,,,,5.2,4.49,,,,False,False
Bevier,2026-09-03,"Brunswick with Keytesville, Northwestern (Mendon)",,0,12,L,-5.08,13.43,5.08,1.43,6.51,False,False
Bevier,2026-09-04,Marion County,,1,14,L,8.28,8.45,-7.28,-5.55,-12.84,False,False
Bevier,2026-09-10,Green City,,1,17,L,3.6,14.2,-2.6,-2.8,-5.39,False,False
Bevier,2026-09-14,Paris,,0,14,L,-6.68,16.39,6.68,2.39,9.07,False,False
Bevier,2026-09-17,Atlanta,,5,15,L,3.67,16.53,1.33,1.53,2.86,False,False
Bevier,2026-09-19,Scotland County,,0,13,L,-4.59,14.64,4.59,1.64,6.23,False,False
Bevier,2026-09-19,North Shelby,,0,24,L,-10.74,17.72,10.74,-6.28,4.47,False,False
Bevier,2026-09-22,La Plata,,3,10,L,2.22,13.25,0.78,3.25,4.03,False,False
Bevier,2026-09-25,Bucklin with Macon County,,16,2,W,12.01,7.4,3.99,5.4,9.39,False,False
Bevier,2026-09-29,Meadville,,,,,12.87,11.19,,,,False,False
Bevier,2026-10-01,Linn County,,,,,5.57,11.57,,,,False,False
Bevier,2026-10-02,Brashear,,,,,4.57,10.87,,,,False,False
Bevier,2026-10-05,Novinger,,,,,2.72,8.33,,,,False,False
Bevier,2026-10-06,Madison,,,,,-0.65,12.69,,,,False,False
Bevier,2026-10-09,Higbee,,,,,-0.56,12.15,,,,False,False
Bishop LeBlond,2026-08-29,Plattsburg,,27,7,W,18.84,7.74,8.16,0.74,8.91,False,False
Bishop LeBlond,2026-08-29,Polo,,16,19,L,11.1,15.46,4.9,-3.54,1.35,False,False
Bishop LeBlond,2026-09-01,East Buchanan,,12,13,L,12.03,12.73,-0.03,-0.27,-0.3,False,False
Bishop LeBlond,2026-09-02,North Platte,,3,16,L,5.65,18.59,-2.65,2.59,-0.06,False,False
Bishop LeBlond,2026-09-03,Cameron,,0,15,L,3.29,18.83,-3.29,3.83,0.55,False,False
Bishop LeBlond,2026-09-08,St. Pius X (Kansas City),,0,15,L,5.62,14.12,-5.62,-0.88,-6.5,False,False
Bishop LeBlond,2026-09-10,"Falls City(Falls City , NE)",,0,7,L,,,,,,False,False
Bishop LeBlond,2026-09-14,Excelsior Springs,,0,7,L,3.09,17.97,-3.09,10.97,7.88,False,False
Bishop LeBlond,2026-09-21,St. Michael the Archangel,,2,17,L,6.93,17.96,-4.93,0.96,-3.97,False,False
Bishop LeBlond,2026-09-24,Savannah,,0,18,L,1.69,23.01,-1.69,5.01,3.32,False,False
Bishop LeBlond,2026-09-28,West Platte,,,,,1.74,18.04,,,,False,False
Bishop LeBlond,2026-09-29,Maryville,,,,,16.16,9.89,,,,False,False
Bishop LeBlond,2026-10-05,Chillicothe,,,,,-3.45,21.69,,,,False,False
Bishop LeBlond,2026-10-06,Northeast Nodaway,,,,,10.92,14.04,,,,False,False
Bishop LeBlond,2026-10-07,Benton,,,,,2.93,18.89,,,,False,False
Bishop LeBlond,2026-10-08,Maryville,,,,,16.16,9.89,,,,False,False
"Bixby(Bixby , OK)",2026-09-18,Logan-Rogersville,,5,0,W,,,,,,False,False
"Bixby(Bixby, OK)",2026-09-18,Kickapoo,,3,2,W,,,,,,False,False
"Bixby(Bixby, OK)",2026-09-19,Poplar Bluff,,14,1,W,,,,,,False,False
"Bixby(Bixby, OK)",2026-09-19,Cassville,,12,1,W,,,,,,False,False
Blair Oaks,2026-08-28,Washington,,1,10,L,2.94,7.82,-1.94,-2.18,-4.12,False,False
Blair Oaks,2026-08-28,Logan-Rogersville,,9,8,W,4.49,4.79,4.51,-3.21,1.3,False,False
Blair Oaks,2026-08-29,Windsor (Imperial),,4,6,L,3.81,5.56,0.19,-0.44,-0.25,False,False
Blair Oaks,2026-08-29,Mexico,,3,7,L,4.74,6.27,-1.74,-0.73,-2.47,False,False
Blair Oaks,2026-09-01,Centralia,,0,10,L,1.25,7.23,-1.25,-2.77,-4.02,False,False
Blair Oaks,2026-09-03,Eugene,,8,7,W,4.54,6.26,3.46,-0.74,2.72,False,False
Blair Oaks,2026-09-08,Capital City,,4,0,W,3.35,4.93,0.65,4.93,5.58,False,False
Blair Oaks,2026-09-09,Hallsville with Christian Fellowship Sr.,,10,0,W,6.37,3.59,3.63,3.59,7.22,False,False
Blair Oaks,2026-09-10,Eldon,,2,1,W,3.53,2.6,-1.53,1.6,0.08,False,False
Blair Oaks,2026-09-14,Fulton,,20,0,W,14.88,1.73,5.12,1.73,6.84,False,False
Blair Oaks,2026-09-15,Helias Catholic,,3,4,L,0.77,9.3,2.23,5.3,7.52,False,False
Blair Oaks,2026-09-17,Boonville,,6,3,W,7.6,2.55,-1.6,-0.45,-2.06,False,False
Blair Oaks,2026-09-18,Notre Dame (Cape Girardeau),,6,11,L,5.31,5.61,0.69,-5.39,-4.7,False,False
Blair Oaks,2026-09-18,Hickman,,5,6,L,3.49,8.12,1.51,2.12,3.63,False,False
Blair Oaks,2026-09-19,Linn,,3,7,L,4.08,6.08,-1.08,-0.92,-2.01,False,False
Blair Oaks,2026-09-21,Iberia,,4,5,L,5.81,4.39,-1.81,-0.61,-2.42,False,False
Blair Oaks,2026-09-22,Osage,,1,4,L,6.07,4.67,-5.07,0.67,-4.4,False,False
Blair Oaks,2026-09-24,Fatima,,4,3,W,3.39,5.93,0.61,2.93,3.54,False,False
Blair Oaks,2026-09-29,California,,5,6,L,9.61,2.1,-4.61,-3.9,-8.51,False,False
Blair Oaks,2026-10-02,Incarnate Word Academy,,,,,5.59,4.57,,,,False,False
Blair Oaks,2026-10-02,Chillicothe,,,,,-0.7,7.85,,,,False,False
Blair Oaks,2026-10-02,Oak Grove,,,,,2.31,5.88,,,,False,False
Blair Oaks,2026-10-05,Hickman,,,,,3.49,8.12,,,,False,False
Blair Oaks,2026-10-06,Southern Boone,,,,,2.61,7.32,,,,False,False
Blair Oaks,2026-10-08,Chillicothe,,,,,-0.7,7.85,,,,False,False
Blair Oaks,2026-10-12,Jefferson City,,,,,9.93,3.51,,,,False,False
"Blair(Blair, NE)",2026-09-18,Platte County,,7,11,L,,,,,,False,False
"Blanchard(Blanchard, OK)",2026-09-18,Blue Springs South,,8,4,W,,,,,,False,False
Blue Springs,2026-08-28,"Cherokee Trails(Aurora, CO)",,7,2,W,,,,,,False,False
Blue Springs,2026-08-28,"Eaton(Eaton, CO)",,13,2,W,,,,,,False,False
Blue Springs,2026-08-29,"Chatfield(Littleton, CO)",,13,3,W,,,,,,False,False
Blue Springs,2026-08-29,"Papillion-La Vista(Papillion, NE)",,3,10,L,,,,,,False,False
Blue Springs,2026-09-01,Truman,,4,1,W,5.84,3.06,-1.84,2.06,0.22,False,False
Blue Springs,2026-09-03,Fort Osage,,4,1,W,2.06,1.9,1.94,0.9,2.84,False,False
Blue Springs,2026-09-04,McDonald County,,7,9,L,5.57,5.03,1.43,-3.97,-2.54,False,False
Blue Springs,2026-09-04,Carthage,,9,1,W,6.42,3.43,2.58,2.43,5.01,False,False
Blue Springs,2026-09-04,"Owasso(Owasso, OK)",,5,0,W,,,,,,False,False
Blue Springs,2026-09-05,Raymore-Peculiar,,2,8,L,3.86,8.5,-1.86,0.5,-1.37,False,False
Blue Springs,2026-09-05,"Broken Arrow(Broken Arrow, OK)",,1,8,L,,,,,,False,False
Blue Springs,2026-09-10,Lee's Summit,,2,5,L,3.72,3.44,-1.72,-1.56,-3.28,False,False
Blue Springs,2026-09-12,Francis Howell Central,,8,5,W,7.59,4.15,0.41,-0.85,-0.45,False,False
Blue Springs,2026-09-12,Helias Catholic,,4,5,L,1.06,7.55,2.94,2.55,5.49,False,False
Blue Springs,2026-09-14,Liberty North,,4,9,L,2.82,6.57,1.18,-2.43,-1.25,False,False
Blue Springs,2026-09-15,Staley,,0,4,L,2.53,3.2,-2.53,-0.8,-3.33,False,False
Blue Springs,2026-09-17,Raymore-Peculiar,,4,7,L,3.86,8.5,0.14,1.5,1.63,False,False
Blue Springs,2026-09-21,Lee's Summit West,,3,4,L,5.47,5.8,-2.47,1.8,-0.67,False,False
Blue Springs,2026-09-23,Blue Springs South,,0,10,L,2.43,10.05,-2.43,0.05,-2.38,False,False
Blue Springs,2026-09-24,Grain Valley,,1,3,L,-0.54,7.07,1.54,4.07,5.62,False,False
Blue Springs,2026-09-28,Lee's Summit,,3,5,L,3.72,3.44,-0.72,-1.56,-2.28,False,False
Blue Springs,2026-09-29,Liberty North,,5,9,L,2.82,6.57,2.18,-2.43,-0.25,False,False
Blue Springs,2026-10-01,Lee's Summit West,,,,,5.47,5.8,,,,False,False
Blue Springs,2026-10-05,Raymore-Peculiar,,,,,3.86,8.5,,,,False,False
Blue Springs,2026-10-06,Staley,,,,,2.53,3.2,,,,False,False
Blue Springs,2026-10-08,Blue Springs South,,,,,2.43,10.05,,,,False,False
Blue Springs South,2026-08-28,"Beatrice(Beatrice, NE)",,16,18,L,,,,,,False,False
Blue Springs South,2026-08-28,"Broken Arrow(Broken Arrow, OK)",,2,12,L,,,,,,False,False
Blue Springs South,2026-08-29,"Broomfield(Broomfield, CO)",,9,8,W,,,,,,False,False
Blue Springs South,2026-08-29,"Gretna(Gretna, NE)",,1,12,L,,,,,,False,False
Blue Springs South,2026-08-31,Fort Osage,,13,2,W,8.99,1.21,4.01,-0.79,3.22,False,False
Blue Springs South,2026-09-01,Park Hill,,17,5,W,8.96,3.13,8.04,-1.87,6.16,False,False
Blue Springs South,2026-09-03,"Papillion-LaVista(Papillion, NE)",,7,4,W,,,,,,False,False
Blue Springs South,2026-09-04,"Norris(Norris, NE)",,1,5,L,,,,,,False,False
Blue Springs South,2026-09-04,"Wayne(Wayne, NE)",,8,5,W,,,,,,False,False
Blue Springs South,2026-09-05,"Papillion-LaVista South(Papillion , NE)",,7,6,W,,,,,,False,False
Blue Springs South,2026-09-08,Lee's Summit,,14,4,W,10.65,2.76,3.35,-1.24,2.11,False,False
Blue Springs South,2026-09-10,Lee's Summit West,,22,10,W,12.4,5.12,9.6,-4.88,4.72,False,False
Blue Springs South,2026-09-14,Staley,,3,4,L,9.46,2.51,-6.46,-1.49,-7.94,False,False
Blue Springs South,2026-09-15,Raymore-Peculiar,,,,,10.79,7.81,,,,False,False
Blue Springs South,2026-09-17,Liberty North,,2,1,W,9.75,5.88,-7.75,4.88,-2.87,False,False
Blue Springs South,2026-09-18,"Blanchard(Blanchard, OK)",,4,8,L,,,,,,False,False
Blue Springs South,2026-09-18,"Claremore(Claremore, OK)",,8,6,W,,,,,,False,False
Blue Springs South,2026-09-19,"Mustang(Mustang, OK)",,1,9,L,,,,,,False,False
Blue Springs South,2026-09-19,"Piedmont(Piedmont, OK)",,2,9,L,,,,,,False,False
Blue Springs South,2026-09-21,Grain Valley,,4,6,L,6.39,6.38,-2.39,0.38,-2.0,False,False
Blue Springs South,2026-09-23,Blue Springs,,10,0,W,10.05,2.43,-0.05,2.43,2.38,False,False
Blue Springs South,2026-09-24,Lee's Summit,,10,3,W,10.65,2.76,-0.65,-0.24,-0.89,False,False
Blue Springs South,2026-09-25,Helias Catholic,,4,9,L,7.99,6.86,-3.99,-2.14,-6.13,False,False
Blue Springs South,2026-09-28,Lee's Summit West,,17,3,W,12.4,5.12,4.6,2.12,6.72,False,False
Blue Springs South,2026-09-29,Staley,,15,0,W,9.46,2.51,5.54,2.51,8.06,False,False
Blue Springs South,2026-09-30,Liberty,,3,5,L,10.71,4.81,-7.71,-0.19,-7.89,False,False
Blue Springs South,2026-10-05,Liberty North,,,,,9.75,5.88,,,,False,False
Blue Springs South,2026-10-06,Raymore-Peculiar,,,,,10.79,7.81,,,,False,False
Blue Springs South,2026-10-07,Raymore-Peculiar,,,,,10.79,7.81,,,,False,False
Blue Springs South,2026-10-08,Blue Springs,,,,,10.05,2.43,,,,False,False
Bolivar,2026-08-28,Webb City,,4,13,L,3.87,9.09,0.13,-3.91,-3.77,False,False
Bolivar,2026-08-28,Summit Christian Academy,,7,5,W,10.12,3.7,-3.12,-1.3,-4.42,False,False
Bolivar,2026-08-29,Dadeville with Everton,,10,0,W,8.5,3.32,1.5,3.32,4.82,False,False
Bolivar,2026-08-29,Carthage,,4,1,W,7.93,6.59,-3.93,5.59,1.66,False,False
Bolivar,2026-09-02,Camdenton,,14,10,W,15.8,1.28,-1.8,-8.72,-10.52,False,False
Bolivar,2026-09-04,Branson,,16,13,W,8.43,5.92,7.57,-7.08,0.49,False,False
Bolivar,2026-09-04,Carl Junction,,8,9,L,9.6,4.59,-1.6,-4.41,-6.02,False,False
Bolivar,2026-09-09,Glendale,,17,5,W,9.35,4.94,7.65,-0.06,7.59,False,False
Bolivar,2026-09-11,Staley,,6,5,W,4.03,6.36,1.97,1.36,3.33,False,False
Bolivar,2026-09-11,Smith-Cotton,,11,2,W,8.23,3.6,2.77,1.6,4.37,False,False
Bolivar,2026-09-12,St. Francis Borgia,,6,9,L,7.83,6.98,-1.83,-2.02,-3.85,False,False
Bolivar,2026-09-12,Northwest (Cedar Hill),,2,6,L,7.13,6.69,-5.13,0.69,-4.44,False,False
Bolivar,2026-09-14,Monett,,15,5,W,12.21,1.66,2.79,-3.34,-0.55,False,False
Bolivar,2026-09-15,Marshfield,,0,7,L,4.27,7.74,-4.27,0.74,-3.53,False,False
Bolivar,2026-09-17,Hillcrest,,14,0,W,21.32,1.29,-7.32,1.29,-6.04,False,False
Bolivar,2026-09-22,West Plains,,8,3,W,12.59,3.26,-4.59,0.26,-4.32,False,False
Bolivar,2026-09-23,Parkview,,19,4,W,22.21,-5.23,-3.21,-9.23,-12.43,False,False
Bolivar,2026-09-24,Carl Junction,,17,0,W,9.6,4.59,7.4,4.59,11.98,False,False
Bolivar,2026-09-29,Branson,,5,0,W,8.43,5.92,-3.43,5.92,2.49,False,False
Bolivar,2026-10-01,Logan-Rogersville,,,,,6.28,6.2,,,,False,False
Bolivar,2026-10-02,Republic,,,,,7.54,5.66,,,,False,False
Bolivar,2026-10-03,Nixa,,,,,8.44,9.84,,,,False,False
Bolivar,2026-10-03,Lee's Summit North,,,,,4.18,7.58,,,,False,False
Bolivar,2026-10-03,Park Hill South,,,,,8.17,7.4,,,,False,False
Bolivar,2026-10-05,McDonald County,,,,,7.08,8.19,,,,False,False
Bolivar,2026-10-06,Montrose with Appleton City,,,,,20.6,-1.51,,,,False,False
Bolivar,2026-10-07,Neosho,,,,,6.92,7.85,,,,False,False
Bolivar,2026-10-10,Cassville,,,,,7.84,3.35,,,,False,False
Bolivar,2026-10-10,Joplin,,,,,6.67,6.3,,,,False,False
Bolivar,2026-10-12,Waynesville,,,,,14.54,1.89,,,,False,False
Boonville,2026-08-27,Smith-Cotton,,1,0,W,4.41,5.22,-3.41,5.22,1.81,False,False
Boonville,2026-08-29,Wright City,,2,4,L,5.45,6.57,-3.45,2.57,-0.88,False,False
Boonville,2026-08-29,New Franklin,,17,2,W,9.5,3.52,7.5,1.52,9.02,False,False
Boonville,2026-08-29,Kirksville,,5,11,L,3.39,7.9,1.61,-3.1,-1.49,False,False
Boonville,2026-09-01,Hickman,,7,8,L,1.47,11.15,5.53,3.15,8.69,False,False
Boonville,2026-09-03,Hallsville with Christian Fellowship Sr.,,0,10,L,4.35,6.62,-4.35,-3.38,-7.73,False,False
Boonville,2026-09-08,Osage,,8,15,L,4.04,7.7,3.96,-7.3,-3.34,False,False
Boonville,2026-09-11,Warrensburg,,1,16,L,4.8,7.96,-3.8,-8.04,-11.84,False,False
Boonville,2026-09-11,Clinton,,10,3,W,11.53,2.71,-1.53,-0.29,-1.82,False,False
Boonville,2026-09-12,Sherwood,,15,0,W,12.75,0.82,2.25,0.82,3.07,False,False
Boonville,2026-09-12,St. Michael the Archangel,,13,8,W,7.65,7.15,5.35,-0.85,4.51,False,False
Boonville,2026-09-14,Southern Boone,,3,9,L,0.58,10.35,2.42,1.35,3.77,False,False
Boonville,2026-09-17,Blair Oaks,,3,6,L,2.55,7.6,0.45,1.6,2.06,False,False
Boonville,2026-09-18,Smithville,,0,18,L,3.64,9.9,-3.64,-8.1,-11.74,False,False
Boonville,2026-09-18,Central (St. Joseph),,10,2,W,6.75,6.39,3.25,4.39,7.64,False,False
Boonville,2026-09-19,Park Hill,,1,16,L,-0.28,8.59,1.28,-7.41,-6.13,False,False
Boonville,2026-09-19,William Chrisman,,12,2,W,13.15,4.12,-1.15,2.12,0.96,False,False
Boonville,2026-09-22,Battle,,2,1,W,5.63,7.45,-3.63,6.45,2.82,False,False
Boonville,2026-09-28,Marshall,,11,0,W,8.42,2.51,2.58,2.51,5.08,False,False
Boonville,2026-09-29,Father Tolton,,0,2,L,5.43,4.1,-5.43,2.1,-3.33,False,False
Boonville,2026-09-30,California,,8,3,W,7.58,5.13,0.42,2.13,2.55,False,False
Boonville,2026-10-05,New Franklin,,,,,9.5,3.52,,,,False,False
Boonville,2026-10-06,Fulton,,,,,12.85,4.76,,,,False,False
Boonville,2026-10-08,Eldon,,,,,1.5,5.63,,,,False,False
Bowling Green,2026-08-28,Francis Howell Central,,11,14,L,7.73,11.02,3.27,-2.98,0.29,False,False
Bowling Green,2026-08-28,St. Joseph's Academy,,1,8,L,5.94,8.66,-4.94,0.66,-4.27,False,False
Bowling Green,2026-08-29,Holt,,13,0,W,11.21,9.52,1.79,9.52,11.31,False,False
Bowling Green,2026-08-29,Highland,,6,8,L,5.19,12.64,0.81,4.64,5.45,False,False
Bowling Green,2026-09-01,Highland,,2,15,L,5.19,12.64,-3.19,-2.36,-5.55,False,False
Bowling Green,2026-09-02,Mexico,,4,15,L,5.17,11.41,-1.17,-3.59,-4.76,False,False
Bowling Green,2026-09-03,Louisiana,,26,19,W,14.91,6.79,11.09,-12.21,-1.12,False,False
Bowling Green,2026-09-08,Elsberry,,1,11,L,3.87,11.14,-2.87,0.14,-2.73,False,False
Bowling Green,2026-09-14,Hannibal,,6,5,W,7.7,7.55,-1.7,2.55,0.85,False,False
Bowling Green,2026-09-15,Montgomery County,,1,14,L,3.67,9.14,-2.67,-4.86,-7.53,False,False
Bowling Green,2026-09-16,Helias Catholic,,3,7,L,1.2,14.43,1.8,7.43,9.23,False,False
Bowling Green,2026-09-17,Palmyra,,7,5,W,8.54,8.52,-1.54,3.52,1.98,False,False
Bowling Green,2026-09-21,Orchard Farm,,12,4,W,11.45,5.91,0.55,1.91,2.46,False,False
Bowling Green,2026-09-22,Silex,,1,13,L,2.4,10.57,-1.4,-2.43,-3.83,False,False
Bowling Green,2026-09-23,Capital City,,0,10,L,3.78,10.06,-3.78,0.06,-3.72,False,False
Bowling Green,2026-09-24,Van-Far,,17,13,W,12.01,7.54,4.99,-5.46,-0.47,False,False
Bowling Green,2026-09-29,Wright City,,9,8,W,7.91,8.68,1.09,0.68,1.77,False,False
Bowling Green,2026-10-01,Wellsville-Middletown,,,,,21.74,2.81,,,,False,False
Bowling Green,2026-10-02,Mark Twain,,,,,7.52,8.34,,,,False,False
Bowling Green,2026-10-05,Lutheran St. Charles with Veritas Christian Academy,,,,,13.92,8.09,,,,False,False
Bowling Green,2026-10-06,Clopton,,,,,8.92,6.67,,,,False,False
Bowling Green,2026-10-08,North Callaway,,,,,3.36,8.97,,,,False,False
Bowling Green,2026-10-09,Troy Buchanan,,,,,-0.27,12.84,,,,False,False
Bowling Green,2026-10-12,Centralia,,,,,1.68,12.36,,,,False,False
Branson,2026-08-27,Glendale,,13,3,W,7.49,5.59,5.51,2.59,8.11,False,False
Branson,2026-08-28,Carthage,,1,13,L,6.06,7.24,-5.06,-5.76,-10.83,False,False
Branson,2026-08-28,West Plains,,8,3,W,10.73,3.92,-2.73,0.92,-1.81,False,False
Branson,2026-08-29,Summit Christian Academy,,14,1,W,8.26,4.35,5.74,3.35,9.09,False,False
Branson,2026-08-29,Republic,,9,3,W,5.67,6.31,3.33,3.31,6.64,False,False
Branson,2026-09-01,Aurora,,2,7,L,7.43,3.48,-5.43,-3.52,-8.95,False,False
Branson,2026-09-02,Kickapoo,,8,14,L,5.83,9.48,2.17,-4.52,-2.35,False,False
Branson,2026-09-04,Bolivar,,13,16,L,5.92,8.43,7.08,-7.57,-0.49,False,False
Branson,2026-09-10,Logan-Rogersville,,5,8,L,4.42,6.86,0.58,-1.14,-0.56,False,False
Branson,2026-09-12,"Locust Grove(Locust Grove, OK)",,10,0,W,,,,,,False,False
Branson,2026-09-15,Carl Junction,,5,3,W,7.74,5.24,-2.74,2.24,-0.5,False,False
Branson,2026-09-17,Marshfield,,0,4,L,2.41,8.39,-2.41,4.39,1.98,False,False
Branson,2026-09-18,"Dale(Dale, OK)",,3,10,L,,,,,,False,False
Branson,2026-09-18,"Mannford(Mannford, OK)",,1,0,W,,,,,,False,False
Branson,2026-09-19,"Bartlesville(Bartlesville , OK)",,0,10,L,,,,,,False,False
Branson,2026-09-19,"Muldrow(Muldrow, OK)",,10,2,W,,,,,,False,False
Branson,2026-09-21,Carthage,,6,5,W,6.06,7.24,-0.06,2.24,2.17,False,False
Branson,2026-09-23,Monett,,12,10,W,10.35,2.31,1.65,-7.69,-6.04,False,False
Branson,2026-09-24,West Plains,,10,0,W,10.73,3.92,-0.73,3.92,3.19,False,False
Branson,2026-09-28,Ozark,,1,5,L,3.21,8.62,-2.21,3.62,1.41,False,False
Branson,2026-09-29,Bolivar,,0,5,L,5.92,8.43,-5.92,3.43,-2.49,False,False
Branson,2026-10-02,Camdenton,,,,,13.94,1.93,,,,False,False
Branson,2026-10-02,Francis Howell,,,,,-0.26,9.18,,,,False,False
Branson,2026-10-03,Battle,,,,,7.59,6.49,,,,False,False
Branson,2026-10-03,Liberty,,,,,3.42,9.31,,,,False,False
Branson,2026-10-03,Rolla,,,,,5.36,6.1,,,,False,False
Branson,2026-10-05,Nixa,,,,,6.58,10.49,,,,False,False
Branson,2026-10-06,Hillcrest,,,,,19.46,1.94,,,,False,False
Branson,2026-10-07,Parkview,,,,,20.34,-4.57,,,,False,False
Branson,2026-10-10,Logan-Rogersville,,,,,4.42,6.86,,,,False,False
Branson,2026-10-10,Waynesville,,,,,12.68,2.54,,,,False,False
Branson,2026-10-12,Willard,,,,,2.07,11.69,,,,False,False
Brashear,2026-08-29,Scotland County,,2,10,L,1.24,14.17,0.76,4.17,4.93,False,False
Brashear,2026-08-29,Knox County,,3,11,L,3.94,14.45,-0.94,3.45,2.51,False,False
Brashear,2026-09-01,Sturgeon,,2,15,L,2.18,13.55,-0.18,-1.45,-1.63,False,False
Brashear,2026-09-03,North Shelby,,2,16,L,-4.91,17.25,6.91,1.25,8.17,False,False
Brashear,2026-09-04,Linn County,,2,15,L,11.4,11.1,-9.4,-3.9,-13.3,False,False
Brashear,2026-09-08,La Plata,,10,11,L,8.05,12.78,1.95,1.78,3.73,False,False
Brashear,2026-09-10,Meadville,,27,16,W,18.7,10.72,8.3,-5.28,3.02,False,False
Brashear,2026-09-15,Novinger,,7,8,L,8.55,7.86,-1.55,-0.14,-1.69,False,False
Brashear,2026-09-17,Green City,,10,9,W,9.43,13.74,0.57,4.74,5.31,False,False
Brashear,2026-09-18,Meadville,,27,16,W,18.7,10.72,8.3,-5.28,3.02,False,False
Brashear,2026-09-29,Bucklin with Macon County,,13,2,W,17.84,6.93,-4.84,4.93,0.09,False,False
Brashear,2026-09-30,Clark County,,,,,0.21,16.42,,,,False,False
Brashear,2026-10-02,Bevier,,,,,10.87,4.57,,,,False,False
Brashear,2026-10-05,Atlanta,,,,,9.5,16.06,,,,False,False
Brashear,2026-10-06,Higbee,,,,,5.27,11.68,,,,False,False
Brashear,2026-10-09,Marion County,,,,,14.12,7.98,,,,False,False
"Braymer with Breckenridge, Southwest (Livingston County)",2026-08-29,Lathrop,,0,6,L,0.84,18.39,-0.84,12.39,11.55,False,False
"Braymer with Breckenridge, Southwest (Livingston County)",2026-08-29,Richmond,,0,16,L,-0.87,13.62,0.87,-2.38,-1.5,False,False
"Braymer with Breckenridge, Southwest (Livingston County)",2026-08-29,Lafayette County,,1,18,L,-0.51,12.55,1.51,-5.45,-3.94,False,False
"Braymer with Breckenridge, Southwest (Livingston County)",2026-09-01,Grundy County with Newtown-Harris,,15,0,W,13.83,6.11,1.17,6.11,7.28,False,False
"Braymer with Breckenridge, Southwest (Livingston County)",2026-09-03,"Tina-Avalon with Bosworth, Hale",,19,1,W,15.54,4.86,3.46,3.86,7.32,False,False
"Braymer with Breckenridge, Southwest (Livingston County)",2026-09-08,Meadville,,23,5,W,21.26,6.97,1.74,1.97,3.72,False,False
"Braymer with Breckenridge, Southwest (Livingston County)",2026-09-14,Richmond,,0,23,L,-0.87,13.62,0.87,-9.38,-8.5,False,False
"Braymer with Breckenridge, Southwest (Livingston County)",2026-09-15,"Mercer with Cainsville, Ridgeway",,2,12,L,7.51,9.99,-5.51,-2.01,-7.52,False,False
"Braymer with Breckenridge, Southwest (Livingston County)",2026-09-21,Cainsville,,,,,,,,,,False,False
"Braymer with Breckenridge, Southwest (Livingston County)",2026-09-24,Princeton,,0,15,L,-1.46,17.16,1.46,2.16,3.62,False,False
"Braymer with Breckenridge, Southwest (Livingston County)",2026-09-28,Gilman City with Tri-County,,2,9,L,4.43,11.72,-2.43,2.72,0.29,False,False
"Braymer with Breckenridge, Southwest (Livingston County)",2026-09-29,Norborne with Hardin-Central,,23,16,W,18.08,8.68,4.92,-7.32,-2.4,False,False
"Braymer with Breckenridge, Southwest (Livingston County)",2026-10-01,Maysville,,,,,1.96,13.13,,,,False,False
"Braymer with Breckenridge, Southwest (Livingston County)",2026-10-05,"Pattonsburg with North Daviess, Winston",,,,,3.03,14.07,,,,False,False
"Braymer with Breckenridge, Southwest (Livingston County)",2026-10-06,Polo,,,,,8.26,11.85,,,,False,False
"Braymer with Breckenridge, Southwest (Livingston County)",2026-10-08,Lone Jack,,,,,2.21,12.34,,,,False,False
"Broken Arrow HS(Broken Arrow , OK)",2026-09-04,Lee's Summit North,,11,3,W,,,,,,False,False
"Broken Arrow(Broken Arrow , OK)",2026-08-29,Lee's Summit West,,9,3,W,,,,,,False,False
"Broken Arrow(Broken Arrow , OK)",2026-09-04,Joplin,,13,0,W,,,,,,False,False
"Broken Arrow(Broken Arrow, OK)",2026-08-28,Blue Springs South,,12,2,W,,,,,,False,False
"Broken Arrow(Broken Arrow, OK)",2026-09-05,Blue Springs,,8,1,W,,,,,,False,False
"Broken Arrow(Broken Arrow, OK)",2026-09-05,Raymore-Peculiar,,10,1,W,,,,,,False,False
"Broken Arrow(Joplin, MO)",2026-09-04,Ozark,,10,2,W,,,,,,False,False
Brookfield,2026-08-29,Princeton,,1,8,L,3.39,8.72,-2.39,0.72,-1.67,False,False
Brookfield,2026-08-29,Milan,,16,1,W,16.91,-2.82,-0.91,-3.82,-4.73,False,False
Brookfield,2026-08-29,Putnam County,,5,3,W,4.95,2.44,0.05,-0.56,-0.51,False,False
Brookfield,2026-08-29,Schuyler County,,14,6,W,8.02,3.51,5.98,-2.49,3.5,False,False
Brookfield,2026-08-31,Princeton,,4,6,L,3.39,8.72,0.61,2.72,3.33,False,False
Brookfield,2026-09-03,Lathrop,,5,17,L,5.69,9.95,-0.69,-7.05,-7.73,False,False
Brookfield,2026-09-07,Penney,,9,4,W,8.1,3.96,0.9,-0.04,0.86,False,False
Brookfield,2026-09-08,Trenton,,7,0,W,6.59,3.18,0.41,3.18,3.59,False,False
Brookfield,2026-09-10,South Harrison,,6,9,L,4.04,8.33,1.96,-0.67,1.28,False,False
Brookfield,2026-09-15,Putnam County,,1,0,W,4.95,2.44,-3.95,2.44,-1.51,False,False
Brookfield,2026-09-17,Milan,,16,0,W,16.91,-2.82,-0.91,-2.82,-3.73,False,False
Brookfield,2026-09-22,Maysville,,7,3,W,6.81,4.69,0.19,1.69,1.88,False,False
Brookfield,2026-09-24,Marceline,,0,8,L,1.48,8.83,-1.48,0.83,-0.65,False,False
Brookfield,2026-09-28,Lafayette County,,4,2,W,4.34,4.11,-0.34,2.11,1.77,False,False
Brookfield,2026-09-29,Gallatin,,6,5,W,6.72,3.23,-0.72,-1.77,-2.49,False,False
Brookfield,2026-10-01,Schuyler County,,,,,8.02,3.51,,,,False,False
Brookfield,2026-10-05,Macon,,,,,6.11,5.77,,,,False,False
Brookfield,2026-10-08,Salisbury,,,,,3.93,7.18,,,,False,False
"Broomfield(Broomfield, CO)",2026-08-28,Liberty North,,11,6,W,,,,,,False,False
"Broomfield(Broomfield, CO)",2026-08-28,Rock Bridge,,7,8,L,,,,,,False,False
"Broomfield(Broomfield, CO)",2026-08-29,Blue Springs South,,8,9,L,,,,,,False,False
"Brunswick (JV)(Brunswick, MO)",2026-09-26,Higbee,,0,15,L,,,,,,False,False
"Brunswick JV(Brunswick, MO)",2026-09-26,Glasgow,,0,17,L,,,,,,False,False
"Brunswick with Keytesville, Northwestern (Mendon)",2026-08-28,Northeast (Cairo),,3,4,L,3.96,6.91,-0.96,2.91,1.95,False,False
"Brunswick with Keytesville, Northwestern (Mendon)",2026-09-01,Bucklin with Macon County,,15,0,W,20.41,-2.71,-5.41,-2.71,-8.12,False,False
"Brunswick with Keytesville, Northwestern (Mendon)",2026-09-03,Bevier,,12,0,W,13.43,-5.08,-1.43,-5.08,-6.51,False,False
"Brunswick with Keytesville, Northwestern (Mendon)",2026-09-04,Green City,,12,2,W,11.99,4.09,0.01,2.09,2.1,False,False
"Brunswick with Keytesville, Northwestern (Mendon)",2026-09-14,New Franklin,,9,6,W,5.94,4.82,3.06,-1.18,1.87,False,False
"Brunswick with Keytesville, Northwestern (Mendon)",2026-09-15,Westran,,7,5,W,8.09,7.18,-1.09,2.18,1.09,False,False
"Brunswick with Keytesville, Northwestern (Mendon)",2026-09-17,Salisbury,,0,12,L,-0.91,9.72,0.91,-2.28,-1.37,False,False
"Brunswick with Keytesville, Northwestern (Mendon)",2026-09-19,Higbee,,2,5,L,7.83,2.03,-5.83,-2.97,-8.8,False,False
"Brunswick with Keytesville, Northwestern (Mendon)",2026-09-19,Norborne with Hardin-Central,,16,1,W,18.09,2.78,-2.09,1.78,-0.31,False,False
"Brunswick with Keytesville, Northwestern (Mendon)",2026-09-23,Higbee,,13,4,W,7.83,2.03,5.17,-1.97,3.2,False,False
"Brunswick with Keytesville, Northwestern (Mendon)",2026-09-26,Higbee,,13,2,W,7.83,2.03,5.17,0.03,5.2,False,False
"Brunswick with Keytesville, Northwestern (Mendon)",2026-09-26,"Tina-Avalon with Bosworth, Hale",,13,0,W,15.55,-1.04,-2.55,-1.04,-3.58,False,False
"Brunswick with Keytesville, Northwestern (Mendon)",2026-09-26,Slater with Malta Bend,,2,5,L,2.88,4.61,-0.88,-0.39,-1.27,False,False
"Brunswick with Keytesville, Northwestern (Mendon)",2026-09-28,Linn County,,10,0,W,13.97,1.45,-3.97,1.45,-2.51,False,False
"Brunswick with Keytesville, Northwestern (Mendon)",2026-09-29,Glasgow,,2,7,L,1.96,8.27,0.04,1.27,1.31,False,False
"Brunswick with Keytesville, Northwestern (Mendon)",2026-10-01,Meadville,,,,,21.27,1.07,,,,False,False
"Brunswick with Keytesville, Northwestern (Mendon)",2026-10-05,"Tina-Avalon with Bosworth, Hale",,,,,15.55,-1.04,,,,False,False
"Brunswick with Keytesville, Northwestern (Mendon)",2026-10-06,Norborne with Hardin-Central,,,,,18.09,2.78,,,,False,False
"Brunswick with Keytesville, Northwestern (Mendon)",2026-10-08,Slater with Malta Bend,,,,,2.88,4.61,,,,False,False
"Brunswick with Keytesville, Northwestern (Mendon)",2026-10-12,Atlanta,,,,,12.07,6.42,,,,False,False
Bucklin with Macon County,2026-09-01,"Brunswick with Keytesville, Northwestern (Mendon)",,0,15,L,-2.71,20.41,2.71,5.41,8.12,False,False
Bucklin with Macon County,2026-09-08,Madison,,2,19,L,1.72,19.67,0.28,0.67,0.95,False,False
Bucklin with Macon County,2026-09-14,"Tina-Avalon with Bosworth, Hale",,10,20,L,9.52,16.05,0.48,-3.95,-3.47,False,False
Bucklin with Macon County,2026-09-15,La Plata,,15,20,L,4.59,20.22,10.41,0.22,10.64,False,False
Bucklin with Macon County,2026-09-22,Novinger,,7,17,L,5.08,15.3,1.92,-1.7,0.22,False,False
Bucklin with Macon County,2026-09-24,Marion County,,13,11,W,10.65,15.42,2.35,4.42,6.77,False,False
Bucklin with Macon County,2026-09-25,Bevier,,2,16,L,7.4,12.01,-5.4,-3.99,-9.39,False,False
Bucklin with Macon County,2026-09-29,Brashear,,2,13,L,6.93,17.84,-4.93,4.84,-0.09,False,False
Bucklin with Macon County,2026-10-01,Green City,,,,,5.96,21.18,,,,False,False
Bucklin with Macon County,2026-10-05,Linn County,,,,,7.94,18.54,,,,False,False
Bucklin with Macon County,2026-10-06,Atlanta,,,,,6.04,23.51,,,,False,False
Bucklin with Macon County,2026-10-08,Meadville,,,,,15.24,18.16,,,,False,False
Cainsville,2026-09-14,Albany,,,,,,,,,,False,False
Cainsville,2026-09-15,Grundy County with Newtown-Harris,,,,,,,,,,False,False
Cainsville,2026-09-17,"Mercer with Cainsville, Ridgeway",,,,,,,,,,False,False
Cainsville,2026-09-21,"Braymer with Breckenridge, Southwest (Livingston County)",,,,,,,,,,False,False
California,2026-08-28,Iberia,,8,2,W,3.33,9.43,4.67,7.43,12.09,False,False
California,2026-08-29,Carrollton,,9,11,L,10.55,9.84,-1.55,-1.16,-2.71,False,False
California,2026-08-29,Knob Noster,,17,4,W,11.38,2.79,5.62,-1.21,4.41,False,False
California,2026-08-29,Marshall,,7,6,W,7.98,4.51,-0.98,-1.49,-2.46,False,False
California,2026-08-31,Eugene,,1,7,L,2.07,11.29,-1.07,4.29,3.23,False,False
California,2026-09-01,Russellville,,5,6,L,4.91,9.45,0.09,3.45,3.54,False,False
California,2026-09-03,St. Elizabeth,,3,10,L,1.64,10.65,1.36,0.65,2.0,False,False
California,2026-09-08,Eldon,,4,14,L,1.05,7.64,2.95,-6.36,-3.41,False,False
California,2026-09-11,Battle,,1,15,L,5.19,9.46,-4.19,-5.54,-9.73,False,False
California,2026-09-11,Hillsboro,,3,15,L,3.0,10.05,-0.0,-4.95,-4.95,False,False
California,2026-09-12,Liberty North,,0,18,L,0.06,13.35,-0.06,-4.65,-4.71,False,False
California,2026-09-12,Linn,,0,15,L,1.61,11.11,-1.61,-3.89,-5.5,False,False
California,2026-09-15,South Callaway,,1,0,W,7.19,5.76,-6.19,5.76,-0.43,False,False
California,2026-09-17,Southern Boone,,2,14,L,0.14,12.36,1.86,-1.64,0.22,False,False
California,2026-09-21,Fulton,,15,5,W,12.41,6.76,2.59,1.76,4.35,False,False
California,2026-09-22,North Callaway,,0,10,L,0.46,8.87,-0.46,-1.13,-1.59,False,False
California,2026-09-24,Grandview,,9,5,W,11.5,4.19,-2.5,-0.81,-3.31,False,False
California,2026-09-24,St. Elizabeth,,4,14,L,1.64,10.65,2.36,-3.35,-1.0,False,False
California,2026-09-26,Eldon,,3,4,L,1.05,7.64,1.95,3.64,5.59,False,False
California,2026-09-29,Blair Oaks,,6,5,W,2.1,9.61,3.9,4.61,8.51,False,False
California,2026-09-30,Boonville,,3,8,L,5.13,7.58,-2.13,-0.42,-2.55,False,False
California,2026-10-05,Jamestown,,,,,8.83,7.39,,,,False,False
California,2026-10-06,Osage,,,,,3.6,9.71,,,,False,False
California,2026-10-08,Hallsville with Christian Fellowship Sr.,,,,,3.9,8.63,,,,False,False
California,2026-10-12,New Bloomfield,,,,,6.48,7.29,,,,False,False
Camdenton,2026-08-28,Waynesville,,8,7,W,8.05,9.91,-0.05,2.91,2.87,False,False
Camdenton,2026-08-29,Osage,,2,13,L,1.37,14.11,0.63,1.11,1.74,False,False
Camdenton,2026-08-29,Lebanon,,2,22,L,6.33,13.16,-4.33,-8.84,-13.17,False,False
Camdenton,2026-09-01,Warrensburg,,4,14,L,2.12,14.37,1.88,0.37,2.25,False,False
Camdenton,2026-09-02,Bolivar,,10,14,L,1.28,15.8,8.72,1.8,10.52,False,False
Camdenton,2026-09-03,Russellville,,5,15,L,2.68,13.85,2.32,-1.15,1.18,False,False
Camdenton,2026-09-05,Hillcrest,,,,,14.83,9.31,,,,False,False
Camdenton,2026-09-08,St. Elizabeth,,2,16,L,-0.59,15.05,2.59,-0.95,1.64,False,False
Camdenton,2026-09-09,Dixon,,5,18,L,6.46,13.96,-1.46,-4.04,-5.5,False,False
Camdenton,2026-09-11,Westminster Christian Academy,,1,16,L,-2.34,16.48,3.34,0.48,3.82,False,False
Camdenton,2026-09-11,Marshall,,3,2,W,5.75,8.91,-2.75,6.91,4.17,False,False
Camdenton,2026-09-12,Mid-Buchanan,,1,16,L,0.24,15.6,0.76,-0.4,0.36,False,False
Camdenton,2026-09-14,Battle,,4,14,L,2.96,13.86,1.04,-0.14,0.9,False,False
Camdenton,2026-09-17,Rock Bridge,,1,20,L,-4.09,17.65,5.09,-2.35,2.73,False,False
Camdenton,2026-09-21,Helias Catholic,,3,18,L,-3.93,18.73,6.93,0.73,7.66,False,False
Camdenton,2026-09-23,Kickapoo,,2,19,L,1.19,16.85,0.81,-2.15,-1.35,False,False
Camdenton,2026-09-24,Jefferson City,,0,15,L,5.23,12.95,-5.23,-2.05,-7.28,False,False
Camdenton,2026-09-28,Capital City,,0,15,L,-1.35,14.36,1.35,-0.64,0.72,False,False
Camdenton,2026-09-29,Eugene,,0,10,L,-0.16,15.69,0.16,5.69,5.86,False,False
Camdenton,2026-10-02,Branson,,,,,1.93,13.94,,,,False,False
Camdenton,2026-10-02,St. Teresa's Academy,,,,,4.13,10.65,,,,False,False
Camdenton,2026-10-03,Carl Junction,,,,,3.1,12.61,,,,False,False
Camdenton,2026-10-06,Rolla,,,,,0.72,13.47,,,,False,False
Camdenton,2026-10-07,Hickman,,,,,-1.21,17.56,,,,False,False
Camdenton,2026-10-12,Smith-Cotton,,,,,1.73,11.62,,,,False,False
Cameron,2026-08-27,Jefferson (Conception) with South Nodaway,,13,3,W,11.83,4.99,1.17,1.99,3.15,False,False
Cameron,2026-09-01,Excelsior Springs,,8,7,W,6.26,5.59,1.74,-1.41,0.34,False,False
Cameron,2026-09-02,Lafayette County,,11,3,W,5.5,3.78,5.5,0.78,6.28,False,False
Cameron,2026-09-03,Bishop LeBlond,,15,0,W,18.83,3.29,-3.83,3.29,-0.55,False,False
Cameron,2026-09-08,Maryville,,15,0,W,19.33,-2.49,-4.33,-2.49,-6.81,False,False
Cameron,2026-09-10,Savannah,,3,16,L,4.86,10.63,-1.86,-5.37,-7.23,False,False
Cameron,2026-09-12,North Andrew,,6,0,W,6.79,3.36,-0.79,3.36,2.57,False,False
Cameron,2026-09-12,"Falls City(Falls City, NE)",,13,9,W,,,,,,False,False
Cameron,2026-09-12,"Syracuse(Syracuse, NE)",,10,5,W,,,,,,False,False
Cameron,2026-09-15,Chillicothe,,0,9,L,-0.28,9.31,0.28,0.31,0.59,False,False
Cameron,2026-09-17,St. Pius X (Kansas City),,10,2,W,8.79,1.74,1.21,-0.26,0.95,False,False
Cameron,2026-09-21,West Platte,,2,4,L,4.91,5.66,-2.91,1.66,-1.24,False,False
Cameron,2026-09-30,Marceline,,0,11,L,2.64,8.5,-2.64,-2.5,-5.14,False,False
Cameron,2026-10-01,Kirksville,,,,,5.84,6.33,,,,False,False
Cameron,2026-10-03,Lexington,,,,,14.81,4.5,,,,False,False
Cameron,2026-10-03,Marshall,,,,,10.87,0.94,,,,False,False
Cameron,2026-10-05,Richmond,,,,,5.14,4.85,,,,False,False
Cameron,2026-10-06,Benton,,,,,6.09,6.51,,,,False,False
Cameron,2026-10-07,Lathrop,,,,,6.85,9.62,,,,False,False
Cameron,2026-10-08,Trenton,,,,,7.75,2.85,,,,False,False
Cameron,2026-10-12,Penney,,,,,9.26,3.63,,,,False,False
Canton,2026-09-03,Knox County,,13,12,W,9.47,4.94,3.53,-7.06,-3.53,False,False
Canton,2026-09-08,Westran,,16,7,W,11.05,7.31,4.95,0.31,5.26,False,False
Canton,2026-09-10,North Shelby,,0,5,L,0.62,7.74,-0.62,2.74,2.12,False,False
Canton,2026-09-11,Clopton,,5,4,W,5.87,6.0,-0.87,2.0,1.13,False,False
Canton,2026-09-15,Highland,,1,11,L,2.14,11.97,-1.14,0.97,-0.17,False,False
Canton,2026-09-17,Silex,,0,11,L,-0.65,9.9,0.65,-1.1,-0.46,False,False
Canton,2026-09-21,Highland,,3,14,L,2.14,11.97,0.86,-2.03,-1.17,False,False
Canton,2026-09-23,Macon,,4,8,L,4.23,8.44,-0.23,0.44,0.21,False,False
Canton,2026-09-24,Hannibal,,8,4,W,4.65,6.88,3.35,2.88,6.23,False,False
Canton,2026-09-26,Mark Twain,,3,2,W,4.47,7.67,-1.47,5.67,4.2,False,False
Canton,2026-09-26,North Shelby,,1,10,L,0.62,7.74,0.38,-2.26,-1.88,False,False
Canton,2026-09-26,Paris,,2,5,L,4.68,6.41,-2.68,1.41,-1.27,False,False
Canton,2026-09-28,Clark County,,2,12,L,5.75,6.91,-3.75,-5.09,-8.84,False,False
Canton,2026-09-29,Marion County,,10,0,W,19.65,-1.53,-9.65,-1.53,-11.18,False,False
Canton,2026-10-01,Monroe City,,,,,4.7,9.61,,,,False,False
Canton,2026-10-03,Putnam County,,,,,3.08,5.12,,,,False,False
Canton,2026-10-05,Palmyra,,,,,5.49,7.85,,,,False,False
Canton,2026-10-06,Paris,,,,,4.68,6.41,,,,False,False
Canton,2026-10-08,Scotland County,,,,,6.77,4.66,,,,False,False
Canton,2026-10-12,Louisiana,,,,,11.86,6.12,,,,False,False
Capital City,2026-08-28,Neosho,,8,9,L,5.48,5.21,2.52,-3.79,-1.27,False,False
Capital City,2026-08-28,Washington,,3,4,L,3.3,6.6,-0.3,2.6,2.3,False,False
Capital City,2026-08-28,Windsor (Imperial),,3,5,L,4.17,4.34,-1.17,-0.66,-1.83,False,False
Capital City,2026-08-29,Logan-Rogersville,,1,0,W,4.84,3.57,-3.84,3.57,-0.27,False,False
Capital City,2026-08-29,Mexico,,3,5,L,5.1,5.05,-2.1,0.05,-2.04,False,False
Capital City,2026-09-01,Battle,,2,9,L,8.01,3.2,-6.01,-5.8,-11.82,False,False
Capital City,2026-09-02,Linn,,3,2,W,4.44,4.85,-1.44,2.85,1.42,False,False
Capital City,2026-09-04,Fatima,,2,12,L,3.75,4.71,-1.75,-7.29,-9.04,False,False
Capital City,2026-09-08,Blair Oaks,,0,4,L,4.93,3.35,-4.93,-0.65,-5.58,False,False
Capital City,2026-09-11,Kirkwood,,1,0,W,7.55,0.06,-6.55,0.06,-6.49,False,False
Capital City,2026-09-11,Willard,,4,2,W,2.49,8.4,1.51,6.4,7.91,False,False
Capital City,2026-09-12,Lee's Summit,,1,6,L,3.78,3.96,-2.78,-2.04,-4.82,False,False
Capital City,2026-09-12,Park Hill,,11,1,W,2.1,4.34,8.9,3.34,12.24,False,False
Capital City,2026-09-14,Rock Bridge,,2,6,L,0.97,6.99,1.03,0.99,2.01,False,False
Capital City,2026-09-16,Hickman,,9,11,L,3.85,6.9,5.15,-4.1,1.05,False,False
Capital City,2026-09-18,Chaffee,,2,1,W,3.05,7.84,-1.05,6.84,5.79,False,False
Capital City,2026-09-18,Fatima,,6,7,L,3.75,4.71,2.25,-2.29,-0.04,False,False
Capital City,2026-09-19,South Harrison,,13,4,W,5.14,5.31,7.86,1.31,9.18,False,False
Capital City,2026-09-23,Bowling Green,,10,0,W,10.06,3.78,-0.06,3.78,3.72,False,False
Capital City,2026-09-24,Smith-Cotton,,9,4,W,6.79,0.97,2.21,-3.03,-0.83,False,False
Capital City,2026-09-26,Jefferson City,,15,7,W,10.29,2.29,4.71,-4.71,0.0,False,False
Capital City,2026-09-28,Camdenton,,15,0,W,14.36,-1.35,0.64,-1.35,-0.72,False,False
Capital City,2026-09-29,Southern Boone,,1,3,L,2.96,6.1,-1.96,3.1,1.14,False,False
Capital City,2026-09-30,Rolla,,3,2,W,5.78,2.81,-2.78,0.81,-1.96,False,False
Capital City,2026-10-02,Liberty,,,,,3.84,6.02,,,,False,False
Capital City,2026-10-02,Willard,,,,,2.49,8.4,,,,False,False
Capital City,2026-10-03,Aurora,,,,,7.85,0.19,,,,False,False
Capital City,2026-10-03,Francis Howell,,,,,0.16,5.89,,,,False,False
Capital City,2026-10-05,Helias Catholic,,,,,1.13,8.07,,,,False,False
Capital City,2026-10-06,New Bloomfield,,,,,9.3,1.03,,,,False,False
Capital City,2026-10-12,Union,,,,,11.18,3.35,,,,False,False
Carl Junction,2026-08-28,Joplin,,0,6,L,3.47,8.12,-3.47,2.12,-1.35,False,False
Carl Junction,2026-08-28,Seneca,,9,1,W,7.1,4.36,1.9,3.36,5.26,False,False
Carl Junction,2026-08-29,Aurora,,2,3,L,6.1,4.65,-4.1,1.65,-2.45,False,False
Carl Junction,2026-08-29,Hillcrest,,15,0,W,18.13,3.11,-3.13,3.11,-0.02,False,False
Carl Junction,2026-08-31,Webb City,,7,5,W,0.67,10.92,6.33,5.92,12.24,False,False
Carl Junction,2026-09-01,Glendale,,7,6,W,6.15,6.76,0.85,0.76,1.61,False,False
Carl Junction,2026-09-03,Willard,,6,17,L,0.74,12.86,5.26,-4.14,1.12,False,False
Carl Junction,2026-09-04,Bolivar,,9,8,W,4.59,9.6,4.41,1.6,6.02,False,False
Carl Junction,2026-09-07,Cassville,,7,8,L,4.65,5.17,2.35,-2.83,-0.47,False,False
Carl Junction,2026-09-09,Joplin,,5,8,L,3.47,8.12,1.53,0.12,1.65,False,False
Carl Junction,2026-09-11,McDonald County,,0,10,L,3.89,10.01,-3.89,0.01,-3.87,False,False
Carl Junction,2026-09-14,Seneca,,0,12,L,7.1,4.36,-7.1,-7.64,-14.74,False,False
Carl Junction,2026-09-15,Branson,,3,5,L,5.24,7.74,-2.24,2.74,0.5,False,False
Carl Junction,2026-09-17,Logan-Rogersville,,7,11,L,3.09,8.03,3.91,-2.97,0.94,False,False
Carl Junction,2026-09-21,Monett,,16,0,W,9.02,3.48,6.98,3.48,10.46,False,False
Carl Junction,2026-09-22,Hillcrest,,16,0,W,18.13,3.11,-2.13,3.11,0.98,False,False
Carl Junction,2026-09-24,Bolivar,,0,17,L,4.59,9.6,-4.59,-7.4,-11.98,False,False
Carl Junction,2026-09-28,Carthage,,5,7,L,4.73,8.41,0.27,1.41,1.68,False,False
Carl Junction,2026-10-01,Marshfield,,,,,1.07,9.56,,,,False,False
Carl Junction,2026-10-02,Kickapoo,,,,,4.5,10.64,,,,False,False
Carl Junction,2026-10-02,Sullivan,,,,,4.44,8.94,,,,False,False
Carl Junction,2026-10-03,Camdenton,,,,,12.61,3.1,,,,False,False
Carl Junction,2026-10-03,St. Teresa's Academy,,,,,7.44,4.45,,,,False,False
Carl Junction,2026-10-05,Neosho,,,,,3.73,9.67,,,,False,False
Carl Junction,2026-10-08,West Plains,,,,,9.39,5.09,,,,False,False
Carl Junction,2026-10-12,Aurora,,,,,6.1,4.65,,,,False,False
Carrollton,2026-08-29,Marshall,,4,9,L,10.68,7.93,-6.68,-1.07,-7.76,False,False
Carrollton,2026-08-29,Warrensburg,,5,10,L,7.06,13.38,-2.06,3.38,1.32,False,False
Carrollton,2026-08-29,California,,11,9,W,9.84,10.55,1.16,1.55,2.71,False,False
Carrollton,2026-09-01,Salisbury,,2,6,L,4.9,13.84,-2.9,7.84,4.94,False,False
Carrollton,2026-09-08,Lafayette County,,5,15,L,5.31,10.77,-0.31,-4.23,-4.54,False,False
Carrollton,2026-09-12,Penney,,6,16,L,9.07,10.62,-3.07,-5.38,-8.45,False,False
Carrollton,2026-09-12,Stewartsville with Osborn,,14,2,W,14.77,6.64,-0.77,4.64,3.87,False,False
Carrollton,2026-09-12,Slater with Malta Bend,,12,4,W,8.69,8.73,3.31,4.73,8.04,False,False
Carrollton,2026-09-14,Lawson,,10,20,L,8.51,13.83,1.49,-6.17,-4.68,False,False
Carrollton,2026-09-15,Richmond,,2,20,L,4.95,11.84,-2.95,-8.16,-11.1,False,False
Carrollton,2026-09-17,Lexington,,24,20,W,14.61,11.49,9.39,-8.51,0.88,False,False
Carrollton,2026-09-21,Knob Noster,,20,6,W,14.08,6.2,5.92,0.2,6.12,False,False
Carrollton,2026-09-22,Holden,,6,3,W,8.19,11.93,-2.19,8.93,6.74,False,False
Carrollton,2026-09-24,Lafayette County,,9,10,L,5.31,10.77,3.69,0.77,4.46,False,False
Carrollton,2026-09-29,Knob Noster,,8,1,W,14.08,6.2,-6.08,5.2,-0.88,False,False
Carrollton,2026-10-01,Richmond,,,,,4.95,11.84,,,,False,False
Carrollton,2026-10-05,Slater with Malta Bend,,,,,8.69,8.73,,,,False,False
Carrollton,2026-10-06,Lexington,,,,,14.61,11.49,,,,False,False
Carrollton,2026-10-08,Holden,,,,,8.19,11.93,,,,False,False
Carthage,2026-08-28,Branson,,13,1,W,7.24,6.06,5.76,5.06,10.83,False,False
Carthage,2026-08-28,Willard,,4,15,L,2.74,11.18,1.26,-3.82,-2.55,False,False
Carthage,2026-08-29,Bolivar,,1,4,L,6.59,7.93,-5.59,3.93,-1.66,False,False
Carthage,2026-08-29,Cassville,,7,2,W,6.65,3.5,0.35,1.5,1.85,False,False
Carthage,2026-09-01,Seneca,,15,0,W,9.1,2.68,5.9,2.68,8.58,False,False
Carthage,2026-09-03,Nixa,,0,14,L,7.25,9.98,-7.25,-4.02,-11.26,False,False
Carthage,2026-09-04,Blue Springs,,1,9,L,3.43,6.42,-2.43,-2.58,-5.01,False,False
Carthage,2026-09-04,McDonald County,,6,8,L,5.89,8.33,0.11,0.33,0.45,False,False
Carthage,2026-09-04,"Owasso(Owasso, OK)",,4,8,L,,,,,,False,False
Carthage,2026-09-05,Park Hill South,,8,9,L,6.97,7.55,1.03,-1.45,-0.42,False,False
Carthage,2026-09-08,Ozark,,1,11,L,3.88,8.11,-2.88,-2.89,-5.76,False,False
Carthage,2026-09-11,Neosho,,5,8,L,5.73,7.99,-0.73,-0.01,-0.74,False,False
Carthage,2026-09-11,Republic,,3,5,L,6.34,5.81,-3.34,0.81,-2.53,False,False
Carthage,2026-09-11,Nixa,,9,10,L,7.25,9.98,1.75,-0.02,1.74,False,False
Carthage,2026-09-12,Ozark,,1,12,L,3.88,8.11,-2.88,-3.89,-6.76,False,False
Carthage,2026-09-12,Ft. Zumwalt West,,2,11,L,1.61,10.55,0.39,-0.45,-0.05,False,False
Carthage,2026-09-14,Cassville,,10,0,W,6.65,3.5,3.35,3.5,6.85,False,False
Carthage,2026-09-15,Glendale,,16,4,W,8.15,5.09,7.85,1.09,8.93,False,False
Carthage,2026-09-17,Lebanon,,15,5,W,11.64,5.28,3.36,0.28,3.64,False,False
Carthage,2026-09-21,Branson,,5,6,L,7.24,6.06,-2.24,0.06,-2.17,False,False
Carthage,2026-09-22,Waynesville,,16,1,W,13.35,2.03,2.65,1.03,3.68,False,False
Carthage,2026-09-24,Neosho,,1,10,L,5.73,7.99,-4.73,-2.01,-6.74,False,False
Carthage,2026-09-28,Carl Junction,,7,5,W,8.41,4.73,-1.41,-0.27,-1.68,False,False
Carthage,2026-09-29,Republic,,10,6,W,6.34,5.81,3.66,-0.19,3.47,False,False
Carthage,2026-10-01,Webb City,,,,,2.67,9.24,,,,False,False
Carthage,2026-10-06,Joplin,,,,,5.47,6.44,,,,False,False
Carthage,2026-10-08,Willard,,,,,2.74,11.18,,,,False,False
Carthage,2026-10-12,Kickapoo,,,,,6.5,8.97,,,,False,False
Cassville,2026-08-28,Marshfield,,2,10,L,-0.16,7.8,2.16,-2.2,-0.04,False,False
Cassville,2026-08-28,Glendale,,6,5,W,4.92,5.0,1.08,0.0,1.08,False,False
Cassville,2026-08-29,Carthage,,2,7,L,3.5,6.65,-1.5,-0.35,-1.85,False,False
Cassville,2026-08-29,Dadeville with Everton,,0,1,L,4.07,3.38,-4.07,2.38,-1.69,False,False
Cassville,2026-08-31,Glendale,,4,6,L,4.92,5.0,-0.92,-1.0,-1.92,False,False
Cassville,2026-09-01,Logan-Rogersville,,1,6,L,1.85,6.26,-0.85,0.26,-0.59,False,False
Cassville,2026-09-03,Marshfield,,1,5,L,-0.16,7.8,1.16,2.8,3.96,False,False
Cassville,2026-09-07,Carl Junction,,8,7,W,5.17,4.65,2.83,-2.35,0.47,False,False
Cassville,2026-09-08,McDonald County,,5,1,W,2.65,8.25,2.35,7.25,9.6,False,False
Cassville,2026-09-14,Carthage,,0,10,L,3.5,6.65,-3.5,-3.35,-6.85,False,False
Cassville,2026-09-15,Seneca,,9,6,W,5.86,2.6,3.14,-3.4,-0.26,False,False
Cassville,2026-09-17,Monett,,6,0,W,7.78,1.72,-1.78,1.72,-0.06,False,False
Cassville,2026-09-18,"Bartlesville(Bartlesville, OK)",,6,11,L,,,,,,False,False
Cassville,2026-09-18,"Pryor(Pryor, OK)",,1,12,L,,,,,,False,False
Cassville,2026-09-19,"Bixby(Bixby, OK)",,1,12,L,,,,,,False,False
Cassville,2026-09-19,"Lone Grove(Lone Grove, OK)",,1,8,L,,,,,,False,False
Cassville,2026-09-22,Aurora,,7,1,W,4.86,2.88,2.14,1.88,4.02,False,False
Cassville,2026-09-24,McDonald County,,2,10,L,2.65,8.25,-0.65,-1.75,-2.4,False,False
Cassville,2026-09-29,Nevada,,15,0,W,18.12,-2.14,-3.12,-2.14,-5.26,False,False
Cassville,2026-10-01,Seneca,,,,,5.86,2.6,,,,False,False
Cassville,2026-10-02,Lee's Summit North,,,,,-0.25,7.64,,,,False,False
Cassville,2026-10-02,Nixa,,,,,4.01,9.9,,,,False,False
Cassville,2026-10-03,Sullivan,,,,,3.21,7.17,,,,False,False
Cassville,2026-10-03,Marshfield,,,,,-0.16,7.8,,,,False,False
Cassville,2026-10-05,Aurora,,,,,4.86,2.88,,,,False,False
Cassville,2026-10-06,Monett,,,,,7.78,1.72,,,,False,False
Cassville,2026-10-08,Central (Springfield),,,,,,,,,,False,False
Cassville,2026-10-10,Bolivar,,,,,3.35,7.84,,,,False,False
Cassville,2026-10-10,Joplin,,,,,2.23,6.36,,,,False,False
Cassville,2026-10-12,Neosho,,,,,2.49,7.91,,,,False,False
Central (Cape Girardeau),2026-09-01,East Carter,,3,11,L,7.47,10.35,-4.47,-0.65,-5.12,False,False
Central (Cape Girardeau),2026-09-03,Notre Dame (Cape Girardeau),,0,15,L,1.79,16.12,-1.79,1.12,-0.67,False,False
Central (Cape Girardeau),2026-09-09,Jackson,,1,11,L,0.19,16.46,0.81,5.46,6.27,False,False
Central (Cape Girardeau),2026-09-10,Naylor,,4,7,L,5.95,8.78,-1.95,1.78,-0.18,False,False
Central (Cape Girardeau),2026-09-12,Perryville,,3,13,L,7.32,11.87,-4.32,-1.13,-5.45,False,False
Central (Cape Girardeau),2026-09-15,Sikeston,,22,7,W,13.64,8.96,8.36,1.96,10.32,False,False
Central (Cape Girardeau),2026-09-16,Kelly,,4,17,L,0.86,14.18,3.14,-2.82,0.32,False,False
Central (Cape Girardeau),2026-09-17,North County,,5,15,L,2.07,15.01,2.93,0.01,2.94,False,False
Central (Cape Girardeau),2026-09-22,Farmington,,5,21,L,4.36,15.38,0.64,-5.62,-4.98,False,False
Central (Cape Girardeau),2026-09-24,Jefferson (Festus),,7,14,L,6.53,12.18,0.47,-1.82,-1.34,False,False
Central (Cape Girardeau),2026-09-29,Notre Dame (Cape Girardeau),,0,10,L,1.79,16.12,-1.79,6.12,4.33,False,False
Central (Cape Girardeau),2026-09-30,Chaffee,,3,23,L,-0.83,19.57,3.83,-3.43,0.4,False,False
Central (Cape Girardeau),2026-10-01,Poplar Bluff,,,,,5.89,15.62,,,,False,False
Central (Cape Girardeau),2026-10-05,Neelyville,,,,,5.7,11.32,,,,False,False
Central (Cape Girardeau),2026-10-07,Saxony Lutheran with St. Vincent,,,,,4.43,12.92,,,,False,False
Central (Cape Girardeau),2026-10-08,Naylor,,,,,5.95,8.78,,,,False,False
Central (Cape Girardeau),2026-10-12,St. Pius X (Festus),,,,,10.89,10.54,,,,False,False
Central (Springfield),2026-09-01,Walnut Grove,,3,23,L,,,,,,False,False
Central (Springfield),2026-09-02,Hillcrest,,2,17,L,,,,,,False,False
Central (Springfield),2026-09-03,Macks Creek,,0,17,L,,,,,,False,False
Central (Springfield),2026-09-11,Humansville,,1,16,L,,,,,,False,False
Central (Springfield),2026-09-15,Dadeville with Everton,,0,20,L,,,,,,False,False
Central (Springfield),2026-09-16,Wheatland,,2,17,L,,,,,,False,False
Central (Springfield),2026-09-18,Halfway,,0,20,L,,,,,,False,False
Central (Springfield),2026-09-22,Weaubleau,,0,17,L,,,,,,False,False
Central (Springfield),2026-09-25,Fair Play,,1,16,L,,,,,,False,False
Central (Springfield),2026-10-01,Crocker,,,,,,,,,,False,False
Central (Springfield),2026-10-06,Parkview,,,,,,,,,,False,False
Central (Springfield),2026-10-08,Cassville,,,,,,,,,,False,False
Central (St. Joseph),2026-08-27,Benton,,9,8,W,4.45,9.25,4.55,1.25,5.8,False,False
Central (St. Joseph),2026-08-28,Lee's Summit,,3,5,L,2.21,9.39,0.79,4.39,5.17,False,False
Central (St. Joseph),2026-08-28,William Chrisman,,16,0,W,13.96,5.29,2.04,5.29,7.32,False,False
Central (St. Joseph),2026-08-29,Chillicothe,,0,15,L,-1.92,12.05,1.92,-2.95,-1.03,False,False
Central (St. Joseph),2026-08-29,Kearney,,4,1,W,2.81,9.84,1.19,8.84,10.04,False,False
Central (St. Joseph),2026-08-29,Smithville,,7,6,W,4.45,11.08,2.55,5.08,7.62,False,False
Central (St. Joseph),2026-08-31,Ruskin,,26,6,W,24.01,-3.57,1.99,-9.57,-7.58,False,False
Central (St. Joseph),2026-09-03,Truman,,7,10,L,4.34,9.01,2.66,-0.99,1.67,False,False
Central (St. Joseph),2026-09-07,Fort Osage,,0,4,L,0.56,7.85,-0.56,3.85,3.29,False,False
Central (St. Joseph),2026-09-08,Park Hill,,0,12,L,0.53,9.76,-0.53,-2.24,-2.77,False,False
Central (St. Joseph),2026-09-10,Winnetonka,,21,8,W,15.16,2.94,5.84,-5.06,0.78,False,False
Central (St. Joseph),2026-09-12,Benton,,0,18,L,4.45,9.25,-4.45,-8.75,-13.2,False,False
Central (St. Joseph),2026-09-12,Trenton,,7,8,L,6.11,5.59,0.89,-2.41,-1.52,False,False
Central (St. Joseph),2026-09-12,Lincoln College Prep,,27,1,W,24.04,-2.39,2.96,-3.39,-0.43,False,False
Central (St. Joseph),2026-09-14,Lee's Summit North,,1,9,L,1.17,10.37,-0.17,1.37,1.2,False,False
Central (St. Joseph),2026-09-17,Liberty,,3,18,L,2.27,11.44,0.73,-6.56,-5.83,False,False
Central (St. Joseph),2026-09-18,Boonville,,2,10,L,6.39,6.75,-4.39,-3.25,-7.64,False,False
Central (St. Joseph),2026-09-18,Smithville,,0,15,L,4.45,11.08,-4.45,-3.92,-8.38,False,False
Central (St. Joseph),2026-09-18,Harrisburg,,4,10,L,1.75,10.95,2.25,0.95,3.2,False,False
Central (St. Joseph),2026-09-18,West Platte,,0,3,L,3.27,8.41,-3.27,5.41,2.14,False,False
Central (St. Joseph),2026-09-19,Harrisburg,,3,10,L,1.75,10.95,1.25,0.95,2.2,False,False
Central (St. Joseph),2026-09-21,Oak Park,,7,5,W,8.11,7.16,-1.11,2.16,1.05,False,False
Central (St. Joseph),2026-09-22,North Kansas City,,20,0,W,16.42,2.95,3.58,2.95,6.52,False,False
Central (St. Joseph),2026-09-24,Park Hill,,0,10,L,0.53,9.76,-0.53,-0.24,-0.77,False,False
Central (St. Joseph),2026-09-28,Smithville,,,,,4.45,11.08,,,,False,False
Central (St. Joseph),2026-09-29,Lee's Summit North,,0,15,L,1.17,10.37,-1.17,-4.63,-5.8,False,False
Central (St. Joseph),2026-09-30,Park Hill South,,3,10,L,5.16,10.19,-2.16,0.19,-1.97,False,False
Central (St. Joseph),2026-10-05,Liberty,,,,,2.27,11.44,,,,False,False
Central (St. Joseph),2026-10-06,Oak Park,,,,,8.11,7.16,,,,False,False
Central (St. Joseph),2026-10-07,Savannah,,,,,3.22,13.37,,,,False,False
Central (St. Joseph),2026-10-08,North Kansas City,,,,,16.42,2.95,,,,False,False
Centralia,2026-08-28,Truman,,9,1,W,8.21,1.48,0.79,0.48,1.27,False,False
Centralia,2026-08-28,Odessa,,13,0,W,10.23,1.41,2.77,1.41,4.18,False,False
Centralia,2026-08-29,Belton,,5,10,L,6.13,4.49,-1.13,-5.51,-6.63,False,False
Centralia,2026-08-29,Pleasant Hill,,3,0,W,5.05,3.04,-2.05,3.04,0.99,False,False
Centralia,2026-08-29,Mid-Buchanan,,0,3,L,7.6,2.83,-7.6,-0.17,-7.76,False,False
Centralia,2026-08-31,Macon,,11,1,W,9.51,0.65,1.49,-0.35,1.15,False,False
Centralia,2026-09-01,Blair Oaks,,10,0,W,7.23,1.25,2.77,1.25,4.02,False,False
Centralia,2026-09-03,Battle,,17,0,W,10.32,1.09,6.68,1.09,7.78,False,False
Centralia,2026-09-08,Highland,,12,2,W,7.41,4.18,4.59,2.18,6.77,False,False
Centralia,2026-09-09,Moberly,,12,0,W,9.16,0.93,2.84,0.93,3.78,False,False
Centralia,2026-09-11,Helias Catholic,,1,6,L,3.43,5.97,-2.43,-0.03,-2.46,False,False
Centralia,2026-09-11,Odessa,,4,6,L,10.23,1.41,-6.23,-4.59,-10.82,False,False
Centralia,2026-09-14,St. Elizabeth,,3,2,W,6.77,2.29,-3.77,0.29,-3.49,False,False
Centralia,2026-09-15,Mexico,,11,0,W,7.4,2.95,3.6,2.95,6.55,False,False
Centralia,2026-09-19,Doniphan,,4,1,W,5.7,3.32,-1.7,2.32,0.62,False,False
Centralia,2026-09-21,Monroe City,,15,0,W,9.97,1.82,5.03,1.82,6.86,False,False
Centralia,2026-09-22,Fatima,,7,1,W,6.05,2.61,0.95,1.61,2.56,False,False
Centralia,2026-09-25,Wright City,,12,0,W,10.13,0.22,1.87,0.22,2.08,False,False
Centralia,2026-09-25,Neosho,,3,1,W,7.78,3.11,-4.78,2.11,-2.68,False,False
Centralia,2026-09-26,Lee's Summit,,1,2,L,6.09,1.86,-5.09,-0.14,-5.23,False,False
Centralia,2026-09-26,Francis Howell Central,,15,0,W,9.96,2.56,5.04,2.56,7.6,False,False
Centralia,2026-09-28,South Shelby,,20,0,W,16.85,-4.06,3.15,-4.06,-0.92,False,False
Centralia,2026-09-29,Chillicothe,,4,15,L,1.95,4.53,2.05,-10.47,-8.43,False,False
Centralia,2026-10-01,Clark County,,,,,11.02,-0.88,,,,False,False
Centralia,2026-10-05,North Callaway,,,,,5.58,0.51,,,,False,False
Centralia,2026-10-06,Hallsville with Christian Fellowship Sr.,,,,,9.03,0.26,,,,False,False
Centralia,2026-10-08,Palmyra,,,,,10.76,0.06,,,,False,False
Centralia,2026-10-12,Bowling Green,,,,,12.36,1.68,,,,False,False
Chaffee,2026-08-28,Fatima,,7,2,W,7.88,4.05,-0.88,2.05,1.17,False,False
Chaffee,2026-08-28,Mexico,,12,0,W,9.23,4.39,2.77,4.39,7.17,False,False
Chaffee,2026-08-29,Linn,,2,3,L,8.57,4.19,-6.57,1.19,-5.37,False,False
Chaffee,2026-08-29,Windsor (Imperial),,16,7,W,8.3,3.68,7.7,-3.32,4.38,False,False
Chaffee,2026-08-29,Pacific,,5,12,L,11.4,1.09,-6.4,-10.91,-17.31,False,False
Chaffee,2026-09-01,Kelly,,12,0,W,8.87,1.79,3.13,1.79,4.92,False,False
Chaffee,2026-09-02,Notre Dame (Cape Girardeau),,7,5,W,9.8,3.73,-2.8,-1.27,-4.07,False,False
Chaffee,2026-09-03,Saxony Lutheran with St. Vincent,,10,3,W,12.44,0.52,-2.44,-2.48,-4.91,False,False
Chaffee,2026-09-03,Doniphan,,12,2,W,7.53,4.76,4.47,2.76,7.23,False,False
Chaffee,2026-09-03,Van Buren,,,,,,,,,,False,False
Chaffee,2026-09-04,Jackson,,12,6,W,8.2,4.06,3.8,-1.94,1.87,False,False
Chaffee,2026-09-09,Jefferson (Festus),,15,0,W,14.53,-0.21,0.47,-0.21,0.26,False,False
Chaffee,2026-09-11,East Carter,,16,6,W,15.48,-2.05,0.52,-8.05,-7.52,False,False
Chaffee,2026-09-14,North County,,7,1,W,10.07,2.61,-3.07,1.61,-1.46,False,False
Chaffee,2026-09-15,Twin Rivers,,13,4,W,13.31,3.11,-0.31,-0.89,-1.21,False,False
Chaffee,2026-09-17,Festus,,3,0,W,7.17,3.77,-4.17,3.77,-0.4,False,False
Chaffee,2026-09-18,Capital City,,1,2,L,7.84,3.05,-6.84,1.05,-5.79,False,False
Chaffee,2026-09-18,Fatima,,8,0,W,7.88,4.05,0.12,4.05,4.17,False,False
Chaffee,2026-09-19,Father Tolton,,22,3,W,11.94,-0.81,10.06,-3.81,6.25,False,False
Chaffee,2026-09-21,St. Pius X (Festus),,19,3,W,18.9,-1.86,0.1,-4.86,-4.76,False,False
Chaffee,2026-09-22,Naylor,,15,0,W,13.96,-3.62,1.04,-3.62,-2.58,False,False
Chaffee,2026-09-24,Sikeston,,21,0,W,21.65,-3.43,-0.65,-3.43,-4.08,False,False
Chaffee,2026-09-28,Neelyville,,16,0,W,13.71,-1.08,2.29,-1.08,1.21,False,False
Chaffee,2026-09-30,Central (Cape Girardeau),,23,3,W,19.57,-0.83,3.43,-3.83,-0.4,False,False
Chaffee,2026-10-01,Jackson,,,,,8.2,4.06,,,,False,False
Chaffee,2026-10-06,Farmington,,,,,12.37,2.99,,,,False,False
Chaffee,2026-10-07,Fredericktown,,,,,12.4,-0.1,,,,False,False
Chaffee,2026-10-08,Poplar Bluff,,,,,13.89,3.23,,,,False,False
Chaffee,2026-10-13,Doniphan,,,,,7.53,4.76,,,,False,False
"Chatfield(Littleton, CO)",2026-08-28,Staley,,2,5,L,,,,,,False,False
"Chatfield(Littleton, CO)",2026-08-28,Raymore-Peculiar,,2,11,L,,,,,,False,False
"Chatfield(Littleton, CO)",2026-08-29,Blue Springs,,3,13,L,,,,,,False,False
"Cherokee Trails(Aurora , CO)",2026-08-29,Staley,,8,7,W,,,,,,False,False
"Cherokee Trails(Aurora, CO)",2026-08-28,Blue Springs,,2,7,L,,,,,,False,False
"Cherokee Trails(Aurora, CO)",2026-08-29,Park Hill,,7,6,W,,,,,,False,False
Chillicothe,2026-08-28,Platte County,,2,4,L,6.16,4.97,-4.16,0.97,-3.19,False,False
Chillicothe,2026-08-28,Harrisonville,,17,0,W,14.86,-3.92,2.14,-3.92,-1.77,False,False
Chillicothe,2026-08-29,Central (St. Joseph),,15,0,W,12.05,-1.92,2.95,-1.92,1.03,False,False
Chillicothe,2026-08-29,Oak Grove,,4,0,W,5.59,0.61,-1.59,0.61,-0.98,False,False
Chillicothe,2026-08-29,Liberty,,3,0,W,6.77,1.97,-3.77,1.97,-1.8,False,False
Chillicothe,2026-08-31,Kirksville,,13,0,W,8.69,-0.41,4.31,-0.41,3.9,False,False
Chillicothe,2026-09-01,Mid-Buchanan,,5,3,W,8.22,0.88,-3.22,-2.12,-5.34,False,False
Chillicothe,2026-09-03,Lawson,,11,5,W,11.56,0.1,-0.56,-4.9,-5.46,False,False
Chillicothe,2026-09-08,Penney,,15,0,W,12.12,-3.11,2.88,-3.11,-0.23,False,False
Chillicothe,2026-09-10,Excelsior Springs,,6,0,W,9.11,-1.14,-3.11,-1.14,-4.25,False,False
Chillicothe,2026-09-12,Macon,,9,2,W,10.13,-1.3,-1.13,-3.3,-4.43,False,False
Chillicothe,2026-09-12,Pleasant Hill,,1,0,W,5.67,1.09,-4.67,1.09,-3.59,False,False
Chillicothe,2026-09-12,Savannah,,4,2,W,7.71,3.89,-3.71,1.89,-1.82,False,False
Chillicothe,2026-09-15,Cameron,,9,0,W,9.31,-0.28,-0.31,-0.28,-0.59,False,False
Chillicothe,2026-09-17,Savannah,,10,2,W,7.71,3.89,2.29,1.89,4.18,False,False
Chillicothe,2026-09-21,Moberly,,18,0,W,9.78,-1.02,8.22,-1.02,7.2,False,False
Chillicothe,2026-09-22,Maryville,,15,0,W,22.18,-9.22,-7.18,-9.22,-16.4,False,False
Chillicothe,2026-09-24,Benton,,8,1,W,8.95,-0.23,-0.95,-1.23,-2.18,False,False
Chillicothe,2026-09-26,Platte County,,5,0,W,6.16,4.97,-1.16,4.97,3.81,False,False
Chillicothe,2026-09-26,Smith-Cotton,,10,0,W,9.72,-3.09,0.28,-3.09,-2.81,False,False
Chillicothe,2026-09-28,Princeton,,10,0,W,7.41,1.65,2.59,1.65,4.24,False,False
Chillicothe,2026-09-29,Centralia,,15,4,W,4.53,1.95,10.47,-2.05,8.43,False,False
Chillicothe,2026-10-01,Macon,,,,,10.13,-1.3,,,,False,False
Chillicothe,2026-10-02,Mexico,,,,,8.02,1.0,,,,False,False
Chillicothe,2026-10-02,Blair Oaks,,,,,7.85,-0.7,,,,False,False
Chillicothe,2026-10-02,Jefferson City,,,,,13.21,-1.76,,,,False,False
Chillicothe,2026-10-05,Bishop LeBlond,,,,,21.69,-3.45,,,,False,False
Chillicothe,2026-10-06,South Harrison,,,,,8.06,1.26,,,,False,False
Chillicothe,2026-10-08,Blair Oaks,,,,,7.85,-0.7,,,,False,False
Chillicothe,2026-10-12,Trenton,,,,,10.61,-3.89,,,,False,False
"Claremore(Claremore, OK)",2026-09-18,Blue Springs South,,6,8,L,,,,,,False,False
Clark County,2026-08-27,La Plata,,28,0,W,14.07,2.6,13.93,2.6,16.53,False,False
Clark County,2026-08-29,Princeton,,3,9,L,2.0,10.72,1.0,1.72,2.72,False,False
Clark County,2026-08-29,Novinger,,18,3,W,14.57,-2.32,3.43,-5.32,-1.89,False,False
Clark County,2026-08-29,Gallatin,,2,8,L,5.33,5.23,-3.33,-2.77,-6.1,False,False
Clark County,2026-08-29,Putnam County,,5,4,W,3.56,4.44,1.44,0.44,1.88,False,False
Clark County,2026-09-01,Kirksville,,1,9,L,3.28,8.66,-2.28,-0.34,-2.62,False,False
Clark County,2026-09-03,Scotland County,,9,4,W,7.26,3.99,1.74,-0.01,1.73,False,False
Clark County,2026-09-04,Harrisburg,,0,9,L,0.83,10.54,-0.83,1.54,0.71,False,False
Clark County,2026-09-08,Monroe City,,2,17,L,5.18,8.94,-3.18,-8.06,-11.24,False,False
Clark County,2026-09-09,Schuyler County,,6,3,W,6.63,5.51,-0.63,2.51,1.89,False,False
Clark County,2026-09-15,Palmyra,,,,,5.98,7.18,,,,False,False
Clark County,2026-09-16,Hannibal,,3,8,L,5.14,6.21,-2.14,-1.79,-3.93,False,False
Clark County,2026-09-17,North Shelby,,0,4,L,1.11,7.07,-1.11,3.07,1.96,False,False
Clark County,2026-09-21,Scotland County,,3,0,W,7.26,3.99,-4.26,3.99,-0.27,False,False
Clark County,2026-09-24,Highland,,3,15,L,2.62,11.29,0.38,-3.71,-3.33,False,False
Clark County,2026-09-28,Canton,,12,2,W,6.91,5.75,5.09,3.75,8.84,False,False
Clark County,2026-09-30,Brashear,,,,,16.42,0.21,,,,False,False
Clark County,2026-10-01,Centralia,,,,,-0.88,11.02,,,,False,False
Clark County,2026-10-03,Palmyra,,,,,5.98,7.18,,,,False,False
Clark County,2026-10-06,Macon,,,,,4.72,7.77,,,,False,False
Clark County,2026-10-08,South Shelby,,,,,12.07,3.05,,,,False,False
Clark County,2026-10-12,Knox County,,,,,9.96,4.27,,,,False,False
Clayton,2026-09-03,Normandy Collaborative,,15,0,W,,,,,,False,False
Clayton,2026-09-09,Bayless,,17,7,W,12.55,8.98,4.45,1.98,6.43,False,False
Clayton,2026-09-10,Affton,,12,15,L,10.36,11.55,1.64,-3.45,-1.81,False,False
Clayton,2026-09-14,Ladue Horton Watkins,,3,8,L,7.15,10.37,-4.15,2.37,-1.78,False,False
Clayton,2026-09-17,Pattonville,,1,11,L,4.86,13.31,-3.86,2.31,-1.56,False,False
Clayton,2026-09-22,University City,,14,9,W,12.65,7.94,1.35,-1.06,0.29,False,False
Clayton,2026-09-22,Normandy Collaborative,,,,,,,,,,False,False
Clayton,2026-09-23,McCluer North,,14,3,W,14.72,8.16,-0.72,5.16,4.44,False,False
Clayton,2026-09-24,Mehlville,,2,13,L,6.28,9.75,-4.28,-3.25,-7.52,False,False
Clayton,2026-09-25,St. Louis Patriots Sr.,,1,11,L,,,,,,False,False
Clayton,2026-09-28,Metro,,25,9,W,15.51,3.49,9.49,-5.51,3.98,False,False
Clayton,2026-09-29,Kirkwood,,0,12,L,0.56,13.51,-0.56,1.51,0.95,False,False
Clayton,2026-10-01,Ritenour,,,,,4.94,14.22,,,,False,False
Clayton,2026-10-05,Hancock,,,,,6.77,11.35,,,,False,False
Clayton,2026-10-06,Parkway North with Principia,,,,,10.17,10.51,,,,False,False
Clayton,2026-10-08,Hazelwood West,,,,,7.43,11.8,,,,False,False
Climax Springs,2026-08-28,Humansville,,15,16,L,7.43,15.88,7.57,-0.12,7.44,False,False
Climax Springs,2026-08-29,Sherwood,,6,19,L,5.06,16.48,0.94,-2.52,-1.58,False,False
Climax Springs,2026-08-29,Fair Play,,13,1,W,16.12,7.85,-3.12,6.85,3.72,False,False
Climax Springs,2026-09-03,Halfway,,0,21,L,-2.7,21.0,2.7,0.0,2.7,False,False
Climax Springs,2026-09-04,Tuscumbia,,,,,3.97,18.58,,,,False,False
Climax Springs,2026-09-07,Stoutland,,,,,1.68,19.56,,,,False,False
Climax Springs,2026-09-08,Stoutland,,1,14,L,1.68,19.56,-0.68,5.56,4.88,False,False
Climax Springs,2026-09-11,Parkview,,,,,10.7,12.05,,,,False,False
Climax Springs,2026-09-15,Richland,,5,17,L,7.92,16.24,-2.92,-0.76,-3.68,False,False
Climax Springs,2026-09-17,Dixon,,3,25,L,1.45,23.22,1.55,-1.78,-0.24,False,False
Climax Springs,2026-09-21,Humansville,,0,15,L,7.43,15.88,-7.43,0.88,-6.56,False,False
Climax Springs,2026-09-22,Crocker,,8,24,L,2.42,21.28,5.58,-2.72,2.85,False,False
Climax Springs,2026-09-24,Hermitage,,0,21,L,5.49,15.57,-5.49,-5.43,-10.92,False,False
Climax Springs,2026-09-28,Macks Creek,,,,,5.03,15.03,,,,False,False
Climax Springs,2026-09-29,Fair Play,,23,9,W,16.12,7.85,6.88,-1.15,5.72,False,False
Climax Springs,2026-09-30,Parkview,,,,,10.7,12.05,,,,False,False
Climax Springs,2026-10-01,Montrose with Appleton City,,,,,9.09,15.77,,,,False,False
Climax Springs,2026-10-02,Walnut Grove,,,,,11.8,16.01,,,,False,False
Climax Springs,2026-10-05,Wheatland,,,,,0.93,18.64,,,,False,False
Climax Springs,2026-10-06,Newburg,,,,,5.34,16.94,,,,False,False
Climax Springs,2026-10-08,Laquey,,,,,12.55,10.76,,,,False,False
Climax Springs,2026-10-09,Weaubleau,,,,,3.79,17.54,,,,False,False
Clinton,2026-08-29,Wright City,,2,5,L,2.59,12.53,-0.59,7.53,6.94,False,False
Clinton,2026-08-29,New Franklin,,9,8,W,6.63,9.48,2.37,1.48,3.84,False,False
Clinton,2026-08-29,Fayette,,0,16,L,-0.66,11.03,0.66,-4.97,-4.31,False,False
Clinton,2026-08-31,Lexington,,10,13,L,9.49,12.03,0.51,-0.97,-0.46,False,False
Clinton,2026-09-02,Sherwood,,14,17,L,9.89,6.78,4.11,-10.22,-6.11,False,False
Clinton,2026-09-07,Montrose with Appleton City,,15,0,W,13.92,6.07,1.08,6.07,7.15,False,False
Clinton,2026-09-08,Pleasant Hill,,0,16,L,-2.5,15.35,2.5,-0.65,1.85,False,False
Clinton,2026-09-11,Boonville,,3,10,L,2.71,11.53,0.29,1.53,1.82,False,False
Clinton,2026-09-11,Sherwood,,10,5,W,9.89,6.78,0.11,1.78,1.89,False,False
Clinton,2026-09-12,Warrensburg,,0,11,L,1.94,13.92,-1.94,2.92,0.98,False,False
Clinton,2026-09-15,Oak Grove,,0,23,L,-2.58,14.87,2.58,-8.13,-5.55,False,False
Clinton,2026-09-17,Warrensburg,,0,21,L,1.94,13.92,-1.94,-7.08,-9.02,False,False
Clinton,2026-09-19,Harrisonville,,4,15,L,6.69,10.35,-2.69,-4.65,-7.34,False,False
Clinton,2026-09-19,Richmond,,2,17,L,-0.17,12.38,2.17,-4.62,-2.44,False,False
Clinton,2026-09-22,Odessa,,4,14,L,2.69,13.73,1.31,-0.27,1.04,False,False
Clinton,2026-09-24,Harrisonville,,7,8,L,6.69,10.35,0.31,2.35,2.66,False,False
Clinton,2026-09-28,Knob Noster,,2,1,W,8.96,6.75,-6.96,5.75,-1.22,False,False
Clinton,2026-09-29,Pleasant Hill,,0,15,L,-2.5,15.35,2.5,0.35,2.85,False,False
Clinton,2026-09-30,Smith-Cotton,,1,5,L,1.55,11.18,-0.55,6.18,5.63,False,False
Clinton,2026-10-01,Oak Grove,,,,,-2.58,14.87,,,,False,False
Clinton,2026-10-05,Marshall,,,,,5.56,8.47,,,,False,False
Clinton,2026-10-06,Warrensburg,,,,,1.94,13.92,,,,False,False
Clinton,2026-10-07,Oak Grove,,,,,-2.58,14.87,,,,False,False
Clinton,2026-10-08,Odessa,,,,,2.69,13.73,,,,False,False
Clinton,2026-10-12,Nevada,,,,,15.87,5.38,,,,False,False
Clinton,2026-10-13,Harrisonville,,,,,6.69,10.35,,,,False,False
Clopton,2026-08-28,Marion County,,16,4,W,19.23,-2.08,-3.23,-6.08,-9.3,False,False
Clopton,2026-08-29,Ft. Zumwalt South,,8,11,L,6.98,9.11,1.02,-1.89,-0.86,False,False
Clopton,2026-08-29,Hannibal,,3,6,L,4.24,6.34,-1.24,0.34,-0.9,False,False
Clopton,2026-09-03,Wellsville-Middletown,,15,0,W,18.27,1.59,-3.27,1.59,-1.68,False,False
Clopton,2026-09-08,South Shelby,,10,8,W,11.16,3.18,-1.16,-4.82,-5.98,False,False
Clopton,2026-09-10,Elsberry,,2,13,L,0.4,9.92,1.6,-3.08,-1.48,False,False
Clopton,2026-09-11,Canton,,4,5,L,6.0,5.87,-2.0,0.87,-1.13,False,False
Clopton,2026-09-15,North Callaway,,0,10,L,-0.11,7.75,0.11,-2.25,-2.14,False,False
Clopton,2026-09-17,Montgomery County,,2,10,L,0.2,7.92,1.8,-2.08,-0.28,False,False
Clopton,2026-09-21,St. Louis Patriots Sr.,,15,0,W,,,,,,False,False
Clopton,2026-09-22,Louisiana,,10,4,W,11.44,5.58,-1.44,1.58,0.14,False,False
Clopton,2026-09-24,Silex,,0,10,L,-1.07,9.35,1.07,-0.65,0.42,False,False
Clopton,2026-09-26,Troy Buchanan,,7,6,W,-3.74,11.62,10.74,5.62,16.36,False,False
Clopton,2026-09-26,Hannibal,,3,4,L,4.24,6.34,-1.24,2.34,1.1,False,False
Clopton,2026-09-29,Mark Twain,,5,3,W,4.05,7.12,0.95,4.12,5.07,False,False
Clopton,2026-10-01,Wright City,,,,,4.44,7.46,,,,False,False
Clopton,2026-10-03,Community,,,,,4.55,5.27,,,,False,False
Clopton,2026-10-03,Madison,,,,,10.29,2.17,,,,False,False
Clopton,2026-10-06,Bowling Green,,,,,6.67,8.92,,,,False,False
Clopton,2026-10-07,Monroe City,,,,,4.28,9.07,,,,False,False
Clopton,2026-10-08,Van-Far,,,,,8.54,6.33,,,,False,False
"Columbia Rock Bridge(Columbia, MO)",2026-09-25,Liberty,,6,0,W,,,,,,False,False
Community,2026-08-28,Wellsville-Middletown,,16,0,W,18.09,0.68,-2.09,0.68,-1.4,False,False
Community,2026-08-29,Jamestown,,16,6,W,8.08,5.36,7.92,-0.64,7.28,False,False
Community,2026-08-29,Montgomery County,,1,4,L,0.01,7.02,0.99,3.02,4.01,False,False
Community,2026-08-29,St. Clair,,12,2,W,11.01,0.89,0.99,-1.11,-0.13,False,False
Community,2026-08-31,Glasgow,,8,7,W,4.31,6.95,3.69,-0.05,3.64,False,False
Community,2026-09-03,Hermann with New Haven,,18,11,W,13.15,7.11,4.85,-3.89,0.95,False,False
Community,2026-09-08,Pilot Grove,,17,1,W,11.65,2.32,5.35,1.32,6.67,False,False
Community,2026-09-12,Madison,,7,1,W,10.1,1.26,-3.1,0.26,-2.84,False,False
Community,2026-09-12,New Franklin,,7,1,W,8.3,3.5,-1.3,2.5,1.2,False,False
Community,2026-09-12,Westran,,3,5,L,10.45,5.86,-7.45,0.86,-6.59,False,False
Community,2026-09-14,Northeast (Cairo),,9,0,W,6.32,5.6,2.68,5.6,8.28,False,False
Community,2026-09-15,Slater with Malta Bend,,2,0,W,5.24,3.3,-3.24,3.3,0.06,False,False
Community,2026-09-17,Westran,,13,5,W,10.45,5.86,2.55,0.86,3.41,False,False
Community,2026-09-18,Sturgeon,,0,2,L,7.11,2.59,-7.11,0.59,-6.52,False,False
Community,2026-09-19,Northeast (Cairo),,4,15,L,6.32,5.6,-2.32,-9.4,-11.72,False,False
Community,2026-09-19,La Plata,,14,0,W,12.98,1.82,1.02,1.82,2.84,False,False
Community,2026-09-19,Palmyra,,7,8,L,4.88,6.4,2.12,-1.6,0.52,False,False
Community,2026-09-21,New Franklin,,9,1,W,8.3,3.5,0.7,2.5,3.2,False,False
Community,2026-09-23,Silex,,4,8,L,-1.26,8.44,5.26,0.44,5.7,False,False
Community,2026-09-24,Madison,,10,0,W,10.1,1.26,-0.1,1.26,1.16,False,False
Community,2026-09-26,South Shelby,,8,2,W,10.97,2.28,-2.97,0.28,-2.7,False,False
Community,2026-09-26,Mark Twain,,5,6,L,3.86,6.22,1.14,0.22,1.36,False,False
Community,2026-09-26,Paris,,0,4,L,4.07,4.96,-4.07,0.96,-3.11,False,False
Community,2026-09-28,Mark Twain,,3,18,L,3.86,6.22,-0.86,-11.78,-12.64,False,False
Community,2026-09-29,Monroe City,,1,2,L,4.09,8.16,-3.09,6.16,3.08,False,False
Community,2026-10-01,Van-Far,,,,,8.35,5.42,,,,False,False
Community,2026-10-03,Clopton,,,,,5.27,4.55,,,,False,False
Community,2026-10-03,Madison,,,,,10.1,1.26,,,,False,False
Community,2026-10-05,Montgomery County,,,,,0.01,7.02,,,,False,False
Community,2026-10-06,Louisiana,,,,,11.25,4.67,,,,False,False
Community,2026-10-08,Marion County,,,,,19.04,-2.98,,,,False,False
Community,2026-10-09,Paris,,,,,4.07,4.96,,,,False,False
Community,2026-10-13,Elsberry,,,,,0.21,9.02,,,,False,False
Cor Jesu Academy,2026-08-27,Timberland,,5,13,L,4.69,6.76,0.31,-6.24,-5.93,False,False
Cor Jesu Academy,2026-08-28,Westminster Christian Academy,,3,4,L,5.83,6.19,-2.83,2.19,-0.65,False,False
Cor Jesu Academy,2026-08-28,Parkway South,,11,3,W,11.59,4.84,-0.59,1.84,1.25,False,False
Cor Jesu Academy,2026-08-31,Hillsboro,,15,3,W,8.94,4.16,6.06,1.16,7.22,False,False
Cor Jesu Academy,2026-08-31,Parkway Central,,2,6,L,6.92,6.36,-4.92,0.36,-4.56,False,False
Cor Jesu Academy,2026-09-01,Westminster Christian Academy,,12,11,W,5.83,6.19,6.17,-4.81,1.35,False,False
Cor Jesu Academy,2026-09-01,Parkway West,,3,1,W,5.96,5.93,-2.96,4.93,1.97,False,False
Cor Jesu Academy,2026-09-02,Eureka,,3,5,L,4.71,7.18,-1.71,2.18,0.47,False,False
Cor Jesu Academy,2026-09-03,Incarnate Word Academy,,8,5,W,9.05,3.71,-1.05,-1.29,-2.34,False,False
Cor Jesu Academy,2026-09-09,Oakville,,3,1,W,7.06,2.07,-4.06,1.07,-2.99,False,False
Cor Jesu Academy,2026-09-11,Fox,,11,4,W,9.21,3.59,1.79,-0.41,1.37,False,False
Cor Jesu Academy,2026-09-15,Westminster Christian Academy,,2,4,L,5.83,6.19,-3.83,2.19,-1.65,False,False
Cor Jesu Academy,2026-09-16,Lutheran South,,18,1,W,13.94,0.34,4.06,-0.66,3.4,False,False
Cor Jesu Academy,2026-09-17,Ursuline Academy,,16,1,W,18.24,-2.37,-2.24,-3.37,-5.61,False,False
Cor Jesu Academy,2026-09-22,St. Joseph's Academy,,14,2,W,8.98,2.67,5.02,0.67,5.7,False,False
Cor Jesu Academy,2026-09-24,St. Dominic,,5,3,W,7.72,1.99,-2.72,-1.01,-3.74,False,False
Cor Jesu Academy,2026-09-25,Seckman,,12,6,W,10.28,3.66,1.72,-2.34,-0.62,False,False
Cor Jesu Academy,2026-09-29,Hillsboro,,14,4,W,8.94,4.16,5.06,0.16,5.22,False,False
Cor Jesu Academy,2026-09-30,Rockwood Summit,,,,,10.1,3.54,,,,False,False
Cor Jesu Academy,2026-10-01,Notre Dame (St. Louis),,,,,21.7,-1.18,,,,False,False
Cor Jesu Academy,2026-10-02,Mehlville,,,,,16.38,-3.33,,,,False,False
Cor Jesu Academy,2026-10-05,Lindbergh,,,,,6.62,6.74,,,,False,False
Cor Jesu Academy,2026-10-07,Webster Groves,,,,,10.98,1.93,,,,False,False
Cor Jesu Academy,2026-10-08,Holt,,,,,14.25,3.52,,,,False,False
Cor Jesu Academy,2026-10-09,Jackson,,,,,7.18,5.09,,,,False,False
Cor Jesu Academy,2026-10-12,Parkway South,,,,,11.59,4.84,,,,False,False
Crocker,2026-08-27,South Callaway,,5,6,L,7.67,8.29,-2.67,2.29,-0.38,False,False
Crocker,2026-08-28,Vienna,,4,17,L,5.09,9.9,-1.09,-7.1,-8.19,False,False
Crocker,2026-08-31,Richland,,6,4,W,15.64,5.11,-9.64,1.11,-8.53,False,False
Crocker,2026-09-01,Iberia,,0,15,L,3.81,11.95,-3.81,-3.05,-6.86,False,False
Crocker,2026-09-03,Stoutland,,4,5,L,9.41,8.44,-5.41,3.44,-1.97,False,False
Crocker,2026-09-08,Tuscumbia,,17,7,W,11.69,7.45,5.31,0.45,5.76,False,False
Crocker,2026-09-14,Macks Creek,,16,0,W,12.75,3.9,3.25,3.9,7.15,False,False
Crocker,2026-09-17,Stoutland,,13,9,W,9.41,8.44,3.59,-0.56,3.03,False,False
Crocker,2026-09-21,Hermitage,,22,9,W,13.21,4.44,8.79,-4.56,4.23,False,False
Crocker,2026-09-22,Climax Springs,,24,8,W,21.28,2.42,2.72,-5.58,-2.85,False,False
Crocker,2026-09-23,Laquey,,18,3,W,20.27,-0.37,-2.27,-3.37,-5.64,False,False
Crocker,2026-09-24,Newburg,,11,8,W,13.06,5.81,-2.06,-2.19,-4.25,False,False
Crocker,2026-09-26,Humansville,,18,3,W,15.16,4.75,2.84,1.75,4.59,False,False
Crocker,2026-09-26,Richland,,20,2,W,15.64,5.11,4.36,3.11,7.47,False,False
Crocker,2026-09-28,Richland,,18,3,W,15.64,5.11,2.36,2.11,4.47,False,False
Crocker,2026-09-29,Osage,,0,9,L,4.08,12.24,-4.08,3.24,-0.84,False,False
Crocker,2026-10-01,Central (Springfield),,,,,,,,,,False,False
Crocker,2026-10-02,Iberia,,,,,3.81,11.95,,,,False,False
Crocker,2026-10-05,Waynesville,,,,,10.76,8.04,,,,False,False
Crocker,2026-10-06,Dixon,,,,,9.18,12.09,,,,False,False
Crocker,2026-10-08,St. James,,,,,10.75,5.37,,,,False,False
Crocker,2026-10-12,St. Elizabeth,,,,,2.12,13.18,,,,False,False
Cuba,2026-08-27,Rolla,,3,25,L,-2.47,24.25,5.47,-0.75,4.72,False,False
Cuba,2026-09-01,Pacific,,0,18,L,-0.98,23.18,0.98,5.18,6.16,False,False
Cuba,2026-09-08,Richland,,7,24,L,9.74,17.76,-2.74,-6.24,-8.98,False,False
Cuba,2026-09-10,Sullivan,,0,17,L,-2.05,25.91,2.05,8.91,10.96,False,False
Cuba,2026-09-12,Newburg,,5,9,L,7.15,18.46,-2.15,9.46,7.3,False,False
Cuba,2026-09-12,Hermann with New Haven,,3,22,L,8.49,24.31,-5.49,2.31,-3.18,False,False
Cuba,2026-09-12,St. James,,2,17,L,4.85,18.02,-2.85,1.02,-1.83,False,False
Cuba,2026-09-14,St. James,,4,14,L,4.85,18.02,-0.85,4.02,3.17,False,False
Cuba,2026-09-15,Jefferson (Festus),,5,23,L,2.15,21.88,2.85,-1.12,1.73,False,False
Cuba,2026-09-22,Newburg,,25,31,L,7.15,18.46,17.85,-12.54,5.3,False,False
Cuba,2026-09-24,Hancock,,3,17,L,5.52,19.34,-2.52,2.34,-0.18,False,False
Cuba,2026-09-24,Perryville,,0,14,L,2.95,21.57,-2.95,7.57,4.62,False,False
Cuba,2026-09-28,Hermann with New Haven,,1,28,L,8.49,24.31,-7.49,-3.69,-11.18,False,False
Cuba,2026-09-29,Vienna,,0,16,L,-0.82,22.55,0.82,6.55,7.36,False,False
Cuba,2026-09-30,Hancock,,8,23,L,5.52,19.34,2.48,-3.66,-1.18,False,False
Cuba,2026-10-05,Owensville,,,,,1.01,23.96,,,,False,False
Cuba,2026-10-08,St. Clair,,,,,6.35,18.09,,,,False,False
Cuba,2026-10-12,Newburg,,,,,7.15,18.46,,,,False,False
Dadeville with Everton,2026-08-28,Republic,,3,2,W,3.08,6.38,-0.08,4.38,4.3,False,False
Dadeville with Everton,2026-08-28,McDonald County,,5,6,L,2.62,8.91,2.38,2.91,5.29,False,False
Dadeville with Everton,2026-08-29,Bolivar,,0,10,L,3.32,8.5,-3.32,-1.5,-4.82,False,False
Dadeville with Everton,2026-08-29,Cassville,,1,0,W,3.38,4.07,-2.38,4.07,1.69,False,False
Dadeville with Everton,2026-08-31,Wheatland,,7,2,W,7.98,2.08,-0.98,0.08,-0.9,False,False
Dadeville with Everton,2026-09-01,Humansville,,20,7,W,14.49,-0.68,5.51,-7.68,-2.17,False,False
Dadeville with Everton,2026-09-08,Fair Play,,16,1,W,23.17,-8.72,-7.17,-9.72,-16.89,False,False
Dadeville with Everton,2026-09-11,Aurora,,7,3,W,4.83,3.54,2.17,0.54,2.71,False,False
Dadeville with Everton,2026-09-11,Norwood,,12,7,W,8.94,2.33,3.06,-4.67,-1.61,False,False
Dadeville with Everton,2026-09-12,Halfway,,3,7,L,4.35,4.44,-1.35,-2.56,-3.91,False,False
Dadeville with Everton,2026-09-15,Central (Springfield),,20,0,W,,,,,,False,False
Dadeville with Everton,2026-09-17,Walnut Grove,,18,3,W,18.85,-0.55,-0.85,-3.55,-4.4,False,False
Dadeville with Everton,2026-09-18,Hartville,,9,2,W,7.35,3.81,1.65,1.81,3.46,False,False
Dadeville with Everton,2026-09-21,Montrose with Appleton City,,16,0,W,16.14,-0.79,-0.14,-0.79,-0.93,False,False
Dadeville with Everton,2026-09-22,Parkview,,19,0,W,17.75,-4.51,1.25,-4.51,-3.26,False,False
Dadeville with Everton,2026-09-25,Macks Creek,,11,1,W,12.08,-1.53,-1.08,-2.53,-3.62,False,False
Dadeville with Everton,2026-09-29,Weaubleau,,9,0,W,10.84,0.98,-1.84,0.98,-0.86,False,False
Dadeville with Everton,2026-10-01,Halfway,,,,,4.35,4.44,,,,False,False
Dadeville with Everton,2026-10-02,Macks Creek,,,,,12.08,-1.53,,,,False,False
Dadeville with Everton,2026-10-08,Hermitage,,,,,12.54,-0.99,,,,False,False
Dadeville with Everton,2026-10-09,East Carter,,,,,8.33,1.96,,,,False,False
Dadeville with Everton,2026-10-09,Norwood,,,,,8.94,2.33,,,,False,False
"Dale(Dale , OK)",2026-09-19,Joplin,,5,0,W,,,,,,False,False
"Dale(Dale, OK)",2026-09-18,Kickapoo,,4,2,W,,,,,,False,False
"Dale(Dale, OK)",2026-09-18,Branson,,10,3,W,,,,,,False,False
"Dale(Dale, OK)",2026-09-19,Nixa,,18,7,W,,,,,,False,False
DeKalb,2026-09-01,North Platte,,0,15,L,5.59,12.04,-5.59,-2.96,-8.55,False,False
DeKalb,2026-09-02,Maysville,,4,6,L,4.75,10.19,-0.75,4.19,3.44,False,False
DeKalb,2026-09-03,East Buchanan,,10,4,W,11.97,6.17,-1.97,2.17,0.21,False,False
DeKalb,2026-09-10,Jefferson (Conception) with South Nodaway,,10,12,L,8.6,10.81,1.4,-1.19,0.21,False,False
DeKalb,2026-09-12,Maysville,,1,13,L,4.75,10.19,-3.75,-2.81,-6.56,False,False
DeKalb,2026-09-12,East Buchanan,,17,4,W,11.97,6.17,5.03,2.17,7.21,False,False
DeKalb,2026-09-24,Stewartsville with Osborn,,17,7,W,11.73,5.48,5.27,-1.52,3.74,False,False
DeKalb,2026-09-29,Albany,,,,,2.4,9.72,,,,False,False
DeKalb,2026-09-30,Northeast Nodaway,,,,,10.86,7.48,,,,False,False
DeKalb,2026-10-01,Northeast Nodaway,,,,,10.86,7.48,,,,False,False
DeKalb,2026-10-03,Benton,,,,,2.86,12.33,,,,False,False
DeKalb,2026-10-08,North Andrew,,,,,3.56,9.18,,,,False,False
DeKalb,2026-10-12,Maryville,,,,,16.09,3.34,,,,False,False
DeKalb,2026-10-12,Jefferson (Conception) with South Nodaway,,,,,8.6,10.81,,,,False,False
DeSoto,2026-08-27,Northwest (Cedar Hill),,1,11,L,1.45,10.86,-0.45,-0.14,-0.6,False,False
DeSoto,2026-08-28,Farmington,,0,10,L,4.0,10.45,-4.0,0.45,-3.56,False,False
DeSoto,2026-08-29,Perryville,,5,9,L,6.96,6.94,-1.96,-2.06,-4.03,False,False
DeSoto,2026-08-29,Doniphan,,2,19,L,-0.84,12.22,2.84,-6.78,-3.94,False,False
DeSoto,2026-09-02,Union,,3,13,L,6.95,10.15,-3.95,-2.85,-6.79,False,False
DeSoto,2026-09-08,Herculaneum with Crystal City,,14,1,W,14.85,2.79,-0.85,1.79,0.95,False,False
DeSoto,2026-09-10,Fredericktown,,8,3,W,4.03,7.36,3.97,4.36,8.33,False,False
DeSoto,2026-09-11,North County,,3,6,L,1.71,10.07,1.29,4.07,5.37,False,False
DeSoto,2026-09-12,Ritenour,,7,11,L,7.69,7.58,-0.69,-3.42,-4.11,False,False
DeSoto,2026-09-12,Webster Groves,,4,8,L,3.63,8.37,0.37,0.37,0.74,False,False
DeSoto,2026-09-14,Lutheran South,,4,5,L,6.59,6.78,-2.59,1.78,-0.81,False,False
DeSoto,2026-09-15,Festus,,0,10,L,-1.19,11.23,1.19,1.23,2.43,False,False
DeSoto,2026-09-17,Van Buren,,,,,,,,,,False,False
DeSoto,2026-09-22,Hillsboro,,2,8,L,1.59,10.6,0.41,2.6,3.01,False,False
DeSoto,2026-09-24,Windsor (Imperial),,3,15,L,-0.07,11.14,3.07,-3.86,-0.79,False,False
DeSoto,2026-09-30,St. Clair,,17,2,W,10.36,3.46,6.64,1.46,8.1,False,False
DeSoto,2026-10-01,Perryville,,,,,6.96,6.94,,,,False,False
DeSoto,2026-10-05,Parkway South,,,,,4.24,11.28,,,,False,False
DeSoto,2026-10-06,Jefferson (Festus),,,,,6.17,7.25,,,,False,False
DeSoto,2026-10-08,Saxony Lutheran with St. Vincent,,,,,4.07,7.99,,,,False,False
Dixon,2026-08-27,Russellville,,2,17,L,7.33,11.01,-5.33,-5.99,-11.32,False,False
Dixon,2026-08-28,Owensville,,8,14,L,8.86,10.34,-0.86,-3.66,-4.52,False,False
Dixon,2026-08-31,Laquey,,20,1,W,22.21,-1.34,-2.21,-2.34,-4.56,False,False
Dixon,2026-09-02,Stoutland,,10,0,W,11.35,7.46,-1.35,7.46,6.12,False,False
Dixon,2026-09-03,Iberia,,2,9,L,5.76,10.98,-3.76,1.98,-1.77,False,False
Dixon,2026-09-08,Laquey,,15,0,W,22.21,-1.34,-7.21,-1.34,-8.56,False,False
Dixon,2026-09-09,Camdenton,,18,5,W,13.96,6.46,4.04,1.46,5.5,False,False
Dixon,2026-09-10,Vienna,,10,11,L,7.03,8.93,2.97,-2.07,0.9,False,False
Dixon,2026-09-11,St. James,,20,2,W,12.7,4.4,7.3,2.4,9.71,False,False
Dixon,2026-09-12,Weaubleau,,15,13,W,13.45,5.44,1.55,-7.56,-6.01,False,False
Dixon,2026-09-12,Humansville,,14,7,W,17.1,3.78,-3.1,-3.22,-6.32,False,False
Dixon,2026-09-14,Waynesville,,22,8,W,12.7,7.07,9.3,-0.93,8.37,False,False
Dixon,2026-09-15,Hartville,,9,11,L,9.96,8.27,-0.96,-2.73,-3.69,False,False
Dixon,2026-09-17,Climax Springs,,25,3,W,23.22,1.45,1.78,-1.55,0.24,False,False
Dixon,2026-09-21,Tuscumbia,,19,0,W,13.63,6.48,5.37,6.48,11.85,False,False
Dixon,2026-09-22,Richland,,16,1,W,17.59,4.14,-1.59,3.14,1.56,False,False
Dixon,2026-09-24,Iberia,,2,6,L,5.76,10.98,-3.76,4.98,1.23,False,False
Dixon,2026-09-26,South Callaway,,6,9,L,9.61,7.31,-3.61,-1.69,-5.29,False,False
Dixon,2026-09-26,St. James,,11,2,W,12.7,4.4,-1.7,2.4,0.71,False,False
Dixon,2026-09-29,Macks Creek,,12,5,W,14.69,2.93,-2.69,-2.07,-4.77,False,False
Dixon,2026-09-30,Stoutland,,12,5,W,11.35,7.46,0.65,2.46,3.12,False,False
Dixon,2026-10-01,Newburg,,,,,15.0,4.84,,,,False,False
Dixon,2026-10-05,Eldon,,,,,3.48,9.2,,,,False,False
Dixon,2026-10-06,Crocker,,,,,12.09,9.18,,,,False,False
Dixon,2026-10-09,Wheatland,,,,,10.59,6.54,,,,False,False
Doniphan,2026-08-29,DeSoto,,19,2,W,12.22,-0.84,6.78,-2.84,3.94,False,False
Doniphan,2026-08-29,Perryville,,15,0,W,12.91,-0.18,2.09,-0.18,1.91,False,False
Doniphan,2026-08-29,Seckman,,6,0,W,8.88,2.98,-2.88,2.98,0.1,False,False
Doniphan,2026-09-03,Kelly,,9,4,W,6.45,2.14,2.55,-1.86,0.68,False,False
Doniphan,2026-09-03,Chaffee,,2,12,L,4.76,7.53,-2.76,-4.47,-7.23,False,False
Doniphan,2026-09-08,Twin Rivers,,5,1,W,10.9,3.46,-5.9,2.46,-3.44,False,False
Doniphan,2026-09-10,Kelly,,1,0,W,6.45,2.14,-5.45,2.14,-3.32,False,False
Doniphan,2026-09-14,Notre Dame (Cape Girardeau),,14,6,W,7.38,4.08,6.62,-1.92,4.7,False,False
Doniphan,2026-09-15,East Carter,,15,1,W,13.06,-1.7,1.94,-2.7,-0.76,False,False
Doniphan,2026-09-19,Centralia,,1,4,L,3.32,5.7,-2.32,1.7,-0.62,False,False
Doniphan,2026-09-21,Twin Rivers,,16,0,W,10.9,3.46,5.1,3.46,8.56,False,False
Doniphan,2026-10-01,Neelyville,,,,,11.29,-0.73,,,,False,False
Doniphan,2026-10-01,Van Buren,,,,,,,,,,False,False
Doniphan,2026-10-02,Sikeston,,,,,19.23,-3.08,,,,False,False
Doniphan,2026-10-03,Kelly,,,,,6.45,2.14,,,,False,False
Doniphan,2026-10-05,Jackson,,,,,5.78,4.41,,,,False,False
Doniphan,2026-10-06,Naylor,,,,,11.54,-3.27,,,,False,False
Doniphan,2026-10-09,Hartville,,,,,12.08,0.14,,,,False,False
Doniphan,2026-10-09,Kelly,,,,,6.45,2.14,,,,False,False
Doniphan,2026-10-10,Parkway South,,,,,10.19,4.16,,,,False,False
Doniphan,2026-10-13,Chaffee,,,,,4.76,7.53,,,,False,False
East Buchanan,2026-08-29,Lone Jack,,5,13,L,2.12,12.31,2.88,-0.69,2.19,False,False
East Buchanan,2026-08-29,North Platte,,3,11,L,2.71,14.96,0.29,3.96,4.24,False,False
East Buchanan,2026-08-29,Lexington,,8,13,L,8.7,13.25,-0.7,0.25,-0.46,False,False
East Buchanan,2026-09-01,Bishop LeBlond,,13,12,W,12.73,12.03,0.27,0.03,0.3,False,False
East Buchanan,2026-09-03,DeKalb,,4,10,L,6.17,11.97,-2.17,1.97,-0.21,False,False
East Buchanan,2026-09-07,St. Pius X (Kansas City),,4,14,L,2.68,10.48,1.32,-3.52,-2.2,False,False
East Buchanan,2026-09-08,St. Teresa's Academy,,4,10,L,3.15,11.41,0.85,1.41,2.26,False,False
East Buchanan,2026-09-10,Penney,,0,15,L,3.16,12.37,-3.16,-2.63,-5.79,False,False
East Buchanan,2026-09-12,DeKalb,,4,17,L,6.17,11.97,-2.17,-5.03,-7.21,False,False
East Buchanan,2026-09-12,Maysville,,8,22,L,1.87,13.11,6.13,-8.89,-2.77,False,False
East Buchanan,2026-09-17,Mid-Buchanan,,1,11,L,-0.74,16.36,1.74,5.36,7.1,False,False
East Buchanan,2026-09-21,Polo,,8,13,L,8.17,11.82,-0.17,-1.18,-1.35,False,False
East Buchanan,2026-09-23,Maryville,,17,7,W,13.22,6.26,3.78,-0.74,3.04,False,False
East Buchanan,2026-09-24,West Platte,,1,12,L,-1.2,14.41,2.2,2.41,4.6,False,False
East Buchanan,2026-09-28,Northeast Nodaway,,4,3,W,7.98,10.4,-3.98,7.4,3.42,False,False
East Buchanan,2026-10-01,Plattsburg,,,,,15.9,4.11,,,,False,False
East Buchanan,2026-10-05,Gallatin,,,,,1.78,11.64,,,,False,False
East Buchanan,2026-10-06,Lathrop,,,,,0.75,18.37,,,,False,False
East Buchanan,2026-10-07,Stewartsville with Osborn,,,,,8.86,8.39,,,,False,False
East Buchanan,2026-10-08,North Platte,,,,,2.71,14.96,,,,False,False
East Buchanan,2026-10-12,Lawson,,,,,2.6,15.58,,,,False,False
East Carter,2026-08-27,Kelly,,0,8,L,-0.36,10.08,0.36,2.08,2.44,False,False
East Carter,2026-08-28,Twin Rivers,,6,8,L,4.09,11.4,1.91,3.4,5.32,False,False
East Carter,2026-09-01,Central (Cape Girardeau),,11,3,W,10.35,7.47,0.65,4.47,5.12,False,False
East Carter,2026-09-01,Perryville,,1,9,L,6.1,7.77,-5.1,-1.23,-6.33,False,False
East Carter,2026-09-03,Naylor,,10,4,W,4.73,4.68,5.27,0.68,5.95,False,False
East Carter,2026-09-08,Poplar Bluff,,8,22,L,4.67,11.52,3.33,-10.48,-7.14,False,False
East Carter,2026-09-11,Chaffee,,6,16,L,-2.05,15.48,8.05,-0.52,7.52,False,False
East Carter,2026-09-14,Neelyville,,2,17,L,4.48,7.22,-2.48,-9.78,-12.27,False,False
East Carter,2026-09-15,Doniphan,,1,15,L,-1.7,13.06,2.7,-1.94,0.76,False,False
East Carter,2026-09-21,Norwood,,3,2,W,6.86,6.61,-3.86,4.61,0.75,False,False
East Carter,2026-09-22,Van Buren,,,,,,,,,,False,False
East Carter,2026-09-25,Halfway,,5,1,W,2.28,8.73,2.72,7.73,10.45,False,False
East Carter,2026-09-25,Hartville,,0,11,L,5.27,8.09,-5.27,-2.91,-8.18,False,False
East Carter,2026-09-25,Weaubleau,,10,2,W,8.76,5.26,1.24,3.26,4.51,False,False
East Carter,2026-09-28,Saxony Lutheran with St. Vincent,,4,9,L,3.21,8.82,0.79,-0.18,0.61,False,False
East Carter,2026-10-01,North County,,,,,0.85,10.91,,,,False,False
East Carter,2026-10-05,Naylor,,,,,4.73,4.68,,,,False,False
East Carter,2026-10-06,Sikeston,,,,,12.42,4.86,,,,False,False
East Carter,2026-10-08,Twin Rivers,,,,,4.09,11.4,,,,False,False
East Carter,2026-10-09,Dadeville with Everton,,,,,1.96,8.33,,,,False,False
East Carter,2026-10-09,Norwood,,,,,6.86,6.61,,,,False,False
"Eaton(Eaton, CO)",2026-08-28,Blue Springs,,2,13,L,,,,,,False,False
"Eaton(Eaton, CO)",2026-08-29,Park Hill,,5,8,L,,,,,,False,False
"Eaton(Eaton, CO)",2026-08-29,Raymore-Peculiar,,0,7,L,,,,,,False,False
Eldon,2026-08-27,New Bloomfield,,3,2,W,6.98,1.2,-3.98,-0.8,-4.78,False,False
Eldon,2026-08-29,Harrisburg,,1,5,L,1.0,5.71,0.0,0.71,0.71,False,False
Eldon,2026-08-29,Hallsville with Christian Fellowship Sr.,,6,0,W,4.41,2.54,1.59,2.54,4.14,False,False
Eldon,2026-09-01,Fulton,,12,2,W,12.91,0.68,-0.91,-1.32,-2.24,False,False
Eldon,2026-09-03,Southern Boone,,1,13,L,0.64,6.27,0.36,-6.73,-6.37,False,False
Eldon,2026-09-05,Lebanon,,8,4,W,9.07,2.68,-1.07,-1.32,-2.39,False,False
Eldon,2026-09-08,California,,14,4,W,7.64,1.05,6.36,-2.95,3.41,False,False
Eldon,2026-09-10,Blair Oaks,,1,2,L,2.6,3.53,-1.6,1.53,-0.08,False,False
Eldon,2026-09-11,Mid-Buchanan,,5,3,W,2.97,5.11,2.03,2.11,4.14,False,False
Eldon,2026-09-11,Elsberry,,3,6,L,1.47,4.96,1.53,-1.04,0.49,False,False
Eldon,2026-09-12,Marshall,,12,0,W,8.48,-1.57,3.52,-1.57,1.95,False,False
Eldon,2026-09-12,Willard,,1,9,L,0.17,8.58,0.83,-0.42,0.41,False,False
Eldon,2026-09-15,Eugene,,4,0,W,2.57,5.21,1.43,5.21,6.64,False,False
Eldon,2026-09-17,Osage,,4,0,W,4.1,3.62,-0.1,3.62,3.52,False,False
Eldon,2026-09-22,Jamestown,,14,1,W,9.34,1.3,4.66,0.3,4.96,False,False
Eldon,2026-09-24,Fulton,,12,7,W,12.91,0.68,-0.91,-6.32,-7.24,False,False
Eldon,2026-09-26,Lone Jack,,0,2,L,5.84,1.06,-5.84,-0.94,-6.78,False,False
Eldon,2026-09-26,California,,4,3,W,7.64,1.05,-3.64,-1.95,-5.59,False,False
Eldon,2026-09-28,Owensville,,4,2,W,6.94,2.7,-2.94,0.7,-2.24,False,False
Eldon,2026-10-01,Hallsville with Christian Fellowship Sr.,,,,,4.41,2.54,,,,False,False
Eldon,2026-10-03,Wright City,,,,,5.51,2.5,,,,False,False
Eldon,2026-10-05,Dixon,,,,,9.2,3.48,,,,False,False
Eldon,2026-10-06,Russellville,,,,,5.41,3.37,,,,False,False
Eldon,2026-10-08,Boonville,,,,,5.63,1.5,,,,False,False
Eldon,2026-10-12,Battle,,,,,5.69,3.37,,,,False,False
"Elkhorn North(Omaha , NE)",2026-09-04,Rock Bridge,,3,6,L,,,,,,False,False
Elsberry,2026-08-28,St. Francis Borgia,,18,5,W,7.46,4.43,10.54,-0.57,9.97,False,False
Elsberry,2026-08-28,Jefferson City,,11,7,W,11.37,2.38,-0.37,-4.62,-4.99,False,False
Elsberry,2026-08-29,Warrenton,,9,1,W,8.31,1.45,0.69,0.45,1.14,False,False
Elsberry,2026-08-29,Festus,,4,10,L,4.12,4.52,-0.12,-5.48,-5.6,False,False
Elsberry,2026-08-31,Wellsville-Middletown,,20,0,W,22.74,-3.46,-2.74,-3.46,-6.2,False,False
Elsberry,2026-09-03,Wright City,,9,2,W,8.91,2.41,0.09,0.41,0.5,False,False
Elsberry,2026-09-04,Westminster Christian Academy,,2,7,L,3.79,5.91,-1.79,-1.09,-2.88,False,False
Elsberry,2026-09-08,Bowling Green,,11,1,W,11.14,3.87,-0.14,2.87,2.73,False,False
Elsberry,2026-09-10,Clopton,,13,2,W,9.92,0.4,3.08,-1.6,1.48,False,False
Elsberry,2026-09-11,Eldon,,6,3,W,4.96,1.47,1.04,-1.53,-0.49,False,False
Elsberry,2026-09-11,Mid-Buchanan,,3,4,L,6.37,5.03,-3.37,1.03,-2.35,False,False
Elsberry,2026-09-12,Westminster Christian Academy,,1,5,L,3.79,5.91,-2.79,0.91,-1.88,False,False
Elsberry,2026-09-12,Marshall,,9,2,W,11.88,-1.66,-2.88,-3.66,-6.54,False,False
Elsberry,2026-09-15,Van-Far,,4,3,W,13.01,1.28,-9.01,-1.72,-10.73,False,False
Elsberry,2026-09-17,North Callaway,,2,0,W,4.36,2.7,-2.36,2.7,0.34,False,False
Elsberry,2026-09-21,Palmyra,,10,5,W,9.54,2.26,0.46,-2.74,-2.28,False,False
Elsberry,2026-09-22,Monroe City,,10,1,W,8.74,4.02,1.26,3.02,4.27,False,False
Elsberry,2026-09-24,Louisiana,,16,1,W,15.91,0.52,0.09,-0.48,-0.38,False,False
Elsberry,2026-09-26,Silex,,4,3,W,3.4,4.3,0.6,1.3,1.9,False,False
Elsberry,2026-09-26,Monroe City,,12,2,W,8.74,4.02,3.26,2.02,5.27,False,False
Elsberry,2026-09-26,"Troy JV(Troy, MO)",,15,0,W,,,,,,False,False
Elsberry,2026-09-28,Silex,,4,6,L,3.4,4.3,0.6,-1.7,-1.1,False,False
Elsberry,2026-09-29,Mexico,,6,3,W,6.17,5.14,-0.17,2.14,1.97,False,False
Elsberry,2026-09-30,Highland,,4,3,W,6.19,6.37,-2.19,3.37,1.18,False,False
Elsberry,2026-10-01,Mark Twain,,,,,8.52,2.07,,,,False,False
Elsberry,2026-10-05,Marquette,,,,,4.13,5.04,,,,False,False
Elsberry,2026-10-06,Montgomery County,,,,,4.67,2.87,,,,False,False
Elsberry,2026-10-08,Winfield,,,,,3.75,4.06,,,,False,False
Elsberry,2026-10-10,Troy Buchanan,,,,,0.73,6.57,,,,False,False
Elsberry,2026-10-13,Community,,,,,9.02,0.21,,,,False,False
Eugene,2026-08-27,Osage,,12,2,W,7.76,4.64,4.24,2.64,6.88,False,False
Eugene,2026-08-29,Fayette,,7,0,W,5.91,2.01,1.09,2.01,3.09,False,False
Eugene,2026-08-29,Wright City,,9,6,W,9.16,3.51,-0.16,-2.49,-2.65,False,False
Eugene,2026-08-29,Kirksville,,7,2,W,7.1,4.84,-0.1,2.84,2.74,False,False
Eugene,2026-08-31,California,,7,1,W,11.29,2.07,-4.29,1.07,-3.23,False,False
Eugene,2026-09-03,Blair Oaks,,7,8,L,6.26,4.54,0.74,-3.46,-2.72,False,False
Eugene,2026-09-08,Fulton,,24,1,W,16.57,1.69,7.43,0.69,8.13,False,False
Eugene,2026-09-10,Harrisburg,,2,3,L,4.65,6.72,-2.65,3.72,1.07,False,False
Eugene,2026-09-14,Iberia,,7,10,L,7.49,4.36,-0.49,-5.64,-6.14,False,False
Eugene,2026-09-15,Eldon,,0,4,L,5.21,2.57,-5.21,-1.43,-6.64,False,False
Eugene,2026-09-17,Russellville,,11,2,W,9.06,4.38,1.94,2.38,4.32,False,False
Eugene,2026-09-21,Fayette,,3,1,W,5.91,2.01,-2.91,1.01,-1.91,False,False
Eugene,2026-09-24,South Callaway,,21,3,W,11.34,0.69,9.66,-2.31,7.34,False,False
Eugene,2026-09-26,Owensville,,12,5,W,10.59,3.72,1.41,-1.28,0.12,False,False
Eugene,2026-09-26,Waynesville,,11,0,W,14.43,0.44,-3.43,0.44,-2.99,False,False
Eugene,2026-09-28,New Bloomfield,,12,3,W,10.63,2.22,1.37,-0.78,0.59,False,False
Eugene,2026-09-29,Camdenton,,10,0,W,15.69,-0.16,-5.69,-0.16,-5.86,False,False
Eugene,2026-10-01,Linn,,,,,5.77,6.04,,,,False,False
Eugene,2026-10-05,Vienna,,,,,8.76,2.3,,,,False,False
Eugene,2026-10-06,St. Elizabeth,,,,,5.8,5.58,,,,False,False
Eugene,2026-10-08,Fatima,,,,,5.08,5.9,,,,False,False
Eugene,2026-10-12,Tuscumbia,,,,,15.37,-0.15,,,,False,False
Eureka,2026-08-27,Francis Howell North,,2,4,L,6.11,4.21,-4.11,0.21,-3.9,False,False
Eureka,2026-08-31,Holt,,17,0,W,14.25,1.05,2.75,1.05,3.8,False,False
Eureka,2026-08-31,Parkway North with Principia,,18,1,W,20.27,-5.04,-2.27,-6.04,-8.32,False,False
Eureka,2026-09-01,Francis Howell North,,11,1,W,6.11,4.21,4.89,3.21,8.1,False,False
Eureka,2026-09-01,Kirkwood,,7,3,W,10.67,-2.05,-3.67,-5.05,-8.72,False,False
Eureka,2026-09-02,Cor Jesu Academy,,5,3,W,7.18,4.71,-2.18,1.71,-0.47,False,False
Eureka,2026-09-10,Rockwood Summit,,3,2,W,10.1,1.07,-7.1,-0.93,-8.03,False,False
Eureka,2026-09-12,Union,,14,0,W,14.3,1.24,-0.3,1.24,0.94,False,False
Eureka,2026-09-12,Washington,,7,4,W,6.41,4.49,0.59,0.49,1.08,False,False
Eureka,2026-09-15,St. Francis Borgia,,10,0,W,9.5,2.23,0.5,2.23,2.73,False,False
Eureka,2026-09-16,Marquette,,10,0,W,6.17,2.84,3.83,2.84,6.67,False,False
Eureka,2026-09-21,Troy Buchanan,,2,6,L,2.77,4.37,-0.77,-1.63,-2.4,False,False
Eureka,2026-09-22,Parkway West,,11,4,W,5.96,3.46,5.04,-0.54,4.5,False,False
Eureka,2026-09-23,Francis Howell,,5,9,L,3.27,3.78,1.73,-5.22,-3.49,False,False
Eureka,2026-09-25,Westminster Christian Academy,,2,4,L,5.83,3.71,-3.83,-0.29,-4.12,False,False
Eureka,2026-09-29,Parkway South,,12,0,W,11.59,2.37,0.41,2.37,2.78,False,False
Eureka,2026-09-30,Lindbergh,,6,5,W,6.62,4.27,-0.62,-0.73,-1.35,False,False
Eureka,2026-10-01,St. Joseph's Academy,,,,,8.98,0.2,,,,False,False
Eureka,2026-10-05,Northwest (Cedar Hill),,,,,8.8,1.94,,,,False,False
Eureka,2026-10-06,Incarnate Word Academy,,,,,9.05,1.24,,,,False,False
Eureka,2026-10-08,Lafayette (Wildwood),,,,,6.29,4.0,,,,False,False
Eureka,2026-10-12,St. Dominic,,,,,7.72,-0.49,,,,False,False
Excelsior Springs,2026-09-01,Cameron,,7,8,L,5.59,6.26,1.41,-1.74,-0.34,False,False
Excelsior Springs,2026-09-02,Pleasant Hill,,1,6,L,1.96,7.63,-0.96,1.63,0.67,False,False
Excelsior Springs,2026-09-03,South Harrison,,7,10,L,4.35,7.8,2.65,-2.2,0.45,False,False
Excelsior Springs,2026-09-08,Odessa,,6,7,L,7.14,6.0,-1.14,-1.0,-2.14,False,False
Excelsior Springs,2026-09-10,Chillicothe,,0,6,L,-1.14,9.11,1.14,3.11,4.25,False,False
Excelsior Springs,2026-09-14,Bishop LeBlond,,7,0,W,17.97,3.09,-10.97,3.09,-7.88,False,False
Excelsior Springs,2026-09-17,Smithville,,5,12,L,5.23,8.14,-0.23,-3.86,-4.1,False,False
Excelsior Springs,2026-09-19,Sherwood,,18,2,W,14.34,-0.95,3.66,-2.95,0.71,False,False
Excelsior Springs,2026-09-19,Lawson,,10,0,W,7.84,6.64,2.16,6.64,8.8,False,False
Excelsior Springs,2026-09-24,Maryville,,18,5,W,18.47,-2.68,-0.47,-7.68,-8.15,False,False
Excelsior Springs,2026-09-28,Richmond,,1,3,L,4.28,4.66,-3.28,1.66,-1.62,False,False
Excelsior Springs,2026-09-30,Savannah,,1,11,L,4.0,10.43,-3.0,-0.57,-3.57,False,False
Excelsior Springs,2026-10-03,North Kansas City,,,,,17.2,0.01,,,,False,False
Excelsior Springs,2026-10-05,St. Pius X (Kansas City),,,,,7.93,1.54,,,,False,False
Excelsior Springs,2026-10-06,Kearney,,,,,3.59,6.9,,,,False,False
Excelsior Springs,2026-10-07,Warrensburg,,,,,6.39,6.19,,,,False,False
Excelsior Springs,2026-10-08,Benton,,,,,5.23,6.31,,,,False,False
Fair Play,2026-08-28,Montrose with Appleton City,,4,8,L,3.39,18.34,0.61,10.34,10.96,False,False
Fair Play,2026-08-29,Climax Springs,,1,13,L,7.85,16.12,-6.85,3.12,-3.72,False,False
Fair Play,2026-08-29,Weaubleau,,1,13,L,-1.92,20.11,2.92,7.11,10.03,False,False
Fair Play,2026-09-01,Macks Creek,,1,17,L,-0.68,17.6,1.68,0.6,2.27,False,False
Fair Play,2026-09-03,Montrose with Appleton City,,4,19,L,3.39,18.34,0.61,-0.66,-0.04,False,False
Fair Play,2026-09-08,Dadeville with Everton,,1,16,L,-8.72,23.17,9.72,7.17,16.89,False,False
Fair Play,2026-09-10,Parkview,,5,20,L,4.99,14.62,0.01,-5.38,-5.37,False,False
Fair Play,2026-09-11,Wheatland,,6,19,L,-4.78,21.21,10.78,2.21,12.99,False,False
Fair Play,2026-09-15,Hermitage,,1,17,L,-0.22,18.14,1.22,1.14,2.36,False,False
Fair Play,2026-09-17,Halfway,,1,11,L,-8.4,23.57,9.4,12.57,21.98,False,False
Fair Play,2026-09-21,Walnut Grove,,2,25,L,6.1,18.58,-4.1,-6.42,-10.51,False,False
Fair Play,2026-09-24,Weaubleau,,0,15,L,-1.92,20.11,1.92,5.11,7.03,False,False
Fair Play,2026-09-25,Central (Springfield),,16,1,W,,,,,,False,False
Fair Play,2026-09-29,Climax Springs,,9,23,L,7.85,16.12,1.15,-6.88,-5.72,False,False
Fair Play,2026-10-06,Humansville,,,,,1.73,18.45,,,,False,False
"Falls City(Falls City , NE)",2026-09-10,Bishop LeBlond,,7,0,W,,,,,,False,False
"Falls City(Falls City, NE)",2026-09-05,Maysville,,8,9,L,,,,,,False,False
"Falls City(Falls City, NE)",2026-09-12,Cameron,,9,13,L,,,,,,False,False
Farmington,2026-08-27,Fox,,3,4,L,6.04,7.76,-3.04,3.76,0.72,False,False
Farmington,2026-08-28,DeSoto,,10,0,W,10.45,4.0,-0.45,4.0,3.56,False,False
Farmington,2026-08-31,Northwest (Cedar Hill),,1,12,L,5.63,8.59,-4.63,-3.41,-8.04,False,False
Farmington,2026-09-01,Festus,,3,10,L,2.98,8.96,0.02,-1.04,-1.02,False,False
Farmington,2026-09-03,North County,,15,6,W,5.88,7.8,9.12,1.8,10.92,False,False
Farmington,2026-09-08,Fredericktown,,5,4,W,8.21,5.09,-3.21,1.09,-2.12,False,False
Farmington,2026-09-09,Notre Dame (Cape Girardeau),,10,11,L,5.6,8.92,4.4,-2.08,2.32,False,False
Farmington,2026-09-14,Oakville,,5,6,L,3.88,6.24,1.12,0.24,1.36,False,False
Farmington,2026-09-15,Hillsboro,,1,12,L,5.77,8.33,-4.77,-3.67,-8.44,False,False
Farmington,2026-09-16,Jackson,,0,4,L,4.01,9.26,-4.01,5.26,1.25,False,False
Farmington,2026-09-18,Fox,,5,4,W,6.04,7.76,-1.04,3.76,2.72,False,False
Farmington,2026-09-21,Poplar Bluff,,12,7,W,9.7,8.42,2.3,1.42,3.72,False,False
Farmington,2026-09-22,Central (Cape Girardeau),,21,5,W,15.38,4.36,5.62,-0.64,4.98,False,False
Farmington,2026-09-24,Seckman,,9,10,L,7.1,7.83,1.9,-2.17,-0.28,False,False
Farmington,2026-09-28,Windsor (Imperial),,6,10,L,4.11,8.87,1.89,-1.13,0.77,False,False
Farmington,2026-09-29,Kelly,,2,12,L,4.68,6.98,-2.68,-5.02,-7.7,False,False
Farmington,2026-09-30,Herculaneum with Crystal City,,17,6,W,19.02,0.52,-2.02,-5.48,-7.5,False,False
Farmington,2026-10-06,Chaffee,,,,,2.99,12.37,,,,False,False
Farmington,2026-10-07,Sikeston,,,,,17.46,1.76,,,,False,False
Farmington,2026-10-08,Perryville,,,,,11.14,4.67,,,,False,False
Farmington,2026-10-12,Saxony Lutheran with St. Vincent,,,,,8.25,5.72,,,,False,False
Father Tolton,2026-08-29,Jamestown,,2,15,L,7.8,5.23,-5.8,-9.77,-15.57,False,False
Father Tolton,2026-08-29,Russellville,,6,5,W,3.88,7.3,2.12,2.3,4.42,False,False
Father Tolton,2026-08-29,St. Clair,,8,3,W,10.74,0.76,-2.74,-2.24,-4.98,False,False
Father Tolton,2026-09-03,Harrisburg,,1,11,L,-0.53,9.64,1.53,-1.36,0.17,False,False
Father Tolton,2026-09-04,Battle,,7,4,W,4.16,7.3,2.84,3.3,6.14,False,False
Father Tolton,2026-09-14,Hickman,,0,11,L,-0.01,11.01,0.01,0.01,0.01,False,False
Father Tolton,2026-09-15,Linn,,9,16,L,0.58,8.96,8.42,-7.04,1.38,False,False
Father Tolton,2026-09-17,Jefferson City,,1,0,W,6.43,6.4,-5.43,6.4,0.96,False,False
Father Tolton,2026-09-18,Macon,,10,9,W,3.35,6.86,6.65,-2.14,4.51,False,False
Father Tolton,2026-09-19,Chaffee,,3,22,L,-0.81,11.94,3.81,-10.06,-6.25,False,False
Father Tolton,2026-09-21,Hallsville with Christian Fellowship Sr.,,5,10,L,2.87,6.47,2.13,-3.53,-1.4,False,False
Father Tolton,2026-09-23,Smith-Cotton,,1,3,L,2.94,5.07,-1.94,2.07,0.13,False,False
Father Tolton,2026-09-26,Fatima,,3,7,L,-0.11,8.82,3.11,1.82,4.93,False,False
Father Tolton,2026-09-26,Vienna,,5,6,L,3.58,5.22,1.42,-0.78,0.64,False,False
Father Tolton,2026-09-28,Jamestown,,1,0,W,7.8,5.23,-6.8,5.23,-1.57,False,False
Father Tolton,2026-09-29,Boonville,,2,0,W,4.1,5.43,-2.1,5.43,3.33,False,False
Father Tolton,2026-10-01,Southern Boone,,,,,-0.89,10.21,,,,False,False
Father Tolton,2026-10-08,Helias Catholic,,,,,-2.73,12.18,,,,False,False
Father Tolton,2026-10-09,Sullivan,,,,,2.34,8.58,,,,False,False
Father Tolton,2026-10-12,Macon,,,,,3.35,6.86,,,,False,False
Fatima,2026-08-28,Chaffee,,2,7,L,4.05,7.88,-2.05,0.88,-1.17,False,False
Fatima,2026-08-28,Pacific,,14,1,W,8.28,1.79,5.72,0.79,6.51,False,False
Fatima,2026-08-29,Sullivan,,9,3,W,7.2,4.52,1.8,1.52,3.32,False,False
Fatima,2026-08-29,Webster Groves,,15,2,W,8.87,1.61,6.13,-0.39,5.74,False,False
Fatima,2026-09-01,Southern Boone,,0,1,L,3.97,6.14,-3.97,5.14,1.17,False,False
Fatima,2026-09-03,Union,,9,2,W,12.19,3.39,-3.19,1.39,-1.8,False,False
Fatima,2026-09-04,Capital City,,12,2,W,4.71,3.75,7.29,1.75,9.04,False,False
Fatima,2026-09-08,Linn,,7,6,W,5.44,4.9,1.56,-1.1,0.45,False,False
Fatima,2026-09-10,Jefferson City,,13,0,W,11.29,2.33,1.71,2.33,4.04,False,False
Fatima,2026-09-11,Hickman,,4,11,L,4.85,6.94,-0.85,-4.06,-4.91,False,False
Fatima,2026-09-14,St. Francis Borgia,,6,8,L,7.39,4.39,-1.39,-3.61,-5.01,False,False
Fatima,2026-09-15,St. Elizabeth,,4,1,W,5.48,4.43,-1.48,3.43,1.96,False,False
Fatima,2026-09-16,Iberia,,13,2,W,7.17,3.21,5.83,1.21,7.04,False,False
Fatima,2026-09-18,Chaffee,,0,8,L,4.05,7.88,-4.05,-0.12,-4.17,False,False
Fatima,2026-09-18,Capital City,,7,6,W,4.71,3.75,2.29,-2.25,0.04,False,False
Fatima,2026-09-19,Macon,,8,4,W,8.21,2.8,-0.21,-1.2,-1.41,False,False
Fatima,2026-09-22,Centralia,,1,7,L,2.61,6.05,-1.61,-0.95,-2.56,False,False
Fatima,2026-09-24,Blair Oaks,,3,4,L,5.93,3.39,-2.93,-0.61,-3.54,False,False
Fatima,2026-09-26,Father Tolton,,7,3,W,8.82,-0.11,-1.82,-3.11,-4.93,False,False
Fatima,2026-09-26,Iberia,,4,5,L,7.17,3.21,-3.17,-1.79,-4.96,False,False
Fatima,2026-09-29,New Bloomfield,,,,,10.31,1.07,,,,False,False
Fatima,2026-09-30,North Callaway,,0,2,L,4.29,2.65,-4.29,0.65,-3.64,False,False
Fatima,2026-10-05,Hallsville with Christian Fellowship Sr.,,,,,7.73,2.41,,,,False,False
Fatima,2026-10-07,Helias Catholic,,,,,2.13,8.11,,,,False,False
Fatima,2026-10-08,Eugene,,,,,5.9,5.08,,,,False,False
Fatima,2026-10-12,Montgomery County,,,,,4.6,2.82,,,,False,False
Fayette,2026-08-29,Clinton,,16,0,W,11.03,-0.66,4.97,-0.66,4.31,False,False
Fayette,2026-08-29,Eugene,,0,7,L,2.01,5.91,-2.01,-1.09,-3.09,False,False
Fayette,2026-08-29,Fulton,,19,0,W,12.35,1.38,6.65,1.38,8.03,False,False
Fayette,2026-08-31,Battle,,7,8,L,5.13,4.07,1.87,-3.93,-2.05,False,False
Fayette,2026-09-03,Sturgeon,,15,2,W,7.8,-0.77,7.2,-2.77,4.43,False,False
Fayette,2026-09-08,New Bloomfield,,4,1,W,6.41,1.91,-2.41,0.91,-1.51,False,False
Fayette,2026-09-12,Van-Far,,15,0,W,9.05,2.06,5.95,2.06,8.02,False,False
Fayette,2026-09-12,Jamestown,,2,0,W,8.77,2.0,-6.77,2.0,-4.77,False,False
Fayette,2026-09-12,Harrisburg,,0,2,L,0.43,6.41,-0.43,4.41,3.98,False,False
Fayette,2026-09-14,Linn,,0,5,L,1.55,5.73,-1.55,0.73,-0.82,False,False
Fayette,2026-09-15,New Franklin,,7,0,W,8.99,0.14,-1.99,0.14,-1.85,False,False
Fayette,2026-09-17,Harrisburg,,2,11,L,0.43,6.41,1.57,-4.59,-3.02,False,False
Fayette,2026-09-19,Glasgow,,4,0,W,5.0,3.59,-1.0,3.59,2.59,False,False
Fayette,2026-09-19,Battle,,6,0,W,5.13,4.07,0.87,4.07,4.95,False,False
Fayette,2026-09-19,Fulton,,8,6,W,12.35,1.38,-4.35,-4.62,-8.97,False,False
Fayette,2026-09-21,Eugene,,1,3,L,2.01,5.91,-1.01,2.91,1.91,False,False
Fayette,2026-09-24,Russellville,,5,8,L,4.85,4.07,0.15,-3.93,-3.77,False,False
Fayette,2026-09-28,Northeast (Cairo),,5,1,W,7.01,2.24,-2.01,1.24,-0.77,False,False
Fayette,2026-09-29,Paris,,4,5,L,4.77,1.61,-0.77,-3.39,-4.16,False,False
Fayette,2026-09-30,South Callaway,,,,,7.12,0.37,,,,False,False
Fayette,2026-10-01,South Callaway,,,,,7.12,0.37,,,,False,False
Fayette,2026-10-05,Pilot Grove,,,,,12.34,-1.04,,,,False,False
Fayette,2026-10-06,Salisbury,,,,,2.14,5.05,,,,False,False
Fayette,2026-10-08,Glasgow,,,,,5.0,3.59,,,,False,False
Festus,2026-08-28,Union,,14,4,W,11.91,2.69,2.09,-1.31,0.78,False,False
Festus,2026-08-28,St. Elizabeth,,8,1,W,5.2,3.73,2.8,2.73,5.53,False,False
Festus,2026-08-29,Elsberry,,10,4,W,4.52,4.12,5.48,0.12,5.6,False,False
Festus,2026-08-29,Rolla,,7,4,W,6.5,2.15,0.5,-1.85,-1.35,False,False
Festus,2026-08-31,St. Francis Borgia,,15,9,W,7.11,3.68,7.89,-5.32,2.57,False,False
Festus,2026-09-01,Farmington,,10,3,W,8.96,2.98,1.04,-0.02,1.02,False,False
Festus,2026-09-02,Northwest (Cedar Hill),,10,4,W,6.41,3.39,3.59,-0.61,2.98,False,False
Festus,2026-09-04,Francis Howell Central,,3,1,W,8.38,4.0,-5.38,3.0,-2.38,False,False
Festus,2026-09-04,Ft. Zumwalt West,,4,9,L,2.09,7.11,1.91,-1.89,0.02,False,False
Festus,2026-09-05,St. Dominic,,0,2,L,5.33,0.96,-5.33,-1.04,-6.37,False,False
Festus,2026-09-05,Lafayette (Wildwood),,1,7,L,3.9,5.45,-2.9,-1.55,-4.46,False,False
Festus,2026-09-08,Hillsboro,,5,0,W,6.55,3.13,-1.55,3.13,1.58,False,False
Festus,2026-09-12,Francis Howell North,,1,2,L,3.72,5.66,-2.72,3.66,0.94,False,False
Festus,2026-09-12,Seckman,,8,7,W,7.89,2.63,0.11,-4.37,-4.26,False,False
Festus,2026-09-15,DeSoto,,10,0,W,11.23,-1.19,-1.23,-1.19,-2.43,False,False
Festus,2026-09-16,Herculaneum with Crystal City,,15,0,W,19.81,-4.67,-4.81,-4.67,-9.48,False,False
Festus,2026-09-17,Chaffee,,0,3,L,3.77,7.17,-3.77,4.17,0.4,False,False
Festus,2026-09-21,North County,,1,6,L,6.67,2.61,-5.67,-3.39,-9.06,False,False
Festus,2026-09-23,Notre Dame (Cape Girardeau),,3,2,W,6.39,3.72,-3.39,1.72,-1.67,False,False
Festus,2026-09-26,St. Joseph's Academy,,7,1,W,6.59,1.64,0.41,0.64,1.06,False,False
Festus,2026-09-28,Perryville,,22,1,W,11.92,-0.53,10.08,-1.53,8.55,False,False
Festus,2026-09-30,Seckman,,10,0,W,7.89,2.63,2.11,2.63,4.74,False,False
Festus,2026-10-01,Jefferson (Festus),,,,,11.13,-0.22,,,,False,False
Festus,2026-10-05,Oakville,,,,,4.67,1.04,,,,False,False
Festus,2026-10-06,Fredericktown,,,,,8.99,-0.11,,,,False,False
Festus,2026-10-08,Windsor (Imperial),,,,,4.89,3.68,,,,False,False
Festus,2026-10-12,Fox,,,,,6.82,2.56,,,,False,False
Fort Osage,2026-08-28,Liberty,,1,2,L,2.56,4.44,-1.56,2.44,0.88,False,False
Fort Osage,2026-08-28,Pleasant Hill,,2,3,L,1.47,3.56,0.53,0.56,1.1,False,False
Fort Osage,2026-08-29,Odessa,,7,2,W,6.65,1.94,0.35,-0.06,0.29,False,False
Fort Osage,2026-08-29,Smith-Cotton,,1,0,W,5.51,-0.61,-4.51,-0.61,-5.12,False,False
Fort Osage,2026-08-29,South Harrison,,3,0,W,3.85,3.74,-0.85,3.74,2.88,False,False
Fort Osage,2026-08-31,Blue Springs South,,2,13,L,1.21,8.99,0.79,-4.01,-3.22,False,False
Fort Osage,2026-09-01,Grain Valley,,0,5,L,-1.76,6.01,1.76,1.01,2.78,False,False
Fort Osage,2026-09-03,Blue Springs,,1,4,L,1.9,2.06,-0.9,-1.94,-2.84,False,False
Fort Osage,2026-09-07,Central (St. Joseph),,4,0,W,7.85,0.56,-3.85,0.56,-3.29,False,False
Fort Osage,2026-09-08,Raytown,,11,0,W,9.61,-3.76,1.39,-3.76,-2.37,False,False
Fort Osage,2026-09-09,Smith-Cotton,,,,,5.51,-0.61,,,,False,False
Fort Osage,2026-09-15,Platte County,,5,2,W,1.95,7.45,3.05,5.45,8.49,False,False
Fort Osage,2026-09-17,William Chrisman,,11,1,W,14.25,-1.72,-3.25,-2.72,-5.97,False,False
Fort Osage,2026-09-18,Park Hill,,0,2,L,0.81,2.76,-0.81,0.76,-0.06,False,False
Fort Osage,2026-09-18,West Platte,,5,1,W,3.56,1.41,1.44,0.41,1.85,False,False
Fort Osage,2026-09-19,Benton,,5,3,W,4.74,2.25,0.26,-0.75,-0.49,False,False
Fort Osage,2026-09-19,Smithville,,3,9,L,4.74,4.07,-1.74,-4.93,-6.67,False,False
Fort Osage,2026-09-21,Belton,,7,4,W,2.54,5.02,4.46,1.02,5.48,False,False
Fort Osage,2026-09-23,Truman,,5,2,W,4.63,2.01,0.37,0.01,0.38,False,False
Fort Osage,2026-09-24,Raytown,,11,1,W,9.61,-3.76,1.39,-4.76,-3.37,False,False
Fort Osage,2026-09-25,Liberty North,,2,5,L,1.6,5.51,0.4,0.51,0.91,False,False
Fort Osage,2026-09-25,"Owasso(Owasso, OK)",,2,5,L,,,,,,False,False
Fort Osage,2026-09-26,Rock Bridge,,0,7,L,-0.31,5.41,0.31,-1.59,-1.28,False,False
Fort Osage,2026-09-26,Kearney,,2,1,W,3.1,2.84,-1.1,1.84,0.75,False,False
Fort Osage,2026-09-28,Grain Valley,,0,7,L,-1.76,6.01,1.76,-0.99,0.78,False,False
Fort Osage,2026-09-29,Park Hill South,,,,,5.44,3.19,,,,False,False
Fort Osage,2026-09-30,Kearney,,,,,3.1,2.84,,,,False,False
Fort Osage,2026-10-05,William Chrisman,,,,,14.25,-1.72,,,,False,False
Fort Osage,2026-10-07,Belton,,,,,2.54,5.02,,,,False,False
Fort Osage,2026-10-08,Truman,,,,,4.63,2.01,,,,False,False
Fox,2026-08-27,Farmington,,4,3,W,7.76,6.04,-3.76,3.04,-0.72,False,False
Fox,2026-08-28,Silex,,1,13,L,1.84,6.6,-0.84,-6.4,-7.24,False,False
Fox,2026-08-28,Francis Howell,,0,12,L,-0.32,8.28,0.32,-3.72,-3.39,False,False
Fox,2026-08-29,Rockwood Summit,,12,4,W,6.5,5.57,5.5,1.57,7.07,False,False
Fox,2026-08-29,Ft. Zumwalt North,,13,0,W,9.77,6.14,3.23,6.14,9.36,False,False
Fox,2026-08-31,Mehlville,,15,0,W,12.79,-1.3,2.21,-1.3,0.91,False,False
Fox,2026-09-08,Kirkwood,,2,1,W,7.07,2.46,-5.07,1.46,-3.62,False,False
Fox,2026-09-10,Oakville,,9,3,W,3.46,4.1,5.54,1.1,6.64,False,False
Fox,2026-09-11,Cor Jesu Academy,,4,11,L,3.59,9.21,0.41,-1.79,-1.37,False,False
Fox,2026-09-15,Northwest (Cedar Hill),,0,3,L,5.21,6.44,-5.21,3.44,-1.76,False,False
Fox,2026-09-18,Farmington,,4,5,L,7.76,6.04,-3.76,1.04,-2.72,False,False
Fox,2026-09-18,Saxony Lutheran with St. Vincent,,2,6,L,7.83,3.58,-5.83,-2.42,-8.25,False,False
Fox,2026-09-21,St. Joseph's Academy,,4,3,W,5.38,4.7,-1.38,1.7,0.32,False,False
Fox,2026-09-22,Lindbergh,,1,6,L,3.02,8.77,-2.02,2.77,0.74,False,False
Fox,2026-09-26,Jackson,,7,13,L,3.59,7.12,3.41,-5.88,-2.47,False,False
Fox,2026-09-26,Parkway South,,16,13,W,7.99,6.87,8.01,-6.13,1.88,False,False
Fox,2026-09-28,Seckman,,3,2,W,6.68,5.69,-3.68,3.69,0.0,False,False
Fox,2026-09-29,Parkway West,,6,10,L,2.36,7.96,3.64,-2.04,1.6,False,False
Fox,2026-10-06,Webster Groves,,,,,7.38,3.96,,,,False,False
Fox,2026-10-08,Parkway Central,,,,,3.32,8.38,,,,False,False
Fox,2026-10-12,Festus,,,,,2.56,6.82,,,,False,False
Francis Howell,2026-08-28,Fox,,12,0,W,8.28,-0.32,3.72,-0.32,3.39,False,False
Francis Howell,2026-08-28,Jackson,,6,2,W,6.25,1.17,-0.25,-0.83,-1.08,False,False
Francis Howell,2026-08-29,Kelly,,7,1,W,6.92,-1.1,0.08,-2.1,-2.03,False,False
Francis Howell,2026-08-29,Lafayette (Wildwood),,8,2,W,5.36,2.56,2.64,0.56,3.2,False,False
Francis Howell,2026-08-29,Parkway Central,,5,1,W,5.99,2.44,-0.99,1.44,0.45,False,False
Francis Howell,2026-08-31,North Point,,10,1,W,9.18,-1.7,0.82,-2.7,-1.88,False,False
Francis Howell,2026-09-01,Ft. Zumwalt West,,0,2,L,3.55,4.22,-3.55,2.22,-1.32,False,False
Francis Howell,2026-09-03,Liberty (Wentzville),,15,0,W,9.71,3.37,5.29,3.37,8.66,False,False
Francis Howell,2026-09-08,Francis Howell Central,,18,0,W,9.84,1.12,8.16,1.12,9.27,False,False
Francis Howell,2026-09-10,Troy Buchanan,,0,1,L,1.84,2.93,-1.84,1.93,0.09,False,False
Francis Howell,2026-09-11,Parkway West,,3,2,W,5.03,2.02,-2.03,0.02,-2.01,False,False
Francis Howell,2026-09-11,Rock Bridge,,4,2,W,3.16,3.44,0.84,1.44,2.28,False,False
Francis Howell,2026-09-15,Francis Howell North,,4,5,L,5.18,2.77,-1.18,-2.23,-3.41,False,False
Francis Howell,2026-09-17,Ft. Zumwalt West,,3,4,L,3.55,4.22,-0.55,0.22,-0.32,False,False
Francis Howell,2026-09-21,Sullivan,,11,12,L,8.38,0.93,2.62,-11.07,-8.46,False,False
Francis Howell,2026-09-22,Liberty (Wentzville),,3,0,W,9.71,3.37,-6.71,3.37,-3.34,False,False
Francis Howell,2026-09-23,Eureka,,9,5,W,3.78,3.27,5.22,-1.73,3.49,False,False
Francis Howell,2026-09-28,Marquette,,0,1,L,5.24,1.4,-5.24,0.4,-4.84,False,False
Francis Howell,2026-09-29,Troy Buchanan,,0,2,L,1.84,2.93,-1.84,0.93,-0.91,False,False
Francis Howell,2026-10-01,Francis Howell North,,,,,5.18,2.77,,,,False,False
Francis Howell,2026-10-02,Branson,,,,,9.18,-0.26,,,,False,False
Francis Howell,2026-10-02,Glendale,,,,,10.09,-1.24,,,,False,False
Francis Howell,2026-10-03,Capital City,,,,,5.89,0.16,,,,False,False
Francis Howell,2026-10-03,West Plains,,,,,13.33,-2.92,,,,False,False
Francis Howell,2026-10-03,Republic,,,,,8.28,-0.52,,,,False,False
Francis Howell,2026-10-05,Francis Howell Central,,,,,9.84,1.12,,,,False,False
Francis Howell,2026-10-07,Incarnate Word Academy,,,,,8.13,-0.2,,,,False,False
Francis Howell,2026-10-10,Hannibal,,,,,9.81,-2.35,,,,False,False
Francis Howell Central,2026-08-27,Washington,,9,11,L,4.26,10.55,4.74,-0.45,4.29,False,False
Francis Howell Central,2026-08-28,Bowling Green,,14,11,W,11.02,7.73,2.98,-3.27,-0.29,False,False
Francis Howell Central,2026-08-28,St. Joseph's Academy,,7,3,W,6.82,6.26,0.18,3.26,3.44,False,False
Francis Howell Central,2026-08-29,Francis Howell North,,7,9,L,3.96,10.27,3.04,1.27,4.32,False,False
Francis Howell Central,2026-08-29,Winfield,,1,2,L,3.64,7.92,-2.64,5.92,3.29,False,False
Francis Howell Central,2026-09-01,Troy Buchanan,,1,10,L,0.61,10.43,0.39,0.43,0.82,False,False
Francis Howell Central,2026-09-02,North Point,,10,8,W,7.96,5.8,2.04,-2.2,-0.16,False,False
Francis Howell Central,2026-09-04,Festus,,1,3,L,4.0,8.38,-3.0,5.38,2.38,False,False
Francis Howell Central,2026-09-04,St. Dominic,,5,5,T,5.57,5.57,-0.57,0.57,0.01,False,False
Francis Howell Central,2026-09-05,Highland,,2,14,L,6.07,10.23,-4.07,-3.77,-7.84,False,False
Francis Howell Central,2026-09-08,Francis Howell,,0,18,L,1.12,9.84,-1.12,-8.16,-9.27,False,False
Francis Howell Central,2026-09-10,Liberty (Wentzville),,8,6,W,8.48,10.87,-0.48,4.87,4.38,False,False
Francis Howell Central,2026-09-12,Blue Springs,,5,8,L,4.15,7.59,0.85,-0.41,0.45,False,False
Francis Howell Central,2026-09-12,Helias Catholic,,0,10,L,2.09,12.02,-2.09,2.02,-0.06,False,False
Francis Howell Central,2026-09-15,Ft. Zumwalt West,,6,14,L,2.32,11.73,3.68,-2.27,1.4,False,False
Francis Howell Central,2026-09-17,Troy Buchanan,,0,9,L,0.61,10.43,-0.61,1.43,0.82,False,False
Francis Howell Central,2026-09-19,Holt,,13,3,W,12.1,7.11,0.9,4.11,5.02,False,False
Francis Howell Central,2026-09-19,Jackson,,5,8,L,5.03,8.68,-0.03,0.68,0.65,False,False
Francis Howell Central,2026-09-21,Lafayette (Wildwood),,7,17,L,4.14,10.06,2.86,-6.94,-4.08,False,False
Francis Howell Central,2026-09-22,Francis Howell North,,7,8,L,3.96,10.27,3.04,2.27,5.32,False,False
Francis Howell Central,2026-09-25,Warrensburg,,10,3,W,8.14,7.66,1.86,4.66,6.52,False,False
Francis Howell Central,2026-09-25,Truman,,7,8,L,6.87,7.54,0.13,-0.46,-0.34,False,False
Francis Howell Central,2026-09-26,Belton,,1,9,L,4.79,10.55,-3.79,1.55,-2.24,False,False
Francis Howell Central,2026-09-26,Centralia,,0,15,L,2.56,9.96,-2.56,-5.04,-7.6,False,False
Francis Howell Central,2026-09-28,Ft. Zumwalt South,,11,12,L,11.33,7.92,-0.33,-4.08,-4.4,False,False
Francis Howell Central,2026-09-29,Liberty (Wentzville),,4,16,L,8.48,10.87,-4.48,-5.13,-9.62,False,False
Francis Howell Central,2026-10-05,Francis Howell,,,,,1.12,9.84,,,,False,False
Francis Howell Central,2026-10-06,Francis Howell North,,,,,3.96,10.27,,,,False,False
Francis Howell Central,2026-10-08,Timberland,,,,,2.54,10.35,,,,False,False
Francis Howell Central,2026-10-09,Ft. Zumwalt West,,,,,2.32,11.73,,,,False,False
Francis Howell North,2026-08-27,Eureka,,4,2,W,4.21,6.11,-0.21,4.11,3.9,False,False
Francis Howell North,2026-08-28,North Point,,4,1,W,9.61,1.14,-5.61,0.14,-5.47,False,False
Francis Howell North,2026-08-28,Macon,,9,4,W,9.82,2.05,-0.82,-1.95,-2.77,False,False
Francis Howell North,2026-08-29,Francis Howell Central,,9,7,W,10.27,3.96,-1.27,-3.04,-4.32,False,False
Francis Howell North,2026-08-29,Troy Buchanan,,1,6,L,2.27,5.77,-1.27,-0.23,-1.5,False,False
Francis Howell North,2026-08-31,Parkway West,,3,4,L,5.46,4.86,-2.46,0.86,-1.6,False,False
Francis Howell North,2026-08-31,Seckman,,14,3,W,9.78,2.58,4.22,-0.42,3.8,False,False
Francis Howell North,2026-09-01,Eureka,,1,11,L,4.21,6.11,-3.21,-4.89,-8.1,False,False
Francis Howell North,2026-09-01,Parkway Central,,12,2,W,6.42,5.28,5.58,3.28,8.86,False,False
Francis Howell North,2026-09-02,Westminster Christian Academy,,5,4,W,5.33,5.11,-0.33,1.11,0.78,False,False
Francis Howell North,2026-09-08,Troy Buchanan,,1,4,L,2.27,5.77,-1.27,1.77,0.5,False,False
Francis Howell North,2026-09-09,Holt,,20,10,W,13.75,2.45,6.25,-7.55,-1.3,False,False
Francis Howell North,2026-09-12,Festus,,2,1,W,5.66,3.72,-3.66,2.72,-0.94,False,False
Francis Howell North,2026-09-12,Pacific,,18,3,W,9.89,1.04,8.11,-1.96,6.15,False,False
Francis Howell North,2026-09-15,Francis Howell,,5,4,W,2.77,5.18,2.23,1.18,3.41,False,False
Francis Howell North,2026-09-16,St. Dominic,,9,3,W,7.22,0.91,1.78,-2.09,-0.31,False,False
Francis Howell North,2026-09-17,Liberty (Wentzville),,14,10,W,10.14,6.21,3.86,-3.79,0.07,False,False
Francis Howell North,2026-09-18,Ft. Zumwalt West,,2,1,W,3.98,7.06,-1.98,6.06,4.09,False,False
Francis Howell North,2026-09-21,Ritenour,,9,8,W,14.54,0.07,-5.54,-7.93,-13.48,False,False
Francis Howell North,2026-09-22,Francis Howell Central,,8,7,W,10.27,3.96,-2.27,-3.04,-5.32,False,False
Francis Howell North,2026-09-23,Troy Buchanan,,0,10,L,2.27,5.77,-2.27,-4.23,-6.5,False,False
Francis Howell North,2026-09-28,North Point,,9,0,W,9.61,1.14,-0.61,1.14,0.53,False,False
Francis Howell North,2026-09-29,Ft. Zumwalt West,,6,1,W,3.98,7.06,2.02,6.06,8.09,False,False
Francis Howell North,2026-09-30,Winfield,,,,,5.29,3.26,,,,False,False
Francis Howell North,2026-10-01,Francis Howell,,,,,2.77,5.18,,,,False,False
Francis Howell North,2026-10-02,Rockwood Summit,,,,,9.6,2.47,,,,False,False
Francis Howell North,2026-10-05,Liberty (Wentzville),,,,,10.14,6.21,,,,False,False
Francis Howell North,2026-10-06,Francis Howell Central,,,,,10.27,3.96,,,,False,False
Francis Howell North,2026-10-07,Lafayette (Wildwood),,,,,5.79,5.4,,,,False,False
Francis Howell North,2026-10-08,Ft. Zumwalt North,,,,,12.87,3.03,,,,False,False
Francis Howell North,2026-10-09,Ft. Zumwalt East,,,,,11.0,-0.24,,,,False,False
Francis Howell North,2026-10-12,Parkway West,,,,,5.46,4.86,,,,False,False
Fredericktown,2026-08-29,Perryville,,8,4,W,8.05,4.69,-0.05,0.69,0.65,False,False
Fredericktown,2026-08-29,Seckman,,1,13,L,4.01,7.86,-3.01,-5.14,-8.16,False,False
Fredericktown,2026-08-29,Sikeston,,9,2,W,14.37,1.79,-5.37,-0.21,-5.58,False,False
Fredericktown,2026-09-01,Jefferson (Festus),,10,11,L,7.25,5.01,2.75,-5.99,-3.24,False,False
Fredericktown,2026-09-08,Farmington,,4,5,L,5.09,8.21,-1.09,3.21,2.12,False,False
Fredericktown,2026-09-10,DeSoto,,3,8,L,7.36,4.03,-4.36,-3.97,-8.33,False,False
Fredericktown,2026-09-15,Kelly,,1,2,L,1.59,7.01,-0.59,5.01,4.42,False,False
Fredericktown,2026-09-16,Saxony Lutheran with St. Vincent,,11,0,W,5.16,5.75,5.84,5.75,11.59,False,False
Fredericktown,2026-09-17,Herculaneum with Crystal City,,12,2,W,15.93,0.55,-3.93,-1.45,-5.38,False,False
Fredericktown,2026-09-21,Perryville,,9,5,W,8.05,4.69,0.95,-0.31,0.65,False,False
Fredericktown,2026-09-24,North County,,4,5,L,2.79,7.83,1.21,2.83,4.04,False,False
Fredericktown,2026-09-29,Sikeston,,17,4,W,14.37,1.79,2.63,-2.21,0.42,False,False
Fredericktown,2026-10-01,St. Pius X (Festus),,,,,11.61,3.36,,,,False,False
Fredericktown,2026-10-03,Kelly,,,,,1.59,7.01,,,,False,False
Fredericktown,2026-10-05,Notre Dame (Cape Girardeau),,,,,2.51,8.95,,,,False,False
Fredericktown,2026-10-06,Festus,,,,,-0.11,8.99,,,,False,False
Fredericktown,2026-10-07,Chaffee,,,,,-0.1,12.4,,,,False,False
Fredericktown,2026-10-12,Neelyville,,,,,6.43,4.14,,,,False,False
Ft. Zumwalt East,2026-08-27,Parkway Central,,5,15,L,0.56,10.67,4.44,-4.33,0.1,False,False
Ft. Zumwalt East,2026-08-31,Liberty (Wentzville),,1,17,L,4.28,11.59,-3.28,-5.41,-8.69,False,False
Ft. Zumwalt East,2026-09-01,North Point,,7,2,W,3.76,6.53,3.24,4.53,7.77,False,False
Ft. Zumwalt East,2026-09-03,Washington,,2,12,L,0.06,11.27,1.94,-0.73,1.21,False,False
Ft. Zumwalt East,2026-09-08,Ft. Zumwalt South,,11,5,W,7.13,8.65,3.87,3.65,7.52,False,False
Ft. Zumwalt East,2026-09-11,Orchard Farm,,5,3,W,8.14,4.23,-3.14,1.23,-1.91,False,False
Ft. Zumwalt East,2026-09-15,Timberland,,1,16,L,-1.66,11.07,2.66,-4.93,-2.26,False,False
Ft. Zumwalt East,2026-09-18,Seckman,,6,9,L,3.92,7.97,2.08,-1.03,1.04,False,False
Ft. Zumwalt East,2026-09-19,Lutheran St. Charles with Veritas Christian Academy,,9,4,W,10.6,6.4,-1.6,2.4,0.8,False,False
Ft. Zumwalt East,2026-09-19,St. Charles West with St. Charles,,6,8,L,4.76,6.65,1.24,-1.35,-0.11,False,False
Ft. Zumwalt East,2026-09-21,North Point,,3,2,W,3.76,6.53,-0.76,4.53,3.77,False,False
Ft. Zumwalt East,2026-09-22,Washington,,0,10,L,0.06,11.27,-0.06,1.27,1.21,False,False
Ft. Zumwalt East,2026-09-24,Ft. Zumwalt South,,6,8,L,7.13,8.65,-1.13,0.65,-0.48,False,False
Ft. Zumwalt East,2026-09-29,Ft. Zumwalt North,,0,16,L,7.02,8.42,-7.02,-7.58,-14.6,False,False
Ft. Zumwalt East,2026-09-30,Hazelwood West,,13,1,W,11.19,3.03,1.81,2.03,3.85,False,False
Ft. Zumwalt East,2026-10-01,Timberland,,,,,-1.66,11.07,,,,False,False
Ft. Zumwalt East,2026-10-02,Ft. Zumwalt North,,,,,7.02,8.42,,,,False,False
Ft. Zumwalt East,2026-10-05,Winfield,,,,,-0.56,8.65,,,,False,False
Ft. Zumwalt East,2026-10-07,Lutheran St. Charles with Veritas Christian Academy,,,,,10.6,6.4,,,,False,False
Ft. Zumwalt East,2026-10-09,Francis Howell North,,,,,-0.24,11.0,,,,False,False
Ft. Zumwalt East,2026-10-13,Warrenton,,,,,3.99,6.03,,,,False,False
Ft. Zumwalt North,2026-08-27,St. Joseph's Academy,,5,16,L,5.9,8.86,-0.9,-7.14,-8.04,False,False
Ft. Zumwalt North,2026-08-28,Lafayette (Wildwood),,0,5,L,3.22,12.66,-3.22,7.66,4.44,False,False
Ft. Zumwalt North,2026-08-28,Parkway Central,,4,15,L,3.84,12.54,0.16,-2.46,-2.3,False,False
Ft. Zumwalt North,2026-08-29,Neelyville,,11,1,W,9.62,6.13,1.38,5.13,6.51,False,False
Ft. Zumwalt North,2026-08-29,Fox,,0,13,L,6.14,9.77,-6.14,-3.23,-9.36,False,False
Ft. Zumwalt North,2026-09-01,Timberland,,2,13,L,1.62,12.95,0.38,-0.05,0.33,False,False
Ft. Zumwalt North,2026-09-02,Orchard Farm,,18,3,W,11.42,6.11,6.58,3.11,9.69,False,False
Ft. Zumwalt North,2026-09-03,Ft. Zumwalt South,,14,12,W,10.41,10.52,3.59,-1.48,2.11,False,False
Ft. Zumwalt North,2026-09-08,North Point,,2,6,L,7.04,8.4,-5.04,2.4,-2.64,False,False
Ft. Zumwalt North,2026-09-11,St. Charles West with St. Charles,,6,16,L,8.04,8.53,-2.04,-7.47,-9.51,False,False
Ft. Zumwalt North,2026-09-15,Washington,,1,14,L,3.34,13.14,-2.34,-0.86,-3.19,False,False
Ft. Zumwalt North,2026-09-22,Ft. Zumwalt South,,9,11,L,10.41,10.52,-1.41,-0.48,-1.89,False,False
Ft. Zumwalt North,2026-09-24,North Point,,14,13,W,7.04,8.4,6.96,-4.6,2.36,False,False
Ft. Zumwalt North,2026-09-25,Liberty (Wentzville),,5,17,L,7.56,13.47,-2.56,-3.53,-6.1,False,False
Ft. Zumwalt North,2026-09-29,Ft. Zumwalt East,,16,0,W,8.42,7.02,7.58,7.02,14.6,False,False
Ft. Zumwalt North,2026-09-30,Holt,,6,2,W,11.18,9.71,-5.18,7.71,2.54,False,False
Ft. Zumwalt North,2026-10-01,Washington,,,,,3.34,13.14,,,,False,False
Ft. Zumwalt North,2026-10-02,Ft. Zumwalt East,,,,,8.42,7.02,,,,False,False
Ft. Zumwalt North,2026-10-05,Timberland,,,,,1.62,12.95,,,,False,False
Ft. Zumwalt North,2026-10-06,Winfield,,,,,2.71,10.52,,,,False,False
Ft. Zumwalt North,2026-10-08,Francis Howell North,,,,,3.03,12.87,,,,False,False
Ft. Zumwalt North,2026-10-12,Warrenton,,,,,7.27,7.91,,,,False,False
Ft. Zumwalt South,2026-08-27,Lutheran St. Charles with Veritas Christian Academy,,17,1,W,14.11,8.39,2.89,7.39,10.28,False,False
Ft. Zumwalt South,2026-08-29,Hannibal,,7,10,L,7.89,7.86,-0.89,-2.14,-3.03,False,False
Ft. Zumwalt South,2026-08-29,Clopton,,11,8,W,9.11,6.98,1.89,-1.02,0.86,False,False
Ft. Zumwalt South,2026-09-01,Washington,,1,16,L,3.56,13.26,-2.56,-2.74,-5.31,False,False
Ft. Zumwalt South,2026-09-03,Ft. Zumwalt North,,12,14,L,10.52,10.41,1.48,-3.59,-2.11,False,False
Ft. Zumwalt South,2026-09-08,Ft. Zumwalt East,,5,11,L,8.65,7.13,-3.65,-3.87,-7.52,False,False
Ft. Zumwalt South,2026-09-10,Timberland,,3,8,L,1.84,13.06,1.16,5.06,6.22,False,False
Ft. Zumwalt South,2026-09-11,Holt,,8,5,W,11.4,9.82,-3.4,4.82,1.42,False,False
Ft. Zumwalt South,2026-09-14,Orchard Farm,,13,12,W,11.64,6.22,1.36,-5.78,-4.42,False,False
Ft. Zumwalt South,2026-09-16,North Point,,0,8,L,7.26,8.51,-7.26,0.51,-6.75,False,False
Ft. Zumwalt South,2026-09-17,Westminster Christian Academy,,3,12,L,2.98,12.48,0.02,0.48,0.5,False,False
Ft. Zumwalt South,2026-09-19,St. Charles West with St. Charles,,9,10,L,8.27,8.64,0.73,-1.36,-0.63,False,False
Ft. Zumwalt South,2026-09-19,Lutheran St. Charles with Veritas Christian Academy,,22,7,W,14.11,8.39,7.89,1.39,9.28,False,False
Ft. Zumwalt South,2026-09-21,Winfield,,2,9,L,2.94,10.63,-0.94,1.63,0.69,False,False
Ft. Zumwalt South,2026-09-22,Ft. Zumwalt North,,11,9,W,10.52,10.41,0.48,1.41,1.89,False,False
Ft. Zumwalt South,2026-09-24,Ft. Zumwalt East,,8,6,W,8.65,7.13,-0.65,1.13,0.48,False,False
Ft. Zumwalt South,2026-09-28,Francis Howell Central,,12,11,W,7.92,11.33,4.08,0.33,4.4,False,False
Ft. Zumwalt South,2026-09-29,Timberland,,1,14,L,1.84,13.06,-0.84,-0.94,-1.78,False,False
Ft. Zumwalt South,2026-10-01,North Point,,,,,7.26,8.51,,,,False,False
Ft. Zumwalt South,2026-10-05,Washington,,,,,3.56,13.26,,,,False,False
Ft. Zumwalt South,2026-10-07,Rockwood Summit,,,,,7.25,9.84,,,,False,False
Ft. Zumwalt South,2026-10-08,Warrenton,,,,,7.5,8.02,,,,False,False
Ft. Zumwalt South,2026-10-12,Ft. Zumwalt West,,,,,1.63,14.44,,,,False,False
Ft. Zumwalt West,2026-08-28,Rockwood Summit,,12,0,W,11.05,0.83,0.95,0.83,1.78,False,False
Ft. Zumwalt West,2026-08-28,Kelly,,10,0,W,8.8,0.1,1.2,0.1,1.3,False,False
Ft. Zumwalt West,2026-08-29,Lindbergh,,17,6,W,7.57,4.03,9.43,-1.97,7.46,False,False
Ft. Zumwalt West,2026-08-29,Marquette,,14,5,W,7.12,2.61,6.88,-2.39,4.48,False,False
Ft. Zumwalt West,2026-08-29,Jackson,,11,12,L,8.14,2.38,2.86,-9.62,-6.75,False,False
Ft. Zumwalt West,2026-09-01,Francis Howell,,2,0,W,4.22,3.55,-2.22,3.55,1.32,False,False
Ft. Zumwalt West,2026-09-02,Washington,,11,4,W,7.37,4.25,3.63,0.25,3.89,False,False
Ft. Zumwalt West,2026-09-03,Troy Buchanan,,1,3,L,3.72,4.14,-2.72,1.14,-1.59,False,False
Ft. Zumwalt West,2026-09-04,Festus,,9,4,W,7.11,2.09,1.89,-1.91,-0.02,False,False
Ft. Zumwalt West,2026-09-04,Lafayette (Wildwood),,6,4,W,7.24,3.77,-1.24,-0.23,-1.48,False,False
Ft. Zumwalt West,2026-09-05,Highland,,11,0,W,9.18,3.94,1.82,3.94,5.76,False,False
Ft. Zumwalt West,2026-09-05,Windsor (Imperial),,4,3,W,8.23,1.99,-4.23,-1.01,-5.24,False,False
Ft. Zumwalt West,2026-09-08,Liberty (Wentzville),,15,5,W,11.59,4.57,3.41,-0.43,2.98,False,False
Ft. Zumwalt West,2026-09-11,Kickapoo,,11,1,W,10.32,3.84,0.68,2.84,3.53,False,False
Ft. Zumwalt West,2026-09-11,Lee's Summit West,,7,2,W,9.6,3.98,-2.6,1.98,-0.62,False,False
Ft. Zumwalt West,2026-09-11,Smithville,,13,8,W,10.09,3.31,2.91,-4.69,-1.78,False,False
Ft. Zumwalt West,2026-09-12,Carthage,,11,2,W,10.55,1.61,0.45,-0.39,0.05,False,False
Ft. Zumwalt West,2026-09-12,Ozark,,9,3,W,7.7,2.99,1.3,-0.01,1.29,False,False
Ft. Zumwalt West,2026-09-15,Francis Howell Central,,14,6,W,11.73,2.32,2.27,-3.68,-1.4,False,False
Ft. Zumwalt West,2026-09-17,Francis Howell,,4,3,W,4.22,3.55,-0.22,0.55,0.32,False,False
Ft. Zumwalt West,2026-09-18,Francis Howell North,,1,2,L,7.06,3.98,-6.06,1.98,-4.09,False,False
Ft. Zumwalt West,2026-09-21,Timberland,,2,0,W,5.64,4.05,-3.64,4.05,0.41,False,False
Ft. Zumwalt West,2026-09-22,Troy Buchanan,,2,6,L,3.72,4.14,-1.72,-1.86,-3.59,False,False
Ft. Zumwalt West,2026-09-24,Liberty (Wentzville),,12,2,W,11.59,4.57,0.41,2.57,2.98,False,False
Ft. Zumwalt West,2026-09-25,Hickman,,2,1,W,7.92,4.56,-5.92,3.56,-2.36,False,False
Ft. Zumwalt West,2026-09-28,St. Dominic,,12,0,W,8.67,-0.72,3.33,-0.72,2.61,False,False
Ft. Zumwalt West,2026-09-29,Francis Howell North,,1,6,L,7.06,3.98,-6.06,-2.02,-8.09,False,False
Ft. Zumwalt West,2026-10-01,Lindbergh,,,,,7.57,4.03,,,,False,False
Ft. Zumwalt West,2026-10-05,Parkway West,,,,,6.91,3.22,,,,False,False
Ft. Zumwalt West,2026-10-08,Rock Bridge,,,,,5.04,4.64,,,,False,False
Ft. Zumwalt West,2026-10-09,Francis Howell Central,,,,,11.73,2.32,,,,False,False
Ft. Zumwalt West,2026-10-12,Ft. Zumwalt South,,,,,14.44,1.63,,,,False,False
Fulton,2026-08-29,New Franklin,,7,14,L,8.68,10.8,-1.68,-3.2,-4.88,False,False
Fulton,2026-08-29,Fayette,,0,19,L,1.38,12.35,-1.38,-6.65,-8.03,False,False
Fulton,2026-08-29,Kirksville,,5,17,L,2.57,15.18,2.43,-1.82,0.61,False,False
Fulton,2026-08-31,Southern Boone,,1,20,L,-0.24,17.63,1.24,-2.37,-1.13,False,False
Fulton,2026-09-01,Eldon,,2,12,L,0.68,12.91,1.32,0.91,2.24,False,False
Fulton,2026-09-03,Osage,,5,17,L,3.22,14.98,1.78,-2.02,-0.24,False,False
Fulton,2026-09-08,Eugene,,1,24,L,1.69,16.57,-0.69,-7.43,-8.13,False,False
Fulton,2026-09-09,Marshall,,9,6,W,7.6,9.79,1.4,3.79,5.18,False,False
Fulton,2026-09-14,Blair Oaks,,0,20,L,1.73,14.88,-1.73,-5.12,-6.84,False,False
Fulton,2026-09-15,Moberly,,2,12,L,3.66,14.57,-1.66,2.57,0.91,False,False
Fulton,2026-09-17,Mexico,,5,15,L,1.89,16.58,3.11,1.58,4.69,False,False
Fulton,2026-09-19,Glasgow,,7,11,L,4.69,14.25,2.31,3.25,5.56,False,False
Fulton,2026-09-19,Fayette,,6,8,L,1.38,12.35,4.62,4.35,8.97,False,False
Fulton,2026-09-19,Pilot Grove,,12,10,W,12.02,9.62,-0.02,-0.38,-0.41,False,False
Fulton,2026-09-21,California,,5,15,L,6.76,12.41,-1.76,-2.59,-4.35,False,False
Fulton,2026-09-23,Warrenton,,2,3,L,4.03,12.89,-2.03,9.89,7.86,False,False
Fulton,2026-09-24,Eldon,,7,12,L,0.68,12.91,6.32,0.91,7.24,False,False
Fulton,2026-09-26,New Bloomfield,,1,18,L,6.1,12.56,-5.1,-5.44,-10.54,False,False
Fulton,2026-09-29,Hallsville with Christian Fellowship Sr.,,2,7,L,3.53,13.9,-1.53,6.9,5.37,False,False
Fulton,2026-10-01,Hannibal,,,,,4.42,12.73,,,,False,False
Fulton,2026-10-05,South Callaway,,,,,6.81,11.03,,,,False,False
Fulton,2026-10-06,Boonville,,,,,4.76,12.85,,,,False,False
Fulton,2026-10-08,Mexico,,,,,1.89,16.58,,,,False,False
Gallatin,2026-08-29,Clark County,,8,2,W,5.23,5.33,2.77,3.33,6.1,False,False
Gallatin,2026-08-29,Princeton,,1,13,L,0.99,9.81,0.01,-3.19,-3.18,False,False
Gallatin,2026-08-29,La Plata,,19,3,W,13.06,1.69,5.94,-1.31,4.63,False,False
Gallatin,2026-08-29,Schuyler County,,8,5,W,5.62,4.61,2.38,-0.39,1.99,False,False
Gallatin,2026-09-01,Jefferson (Conception) with South Nodaway,,2,11,L,8.28,6.42,-6.28,-4.58,-10.86,False,False
Gallatin,2026-09-08,South Harrison,,1,12,L,1.65,9.42,-0.65,-2.58,-3.22,False,False
Gallatin,2026-09-15,Marceline,,1,12,L,-0.92,9.93,1.92,-2.07,-0.15,False,False
Gallatin,2026-09-21,Milan,,18,0,W,14.52,-1.72,3.48,-1.72,1.76,False,False
Gallatin,2026-09-22,Putnam County,,1,2,L,2.56,3.54,-1.56,1.54,-0.02,False,False
Gallatin,2026-09-24,Maysville,,6,4,W,4.42,5.79,1.58,1.79,3.37,False,False
Gallatin,2026-09-28,Lawson,,0,5,L,5.14,8.26,-5.14,3.26,-1.88,False,False
Gallatin,2026-09-29,Brookfield,,5,6,L,3.23,6.72,1.77,0.72,2.49,False,False
Gallatin,2026-10-05,Trenton,,,,,4.19,4.28,,,,False,False
Gallatin,2026-10-05,East Buchanan,,,,,11.64,1.78,,,,False,False
Gallatin,2026-10-06,King City with Union Star,,,,,1.79,6.43,,,,False,False
Gallatin,2026-10-08,Princeton,,,,,0.99,9.81,,,,False,False
Gallatin,2026-10-12,Gilman City with Tri-County,,,,,6.89,4.38,,,,False,False
Gilman City with Tri-County,2026-08-29,King City with Union Star,,6,12,L,1.85,8.99,4.15,-3.01,1.15,False,False
Gilman City with Tri-County,2026-08-29,North Andrew,,2,8,L,3.28,7.35,-1.28,-0.65,-1.93,False,False
Gilman City with Tri-County,2026-08-29,North Harrison,,15,11,W,9.88,9.53,5.12,-1.47,3.65,False,False
Gilman City with Tri-County,2026-09-02,Plattsburg,,19,1,W,18.5,-0.64,0.5,-1.64,-1.14,False,False
Gilman City with Tri-County,2026-09-03,Linn County,,20,2,W,16.47,2.58,3.53,0.58,4.11,False,False
Gilman City with Tri-County,2026-09-08,"Mercer with Cainsville, Ridgeway",,7,3,W,10.02,5.21,-3.02,2.21,-0.81,False,False
Gilman City with Tri-County,2026-09-10,Grundy County with Newtown-Harris,,16,0,W,16.34,1.33,-0.34,1.33,0.99,False,False
Gilman City with Tri-County,2026-09-14,North Harrison,,6,10,L,9.88,9.53,-3.88,-0.47,-4.35,False,False
Gilman City with Tri-County,2026-09-21,Princeton,,1,16,L,1.05,12.38,-0.05,-3.62,-3.67,False,False
Gilman City with Tri-County,2026-09-23,Princeton,,1,16,L,1.05,12.38,-0.05,-3.62,-3.67,False,False
Gilman City with Tri-County,2026-09-24,"Mercer with Cainsville, Ridgeway",,10,0,W,10.02,5.21,-0.02,5.21,5.19,False,False
Gilman City with Tri-County,2026-09-28,"Braymer with Breckenridge, Southwest (Livingston County)",,9,2,W,11.72,4.43,-2.72,2.43,-0.29,False,False
Gilman City with Tri-County,2026-09-29,Grundy County with Newtown-Harris,,17,2,W,16.34,1.33,0.66,-0.67,-0.01,False,False
Gilman City with Tri-County,2026-10-01,"Pattonsburg with North Daviess, Winston",,,,,5.55,9.29,,,,False,False
Gilman City with Tri-County,2026-10-06,Putnam County,,,,,2.61,6.1,,,,False,False
Gilman City with Tri-County,2026-10-08,Polo,,,,,10.77,7.07,,,,False,False
Gilman City with Tri-County,2026-10-12,Gallatin,,,,,4.38,6.89,,,,False,False
Glasgow,2026-08-31,Community,,7,8,L,6.95,4.31,0.05,-3.69,-3.64,False,False
Glasgow,2026-09-01,Slater with Malta Bend,,11,0,W,7.83,3.25,3.17,3.25,6.42,False,False
Glasgow,2026-09-09,Harrisburg,,2,17,L,2.33,9.72,-0.33,-7.28,-7.61,False,False
Glasgow,2026-09-10,Pilot Grove,,12,2,W,14.24,2.27,-2.24,0.27,-1.96,False,False
Glasgow,2026-09-11,Salisbury,,2,8,L,4.04,8.36,-2.04,0.36,-1.68,False,False
Glasgow,2026-09-15,Madison,,13,1,W,12.7,1.21,0.3,0.21,0.52,False,False
Glasgow,2026-09-17,Northeast (Cairo),,12,1,W,8.91,5.55,3.09,4.55,7.64,False,False
Glasgow,2026-09-19,Fayette,,0,4,L,3.59,5.0,-3.59,1.0,-2.59,False,False
Glasgow,2026-09-19,Fulton,,11,7,W,14.25,4.69,-3.25,-2.31,-5.56,False,False
Glasgow,2026-09-19,Slater with Malta Bend,,16,1,W,7.83,3.25,8.17,2.25,10.42,False,False
Glasgow,2026-09-21,Paris,,11,1,W,6.66,4.92,4.34,3.92,8.25,False,False
Glasgow,2026-09-22,New Franklin,,12,6,W,10.89,3.45,1.11,-2.55,-1.44,False,False
Glasgow,2026-09-24,Norborne with Hardin-Central,,16,1,W,23.04,1.42,-7.04,0.42,-6.62,False,False
Glasgow,2026-09-26,"Brunswick JV(Brunswick, MO)",,17,0,W,,,,,,False,False
Glasgow,2026-09-26,Higbee,,6,1,W,12.78,0.67,-6.78,-0.33,-7.11,False,False
Glasgow,2026-09-26,Slater with Malta Bend,,4,7,L,7.83,3.25,-3.83,-3.75,-7.58,False,False
Glasgow,2026-09-28,Higbee,,10,0,W,12.78,0.67,-2.78,0.67,-2.11,False,False
Glasgow,2026-09-29,"Brunswick with Keytesville, Northwestern (Mendon)",,7,2,W,8.27,1.96,-1.27,-0.04,-1.31,False,False
Glasgow,2026-10-06,Sturgeon,,,,,9.7,2.54,,,,False,False
Glasgow,2026-10-06,"Tina-Avalon with Bosworth, Hale",,,,,20.49,-2.4,,,,False,False
Glasgow,2026-10-08,Fayette,,,,,3.59,5.0,,,,False,False
Glasgow,2026-10-12,Westran,,,,,13.04,5.81,,,,False,False
Glendale,2026-08-27,Branson,,3,13,L,5.59,7.49,-2.59,-5.51,-8.11,False,False
Glendale,2026-08-28,Cassville,,5,6,L,5.0,4.92,-0.0,-1.08,-1.08,False,False
Glendale,2026-08-28,Wheatland,,5,2,W,9.6,2.93,-4.6,0.93,-3.67,False,False
Glendale,2026-08-29,Republic,,5,6,L,4.7,7.23,0.3,1.23,1.53,False,False
Glendale,2026-08-29,Summit Christian Academy,,10,1,W,7.28,5.27,2.72,4.27,6.99,False,False
Glendale,2026-08-31,Cassville,,6,4,W,5.0,4.92,1.0,0.92,1.92,False,False
Glendale,2026-09-01,Carl Junction,,6,7,L,6.76,6.15,-0.76,-0.85,-1.61,False,False
Glendale,2026-09-03,Neosho,,0,11,L,4.08,9.41,-4.08,-1.59,-5.67,False,False
Glendale,2026-09-08,Webb City,,0,8,L,1.03,10.66,-1.03,2.66,1.63,False,False
Glendale,2026-09-09,Bolivar,,5,17,L,4.94,9.35,0.06,-7.65,-7.59,False,False
Glendale,2026-09-10,Willard,,0,12,L,1.09,12.61,-1.09,0.61,-0.49,False,False
Glendale,2026-09-14,Hillcrest,,20,5,W,18.49,2.86,1.51,-2.14,-0.63,False,False
Glendale,2026-09-15,Carthage,,4,16,L,5.09,8.15,-1.09,-7.85,-8.93,False,False
Glendale,2026-09-17,Joplin,,5,3,W,3.83,7.87,1.17,4.87,6.04,False,False
Glendale,2026-09-18,"Lone Grove(Lone Grove, OK)",,0,10,L,,,,,,False,False
Glendale,2026-09-18,"Sapulpa(Sapulpa , OK)",,2,8,L,,,,,,False,False
Glendale,2026-09-19,"Mannford(Mannford , OK)",,1,10,L,,,,,,False,False
Glendale,2026-09-19,"Washington(Washington, OK)",,1,16,L,,,,,,False,False
Glendale,2026-09-21,Parkview,,21,1,W,19.37,-3.66,1.63,-4.66,-3.03,False,False
Glendale,2026-09-24,Nixa,,7,9,L,5.6,11.41,1.4,2.41,3.8,False,False
Glendale,2026-09-25,Logan-Rogersville,,5,0,W,3.44,7.77,1.56,7.77,9.33,False,False
Glendale,2026-09-29,Lebanon,,14,4,W,9.99,6.71,4.01,2.71,6.71,False,False
Glendale,2026-10-01,Ozark,,,,,2.23,9.54,,,,False,False
Glendale,2026-10-02,Francis Howell,,,,,-1.24,10.09,,,,False,False
Glendale,2026-10-05,Hartville,,,,,8.97,4.66,,,,False,False
Glendale,2026-10-06,Kickapoo,,,,,4.85,10.39,,,,False,False
Glendale,2026-10-08,Waynesville,,,,,11.71,3.46,,,,False,False
Glendale,2026-10-12,Republic,,,,,4.7,7.23,,,,False,False
Grain Valley,2026-08-28,South Harrison,,12,3,W,9.03,1.13,2.97,-1.87,1.1,False,False
Grain Valley,2026-08-28,Oak Grove,,3,1,W,6.55,0.48,-3.55,-0.52,-4.07,False,False
Grain Valley,2026-08-29,Belton,,10,0,W,7.71,2.41,2.29,2.41,4.7,False,False
Grain Valley,2026-08-29,Mid-Buchanan,,11,1,W,9.18,0.75,1.82,-0.25,1.57,False,False
Grain Valley,2026-08-29,Platte County,,10,0,W,7.12,4.84,2.88,4.84,7.72,False,False
Grain Valley,2026-08-31,Truman,,12,0,W,9.8,-0.6,2.2,-0.6,1.6,False,False
Grain Valley,2026-09-01,Fort Osage,,5,0,W,6.01,-1.76,-1.01,-1.76,-2.78,False,False
Grain Valley,2026-09-03,Helias Catholic,,,,,5.02,3.89,,,,False,False
Grain Valley,2026-09-08,Truman,,5,2,W,9.8,-0.6,-4.8,-2.6,-7.4,False,False
Grain Valley,2026-09-11,Kearney,,11,0,W,8.27,0.24,2.73,0.24,2.97,False,False
Grain Valley,2026-09-11,Neosho,,14,1,W,9.37,1.03,4.63,0.03,4.66,False,False
Grain Valley,2026-09-11,Republic,,12,0,W,9.98,-1.16,2.02,-1.16,0.86,False,False
Grain Valley,2026-09-12,Smithville,,9,2,W,9.91,1.47,-0.91,-0.53,-1.44,False,False
Grain Valley,2026-09-12,Nixa,,9,4,W,10.89,3.02,-1.89,-0.98,-2.87,False,False
Grain Valley,2026-09-14,Platte County,,5,4,W,7.12,4.84,-2.12,0.84,-1.28,False,False
Grain Valley,2026-09-15,Belton,,6,2,W,7.71,2.41,-1.71,0.41,-1.3,False,False
Grain Valley,2026-09-21,Blue Springs South,,6,4,W,6.38,6.39,-0.38,2.39,2.0,False,False
Grain Valley,2026-09-23,William Chrisman,,15,0,W,19.42,-4.32,-4.42,-4.32,-8.74,False,False
Grain Valley,2026-09-24,Blue Springs,,3,1,W,7.07,-0.54,-4.07,-1.54,-5.62,False,False
Grain Valley,2026-09-25,Kearney,,8,3,W,8.27,0.24,-0.27,-2.76,-3.03,False,False
Grain Valley,2026-09-26,"Owasso(Owasso, OK)",,13,2,W,,,,,,False,False
Grain Valley,2026-09-26,"Papillion-LaVista South(Papillion, NE)",,8,7,W,,,,,,False,False
Grain Valley,2026-09-28,Fort Osage,,7,0,W,6.01,-1.76,0.99,-1.76,-0.78,False,False
Grain Valley,2026-09-30,Platte County,,,,,7.12,4.84,,,,False,False
Grain Valley,2026-10-01,Belton,,,,,7.71,2.41,,,,False,False
Grain Valley,2026-10-05,Raytown,,,,,14.78,-6.37,,,,False,False
Grain Valley,2026-10-06,Lee's Summit West,,,,,9.42,2.14,,,,False,False
Grain Valley,2026-10-08,William Chrisman,,,,,19.42,-4.32,,,,False,False
Grandview,2026-08-28,St. Michael the Archangel,,1,16,L,4.25,13.52,-3.25,-2.48,-5.73,False,False
Grandview,2026-08-28,North Kansas City,,9,3,W,12.22,8.15,-3.22,5.15,1.93,False,False
Grandview,2026-08-29,St. Michael the Archangel,,7,19,L,4.25,13.52,2.75,-5.48,-2.73,False,False
Grandview,2026-08-29,Ruskin,,26,7,W,19.8,1.63,6.2,-5.37,0.83,False,False
Grandview,2026-08-31,Smithville,,2,17,L,0.25,16.27,1.75,-0.73,1.03,False,False
Grandview,2026-09-01,Winnetonka,,9,7,W,10.95,8.14,-1.95,1.14,-0.82,False,False
Grandview,2026-09-03,Kearney,,0,16,L,-1.4,15.04,1.4,-0.96,0.44,False,False
Grandview,2026-09-04,Battle,,6,16,L,2.24,13.82,3.76,-2.18,1.58,False,False
Grandview,2026-09-05,Mexico,,1,20,L,-0.68,15.67,1.68,-4.33,-2.65,False,False
Grandview,2026-09-07,St. Michael the Archangel,,3,18,L,4.25,13.52,-1.25,-4.48,-5.73,False,False
Grandview,2026-09-08,Ruskin,,20,4,W,19.8,1.63,0.2,-2.37,-2.17,False,False
Grandview,2026-09-10,Raytown,,3,8,L,5.11,8.44,-2.11,0.44,-1.67,False,False
Grandview,2026-09-14,Raytown South,,15,0,W,15.94,4.41,-0.94,4.41,3.47,False,False
Grandview,2026-09-15,Lincoln College Prep,,21,0,W,19.84,2.81,1.16,2.81,3.97,False,False
Grandview,2026-09-17,Oak Park,,5,10,L,3.91,12.36,1.09,2.36,3.45,False,False
Grandview,2026-09-18,Lincoln College Prep,,22,5,W,19.84,2.81,2.16,-2.19,-0.03,False,False
Grandview,2026-09-18,"Omaha Central(Omaha, NE)",,2,3,L,,,,,,False,False
Grandview,2026-09-21,North Kansas City,,17,8,W,12.22,8.15,4.78,0.15,4.93,False,False
Grandview,2026-09-23,Winnetonka,,8,7,W,10.95,8.14,-2.95,1.14,-1.82,False,False
Grandview,2026-09-24,California,,5,9,L,4.19,11.5,0.81,2.5,3.31,False,False
Grandview,2026-09-26,New Bloomfield,,1,11,L,3.53,11.65,-2.53,0.65,-1.88,False,False
Grandview,2026-09-28,Ruskin,,21,1,W,19.8,1.63,1.2,0.63,1.83,False,False
Grandview,2026-09-29,Raytown South,,20,5,W,15.94,4.41,4.06,-0.59,3.47,False,False
Grandview,2026-09-30,Lincoln College Prep,,18,8,W,19.84,2.81,-1.84,-5.19,-7.03,False,False
Grandview,2026-10-01,William Chrisman,,,,,9.76,10.48,,,,False,False
Grandview,2026-10-02,Notre Dame de Sion,,,,,8.37,10.13,,,,False,False
Grandview,2026-10-05,Truman,,,,,0.13,14.21,,,,False,False
Grandview,2026-10-06,Smithville,,,,,0.25,16.27,,,,False,False
Grandview,2026-10-07,Humansville,,,,,11.73,6.58,,,,False,False
Grandview,2026-10-08,Kearney,,,,,-1.4,15.04,,,,False,False
Grandview,2026-10-10,Marshall,,,,,5.03,8.88,,,,False,False
Grandview,2026-10-10,Lafayette County,,,,,-0.34,11.72,,,,False,False
Green City,2026-09-01,Meadville,,22,12,W,22.04,9.75,-0.04,-2.25,-2.29,False,False
Green City,2026-09-04,"Brunswick with Keytesville, Northwestern (Mendon)",,2,12,L,4.09,11.99,-2.09,-0.01,-2.1,False,False
Green City,2026-09-05,Grundy County with Newtown-Harris,,21,9,W,14.61,8.88,6.39,-0.12,6.27,False,False
Green City,2026-09-05,Milan,,5,7,L,12.84,8.4,-7.84,1.4,-6.45,False,False
Green City,2026-09-10,Bevier,,17,1,W,14.2,3.6,2.8,2.6,5.39,False,False
Green City,2026-09-11,Grundy County with Newtown-Harris,,13,12,W,14.61,8.88,-1.61,-3.12,-4.73,False,False
Green City,2026-09-14,Linn County,,21,7,W,14.74,10.13,6.26,3.13,9.39,False,False
Green City,2026-09-17,Brashear,,9,10,L,13.74,9.43,-4.74,-0.57,-5.31,False,False
Green City,2026-09-24,La Plata,,13,14,L,11.39,11.81,1.61,-2.19,-0.58,False,False
Green City,2026-09-28,Atlanta,,13,14,L,12.84,15.09,0.16,1.09,1.25,False,False
Green City,2026-10-01,Bucklin with Macon County,,,,,21.18,5.96,,,,False,False
Green City,2026-10-08,Novinger,,,,,11.89,6.89,,,,False,False
Green City,2026-10-09,Schuyler County,,,,,3.95,14.72,,,,False,False
Green City,2026-10-12,"Mercer with Cainsville, Ridgeway",,,,,8.29,12.76,,,,False,False
"Gretna East(Gretna, NE)",2026-09-19,Platte County,,7,0,W,,,,,,False,False
"Gretna(Gretna, NE)",2026-08-28,Park Hill,,9,6,W,,,,,,False,False
"Gretna(Gretna, NE)",2026-08-28,Lee's Summit West,,11,2,W,,,,,,False,False
"Gretna(Gretna, NE)",2026-08-29,Blue Springs South,,12,1,W,,,,,,False,False
"Gretna(Gretna, NE)",2026-09-04,Helias Catholic,,2,0,W,,,,,,False,False
Grundy County with Newtown-Harris,2026-08-28,Linn County,,9,13,L,10.86,11.97,-1.86,-1.03,-2.88,False,False
Grundy County with Newtown-Harris,2026-09-01,"Braymer with Breckenridge, Southwest (Livingston County)",,0,15,L,6.11,13.83,-6.11,-1.17,-7.28,False,False
Grundy County with Newtown-Harris,2026-09-03,"Mercer with Cainsville, Ridgeway",,6,27,L,4.41,14.6,1.59,-12.4,-10.81,False,False
Grundy County with Newtown-Harris,2026-09-05,Green City,,9,21,L,8.88,14.61,0.12,-6.39,-6.27,False,False
Grundy County with Newtown-Harris,2026-09-08,Polo,,4,14,L,5.16,16.47,-1.16,2.47,1.31,False,False
Grundy County with Newtown-Harris,2026-09-10,Gilman City with Tri-County,,0,16,L,1.33,16.34,-1.33,0.34,-0.99,False,False
Grundy County with Newtown-Harris,2026-09-11,Green City,,12,13,L,8.88,14.61,3.12,1.61,4.73,False,False
Grundy County with Newtown-Harris,2026-09-12,Milan,,7,9,L,8.96,10.24,-1.96,1.24,-0.72,False,False
Grundy County with Newtown-Harris,2026-09-12,Salisbury,,1,16,L,-4.02,20.24,5.02,4.24,9.26,False,False
Grundy County with Newtown-Harris,2026-09-12,Meadville,,13,6,W,18.16,11.59,-5.16,5.59,0.44,False,False
Grundy County with Newtown-Harris,2026-09-15,Cainsville,,,,,,,,,,False,False
Grundy County with Newtown-Harris,2026-09-17,Novinger,,16,4,W,8.0,8.73,8.0,4.73,12.73,False,False
Grundy County with Newtown-Harris,2026-09-29,Gilman City with Tri-County,,2,17,L,1.33,16.34,0.67,-0.66,0.01,False,False
Grundy County with Newtown-Harris,2026-10-05,Meadville,,,,,18.16,11.59,,,,False,False
Grundy County with Newtown-Harris,2026-10-06,Princeton,,,,,-4.56,21.77,,,,False,False
Grundy County with Newtown-Harris,2026-10-07,Novinger,,,,,8.0,8.73,,,,False,False
Halfway,2026-08-27,Marshfield,,3,13,L,0.21,8.77,2.79,-4.23,-1.44,False,False
Halfway,2026-08-28,Walnut Grove,,13,3,W,19.25,-0.24,-6.25,-3.24,-9.49,False,False
Halfway,2026-08-29,Walnut Grove,,15,3,W,19.25,-0.24,-4.25,-3.24,-7.49,False,False
Halfway,2026-08-29,Ozark,,2,3,L,1.01,9.0,0.99,6.0,6.99,False,False
Halfway,2026-08-29,Norwood,,10,0,W,9.34,2.64,0.66,2.64,3.3,False,False
Halfway,2026-09-01,Osage,,9,7,W,3.81,7.12,5.19,0.12,5.31,False,False
Halfway,2026-09-03,Climax Springs,,21,0,W,21.0,-2.7,-0.0,-2.7,-2.7,False,False
Halfway,2026-09-04,Humansville,,10,0,W,14.89,-0.37,-4.89,-0.37,-5.26,False,False
Halfway,2026-09-08,Sherwood,,16,0,W,12.51,0.23,3.49,0.23,3.72,False,False
Halfway,2026-09-09,Laquey,,15,0,W,20.0,-5.49,-5.0,-5.49,-10.49,False,False
Halfway,2026-09-11,Walnut Grove,,11,2,W,19.25,-0.24,-8.25,-2.24,-10.49,False,False
Halfway,2026-09-12,Dadeville with Everton,,7,3,W,4.44,4.35,2.56,1.35,3.91,False,False
Halfway,2026-09-12,Monett,,7,4,W,8.15,2.69,-1.15,-1.31,-2.46,False,False
Halfway,2026-09-14,Richland,,14,2,W,15.37,-0.01,-1.37,-2.01,-3.38,False,False
Halfway,2026-09-15,Walnut Grove,,15,0,W,19.25,-0.24,-4.25,-0.24,-4.49,False,False
Halfway,2026-09-17,Fair Play,,11,1,W,23.57,-8.4,-12.57,-9.4,-21.98,False,False
Halfway,2026-09-18,Central (Springfield),,20,0,W,,,,,,False,False
Halfway,2026-09-21,Wheatland,,12,2,W,8.38,2.39,3.62,0.39,4.01,False,False
Halfway,2026-09-25,East Carter,,1,5,L,8.73,2.28,-7.73,-2.72,-10.45,False,False
Halfway,2026-09-25,Hartville,,7,2,W,7.75,4.12,-0.75,2.12,1.37,False,False
Halfway,2026-09-25,Naylor,,9,2,W,7.21,0.71,1.79,-1.29,0.5,False,False
Halfway,2026-09-28,Hartville,,8,2,W,7.75,4.12,0.25,2.12,2.37,False,False
Halfway,2026-09-29,Hermitage,,13,0,W,12.94,-0.68,0.06,-0.68,-0.62,False,False
Halfway,2026-10-01,Dadeville with Everton,,,,,4.44,4.35,,,,False,False
Halfway,2026-10-05,Weaubleau,,,,,11.24,1.29,,,,False,False
Halfway,2026-10-06,Macks Creek,,,,,12.48,-1.22,,,,False,False
Halfway,2026-10-08,Montrose with Appleton City,,,,,16.54,-0.48,,,,False,False
Halfway,2026-10-09,Montrose with Appleton City,,,,,16.54,-0.48,,,,False,False
Halfway,2026-10-12,Norwood,,,,,9.34,2.64,,,,False,False
Hallsville with Christian Fellowship Sr.,2026-08-27,Van-Far,,10,2,W,10.6,4.21,-0.6,2.21,1.61,False,False
Hallsville with Christian Fellowship Sr.,2026-08-29,Eldon,,0,6,L,2.54,4.41,-2.54,-1.59,-4.14,False,False
Hallsville with Christian Fellowship Sr.,2026-08-29,Southern Boone,,1,4,L,1.63,9.12,-0.63,5.12,4.49,False,False
Hallsville with Christian Fellowship Sr.,2026-09-01,Macon,,4,3,W,5.87,5.78,-1.87,2.78,0.91,False,False
Hallsville with Christian Fellowship Sr.,2026-09-02,Harrisburg,,0,7,L,1.98,8.55,-1.98,1.55,-0.43,False,False
Hallsville with Christian Fellowship Sr.,2026-09-03,Boonville,,10,0,W,6.62,4.35,3.38,4.35,7.73,False,False
Hallsville with Christian Fellowship Sr.,2026-09-07,Mexico,,4,3,W,3.76,8.08,0.24,5.08,5.32,False,False
Hallsville with Christian Fellowship Sr.,2026-09-08,Salisbury,,3,9,L,3.69,7.19,-0.69,-1.81,-2.5,False,False
Hallsville with Christian Fellowship Sr.,2026-09-09,Blair Oaks,,0,10,L,3.59,6.37,-3.59,-3.63,-7.22,False,False
Hallsville with Christian Fellowship Sr.,2026-09-15,Russellville,,12,11,W,6.4,6.22,5.6,-4.78,0.82,False,False
Hallsville with Christian Fellowship Sr.,2026-09-16,Smith-Cotton,,6,4,W,5.46,3.99,0.54,-0.01,0.53,False,False
Hallsville with Christian Fellowship Sr.,2026-09-21,Father Tolton,,10,5,W,6.47,2.87,3.53,-2.13,1.4,False,False
Hallsville with Christian Fellowship Sr.,2026-09-24,Southern Boone,,2,11,L,1.63,9.12,0.37,-1.88,-1.51,False,False
Hallsville with Christian Fellowship Sr.,2026-09-28,Osage,,6,10,L,5.09,6.47,0.91,-3.53,-2.62,False,False
Hallsville with Christian Fellowship Sr.,2026-09-29,Fulton,,7,2,W,13.9,3.53,-6.9,1.53,-5.37,False,False
Hallsville with Christian Fellowship Sr.,2026-10-01,Eldon,,,,,2.54,4.41,,,,False,False
Hallsville with Christian Fellowship Sr.,2026-10-05,Fatima,,,,,2.41,7.73,,,,False,False
Hallsville with Christian Fellowship Sr.,2026-10-06,Centralia,,,,,0.26,9.03,,,,False,False
Hallsville with Christian Fellowship Sr.,2026-10-08,California,,,,,8.63,3.9,,,,False,False
Hallsville with Christian Fellowship Sr.,2026-10-12,South Callaway,,,,,8.68,2.52,,,,False,False
Hancock,2026-08-27,University City,,17,7,W,13.84,4.55,3.16,-2.45,0.71,False,False
Hancock,2026-09-01,Bayless,,14,4,W,13.74,5.59,0.26,1.59,1.85,False,False
Hancock,2026-09-02,Affton,,0,10,L,11.56,8.17,-11.56,-1.83,-13.39,False,False
Hancock,2026-09-03,St. Louis Patriots Sr.,,13,14,L,,,,,,False,False
Hancock,2026-09-08,Valley Park,,5,9,L,3.31,14.39,1.69,5.39,7.08,False,False
Hancock,2026-09-09,Mehlville,,9,8,W,7.47,6.37,1.53,-1.63,-0.1,False,False
Hancock,2026-09-15,McCluer North,,15,4,W,15.92,4.77,-0.92,0.77,-0.14,False,False
Hancock,2026-09-21,Herculaneum with Crystal City,,,,,13.28,6.05,,,,False,False
Hancock,2026-09-22,Bayless,,18,5,W,13.74,5.59,4.26,0.59,4.85,False,False
Hancock,2026-09-24,Cuba,,17,3,W,19.34,5.52,-2.34,2.52,0.18,False,False
Hancock,2026-09-24,Perryville,,7,6,W,5.4,10.19,1.6,4.19,5.8,False,False
Hancock,2026-09-28,Ursuline Academy,,10,9,W,9.33,7.33,0.67,-1.67,-1.0,False,False
Hancock,2026-09-28,University City,,17,7,W,13.84,4.55,3.16,-2.45,0.71,False,False
Hancock,2026-09-30,Cuba,,23,8,W,19.34,5.52,3.66,-2.48,1.18,False,False
Hancock,2026-10-05,Clayton,,,,,11.35,6.77,,,,False,False
Hancock,2026-10-06,Notre Dame (St. Louis),,,,,12.79,8.52,,,,False,False
Hancock,2026-10-08,Metro,,,,,16.7,0.1,,,,False,False
Hancock,2026-10-09,STEAM Academy,,,,,21.33,-1.51,,,,False,False
Hancock,2026-10-12,Hazelwood West,,,,,8.63,8.42,,,,False,False
Hannibal,2026-08-29,Ft. Zumwalt South,,10,7,W,7.86,7.89,2.14,0.89,3.03,False,False
Hannibal,2026-08-29,Clopton,,6,3,W,6.34,4.24,-0.34,1.24,0.9,False,False
Hannibal,2026-09-03,Marceline,,0,10,L,0.07,9.74,-0.07,-0.26,-0.32,False,False
Hannibal,2026-09-08,Moberly,,6,8,L,4.35,6.96,1.65,-1.04,0.61,False,False
Hannibal,2026-09-10,Mexico,,0,10,L,2.59,8.97,-2.59,-1.03,-3.61,False,False
Hannibal,2026-09-12,Paris,,5,8,L,5.15,4.65,-0.15,-3.35,-3.49,False,False
Hannibal,2026-09-12,New Bloomfield,,18,2,W,6.79,4.95,11.21,2.95,14.16,False,False
Hannibal,2026-09-14,Bowling Green,,5,6,L,7.55,7.7,-2.55,1.7,-0.85,False,False
Hannibal,2026-09-15,Monroe City,,0,7,L,5.16,7.85,-5.16,0.85,-4.31,False,False
Hannibal,2026-09-16,Clark County,,8,3,W,6.21,5.14,1.79,2.14,3.93,False,False
Hannibal,2026-09-19,Winfield,,0,10,L,0.17,7.89,-0.17,-2.11,-2.27,False,False
Hannibal,2026-09-19,Incarnate Word Academy,,2,6,L,3.43,7.27,-1.43,1.27,-0.16,False,False
Hannibal,2026-09-19,St. Joseph's Academy,,2,6,L,3.35,6.23,-1.35,0.23,-1.12,False,False
Hannibal,2026-09-21,Kirksville,,4,11,L,3.26,7.57,0.74,-3.43,-2.69,False,False
Hannibal,2026-09-22,Highland,,7,8,L,2.6,10.2,4.4,2.2,6.6,False,False
Hannibal,2026-09-24,Canton,,4,8,L,6.88,4.65,-2.88,-3.35,-6.23,False,False
Hannibal,2026-09-26,Clopton,,4,3,W,6.34,4.24,-2.34,1.24,-1.1,False,False
Hannibal,2026-09-26,Silex,,0,7,L,-0.19,8.13,0.19,1.13,1.32,False,False
Hannibal,2026-09-26,Monroe City,,2,12,L,5.16,7.85,-3.16,-4.15,-7.31,False,False
Hannibal,2026-09-28,Moberly,,5,6,L,4.35,6.96,0.65,0.96,1.61,False,False
Hannibal,2026-09-30,Louisiana,,12,2,W,12.32,4.36,-0.32,2.36,2.04,False,False
Hannibal,2026-10-01,Fulton,,,,,12.73,4.42,,,,False,False
Hannibal,2026-10-06,Kirksville,,,,,3.26,7.57,,,,False,False
Hannibal,2026-10-07,Mexico,,,,,2.59,8.97,,,,False,False
Hannibal,2026-10-10,Francis Howell,,,,,-2.35,9.81,,,,False,False
Hannibal,2026-10-12,Palmyra,,,,,5.95,6.09,,,,False,False
Harrisburg,2026-08-27,North Callaway,,6,1,W,5.11,2.22,0.89,1.22,2.12,False,False
Harrisburg,2026-08-29,Eldon,,5,1,W,5.71,1.0,-0.71,-0.0,-0.71,False,False
Harrisburg,2026-08-29,Southern Boone,,4,11,L,4.79,5.71,-0.79,-5.29,-6.08,False,False
Harrisburg,2026-09-02,Hallsville with Christian Fellowship Sr.,,7,0,W,8.55,1.98,-1.55,1.98,0.43,False,False
Harrisburg,2026-09-03,Father Tolton,,11,1,W,9.64,-0.53,1.36,-1.53,-0.17,False,False
Harrisburg,2026-09-04,Clark County,,9,0,W,10.54,0.83,-1.54,0.83,-0.71,False,False
Harrisburg,2026-09-09,Glasgow,,17,2,W,9.72,2.33,7.28,0.33,7.61,False,False
Harrisburg,2026-09-10,Eugene,,3,2,W,6.72,4.65,-3.72,2.65,-1.07,False,False
Harrisburg,2026-09-12,Fayette,,2,0,W,6.41,0.43,-4.41,0.43,-3.98,False,False
Harrisburg,2026-09-12,Madison,,5,2,W,15.51,-3.36,-10.51,-5.36,-15.87,False,False
Harrisburg,2026-09-12,Westran,,15,0,W,15.85,1.24,-0.85,1.24,0.39,False,False
Harrisburg,2026-09-14,Russellville,,12,0,W,9.56,2.81,2.44,2.81,5.25,False,False
Harrisburg,2026-09-17,Fayette,,11,2,W,6.41,0.43,4.59,-1.57,3.02,False,False
Harrisburg,2026-09-18,Central (St. Joseph),,10,4,W,10.95,1.75,-0.95,-2.25,-3.2,False,False
Harrisburg,2026-09-18,West Platte,,8,2,W,6.66,2.6,1.34,0.6,1.93,False,False
Harrisburg,2026-09-18,Park Hill,,11,1,W,3.92,3.95,7.08,2.95,10.03,False,False
Harrisburg,2026-09-19,Central (St. Joseph),,10,3,W,10.95,1.75,-0.95,-1.25,-2.2,False,False
Harrisburg,2026-09-19,Park Hill South,,0,4,L,8.55,4.38,-8.55,0.38,-8.17,False,False
Harrisburg,2026-09-21,South Callaway,,9,0,W,11.84,-0.89,-2.84,-0.89,-3.73,False,False
Harrisburg,2026-09-23,New Bloomfield,,16,1,W,11.13,0.64,4.87,-0.36,4.52,False,False
Harrisburg,2026-09-24,South Shelby,,16,1,W,16.38,-2.34,-0.38,-3.34,-3.72,False,False
Harrisburg,2026-09-26,Moberly,,5,8,L,8.68,2.65,-3.68,-5.35,-9.03,False,False
Harrisburg,2026-09-26,North Callaway,,4,3,W,5.11,2.22,-1.11,-0.78,-1.88,False,False
Harrisburg,2026-09-28,Linn,,10,0,W,6.26,4.47,3.74,4.47,8.21,False,False
Harrisburg,2026-09-30,New Franklin,,15,0,W,13.7,-1.12,1.3,-1.12,0.18,False,False
Harrisburg,2026-10-01,Osage,,,,,8.25,3.06,,,,False,False
Harrisburg,2026-10-05,Mexico,,,,,6.92,4.67,,,,False,False
Harrisburg,2026-10-07,Sturgeon,,,,,12.51,-2.03,,,,False,False
Harrisburg,2026-10-08,Northeast (Cairo),,,,,11.72,0.98,,,,False,False
Harrisburg,2026-10-10,Southern Boone,,,,,4.79,5.71,,,,False,False
Harrisburg,2026-10-10,Webster Groves,,,,,9.69,1.18,,,,False,False
Harrisburg,2026-10-12,North Shelby,,,,,5.42,1.67,,,,False,False
Harrisonville,2026-08-28,Chillicothe,,0,17,L,-3.92,14.86,3.92,-2.14,1.77,False,False
Harrisonville,2026-08-28,Platte County,,0,19,L,-0.33,17.25,0.33,-1.75,-1.42,False,False
Harrisonville,2026-08-29,South Harrison,,1,9,L,1.57,13.54,-0.57,4.54,3.97,False,False
Harrisonville,2026-08-29,William Chrisman,,6,11,L,11.97,8.09,-5.97,-2.91,-8.88,False,False
Harrisonville,2026-08-29,Oak Park,,7,0,W,6.11,9.96,0.89,9.96,10.85,False,False
Harrisonville,2026-09-01,Nevada,,17,3,W,17.55,3.39,-0.55,0.39,-0.15,False,False
Harrisonville,2026-09-03,Odessa,,6,15,L,4.37,11.74,1.63,-3.26,-1.62,False,False
Harrisonville,2026-09-08,Warrensburg,,3,13,L,3.61,11.94,-0.61,-1.06,-1.68,False,False
Harrisonville,2026-09-09,Belton,,,,,0.26,14.82,,,,False,False
Harrisonville,2026-09-11,Owensville,,0,6,L,5.7,10.75,-5.7,4.75,-0.94,False,False
Harrisonville,2026-09-11,Lafayette County,,2,8,L,1.87,9.33,0.13,1.33,1.46,False,False
Harrisonville,2026-09-12,St. Michael the Archangel,,5,10,L,6.46,11.13,-1.46,1.13,-0.34,False,False
Harrisonville,2026-09-15,Pleasant Hill,,1,10,L,-0.82,13.37,1.82,3.37,5.19,False,False
Harrisonville,2026-09-17,Odessa,,8,11,L,4.37,11.74,3.63,0.74,4.38,False,False
Harrisonville,2026-09-19,Clinton,,15,4,W,10.35,6.69,4.65,2.69,7.34,False,False
Harrisonville,2026-09-19,Richmond,,7,8,L,1.5,10.4,5.5,2.4,7.9,False,False
Harrisonville,2026-09-21,Lone Jack,,9,10,L,4.59,9.11,4.41,-0.89,3.52,False,False
Harrisonville,2026-09-22,Oak Grove,,0,14,L,-0.91,12.89,0.91,-1.11,-0.21,False,False
Harrisonville,2026-09-24,Clinton,,8,7,W,10.35,6.69,-2.35,-0.31,-2.66,False,False
Harrisonville,2026-09-28,Summit Christian Academy,,2,12,L,5.11,9.29,-3.11,-2.71,-5.82,False,False
Harrisonville,2026-09-29,Warrensburg,,4,17,L,3.61,11.94,0.39,-5.06,-4.68,False,False
Harrisonville,2026-09-30,Pleasant Hill,,,,,-0.82,13.37,,,,False,False
Harrisonville,2026-09-30,Sherwood,,,,,11.56,4.79,,,,False,False
Harrisonville,2026-10-01,Pleasant Hill,,,,,-0.82,13.37,,,,False,False
Harrisonville,2026-10-08,Oak Grove,,,,,-0.91,12.89,,,,False,False
Harrisonville,2026-10-13,Clinton,,,,,10.35,6.69,,,,False,False
Hartville,2026-08-28,Republic,,0,8,L,2.84,9.69,-2.84,1.69,-1.16,False,False
Hartville,2026-08-28,McDonald County,,0,11,L,2.39,12.21,-2.39,1.21,-1.17,False,False
Hartville,2026-08-29,Wheatland,,5,10,L,7.75,5.38,-2.75,-4.62,-7.36,False,False
Hartville,2026-08-29,West Plains,,7,6,W,7.9,7.29,-0.9,1.29,0.39,False,False
Hartville,2026-09-03,Aurora,,3,13,L,4.6,6.85,-1.6,-6.15,-7.75,False,False
Hartville,2026-09-08,Wheatland,,9,10,L,7.75,5.38,1.25,-4.62,-3.36,False,False
Hartville,2026-09-10,Norwood,,8,5,W,8.7,5.63,-0.7,0.63,-0.07,False,False
Hartville,2026-09-12,Vienna,,8,7,W,4.18,7.77,3.82,0.77,4.59,False,False
Hartville,2026-09-12,Osage,,1,6,L,3.17,10.11,-2.17,4.11,1.94,False,False
Hartville,2026-09-12,Waynesville,,8,5,W,9.85,5.91,-1.85,0.91,-0.94,False,False
Hartville,2026-09-15,Dixon,,11,9,W,8.27,9.96,2.73,0.96,3.69,False,False
Hartville,2026-09-17,Norwood,,16,4,W,8.7,5.63,7.3,1.63,8.93,False,False
Hartville,2026-09-18,Dadeville with Everton,,2,9,L,3.81,7.35,-1.81,-1.65,-3.46,False,False
Hartville,2026-09-21,Lebanon,,10,4,W,8.14,9.16,1.86,5.16,7.02,False,False
Hartville,2026-09-22,Marshfield,,0,9,L,-0.42,11.76,0.42,2.76,3.19,False,False
Hartville,2026-09-25,East Carter,,11,0,W,8.09,5.27,2.91,5.27,8.18,False,False
Hartville,2026-09-25,Halfway,,2,7,L,4.12,7.75,-2.12,0.75,-1.37,False,False
Hartville,2026-09-25,Norwood,,6,9,L,8.7,5.63,-2.7,-3.37,-6.07,False,False
Hartville,2026-09-28,Halfway,,2,8,L,4.12,7.75,-2.12,-0.25,-2.37,False,False
Hartville,2026-09-30,West Plains,,9,10,L,7.9,7.29,1.1,-2.71,-1.61,False,False
Hartville,2026-10-01,Stoutland,,,,,8.5,6.31,,,,False,False
Hartville,2026-10-05,Glendale,,,,,4.66,8.97,,,,False,False
Hartville,2026-10-09,Doniphan,,,,,0.14,12.08,,,,False,False
Hartville,2026-10-09,Kelly,,,,,1.48,9.11,,,,False,False
Hartville,2026-10-12,Logan-Rogersville,,,,,1.59,10.23,,,,False,False
Hazelwood Central,2026-09-09,University City,,0,18,L,,,,,,False,False
Hazelwood Central,2026-09-11,Hazelwood West,,0,15,L,,,,,,False,False
Hazelwood Central,2026-09-18,STEAM Academy,,9,18,L,,,,,,False,False
Hazelwood Central,2026-09-22,McCluer North,,3,18,L,,,,,,False,False
Hazelwood Central,2026-10-07,STEAM Academy,,,,,,,,,,False,False
Hazelwood Central,2026-10-09,McCluer North,,,,,,,,,,False,False
Hazelwood Central,2026-10-12,Bayless,,,,,,,,,,False,False
Hazelwood East,2026-09-14,STEAM Academy,,21,6,W,,,,,,False,False
Hazelwood East,2026-09-23,Bayless,,0,19,L,,,,,,False,False
Hazelwood East,2026-09-24,McCluer North,,5,19,L,,,,,,False,False
Hazelwood East,2026-10-01,STEAM Academy,,,,,,,,,,False,False
Hazelwood East,2026-10-02,University City,,,,,,,,,,False,False
Hazelwood East,2026-10-09,Hazelwood West,,,,,,,,,,False,False
Hazelwood East,2026-10-12,McCluer North,,,,,,,,,,False,False
Hazelwood West,2026-08-27,Lutheran South,,14,15,L,5.47,10.69,8.53,-4.31,4.22,False,False
Hazelwood West,2026-08-29,Ladue Horton Watkins,,5,12,L,8.79,7.64,-3.79,-4.36,-8.15,False,False
Hazelwood West,2026-09-10,Orchard Farm,,0,6,L,6.03,10.27,-6.03,4.27,-1.75,False,False
Hazelwood West,2026-09-11,Hazelwood Central,,15,0,W,,,,,,False,False
Hazelwood West,2026-09-14,Incarnate Word Academy,,0,10,L,0.59,14.07,-0.59,4.07,3.48,False,False
Hazelwood West,2026-09-15,Pattonville,,9,11,L,6.51,10.58,2.49,-0.42,2.07,False,False
Hazelwood West,2026-09-17,University City,,13,3,W,14.29,5.21,-1.29,2.21,0.92,False,False
Hazelwood West,2026-09-22,Mehlville,,15,3,W,7.92,7.02,7.08,4.02,11.11,False,False
Hazelwood West,2026-09-23,Lutheran St. Charles with Veritas Christian Academy,,3,17,L,8.49,12.45,-5.49,-4.55,-10.04,False,False
Hazelwood West,2026-09-24,Kirkwood,,0,8,L,2.21,10.78,-2.21,2.78,0.58,False,False
Hazelwood West,2026-09-28,St. Louis Patriots Sr.,,13,2,W,,,,,,False,False
Hazelwood West,2026-09-29,Ritenour,,8,10,L,6.58,11.5,1.42,1.5,2.91,False,False
Hazelwood West,2026-09-30,Ft. Zumwalt East,,1,13,L,3.03,11.19,-2.03,-1.81,-3.85,False,False
Hazelwood West,2026-10-01,Parkway North with Principia,,,,,11.81,7.78,,,,False,False
Hazelwood West,2026-10-05,Ursuline Academy,,,,,9.78,7.98,,,,False,False
Hazelwood West,2026-10-05,St. Joseph's Academy,,,,,0.51,13.03,,,,False,False
Hazelwood West,2026-10-06,Affton,,,,,12.01,8.83,,,,False,False
Hazelwood West,2026-10-07,Valley Park,,,,,3.76,15.05,,,,False,False
Hazelwood West,2026-10-08,Clayton,,,,,11.8,7.43,,,,False,False
Hazelwood West,2026-10-09,Hazelwood East,,,,,,,,,,False,False
Hazelwood West,2026-10-12,Hancock,,,,,8.42,8.63,,,,False,False
Hazelwood West,2026-10-12,Maplewood-Richmond Hts. with Brentwood,,,,,,,,,,False,False
Helias Catholic,2026-08-27,Ozark,,12,2,W,8.0,2.76,4.0,0.76,4.76,False,False
Helias Catholic,2026-08-29,Kickapoo,,13,4,W,10.62,3.61,2.38,-0.39,1.99,False,False
Helias Catholic,2026-09-01,Rolla,,12,0,W,10.14,0.24,1.86,0.24,2.09,False,False
Helias Catholic,2026-09-03,Grain Valley,,,,,3.89,5.02,,,,False,False
Helias Catholic,2026-09-04,"Gretna(Gretna, NE)",,0,2,L,,,,,,False,False
Helias Catholic,2026-09-04,"Westview(Omaha, NE)",,0,5,L,,,,,,False,False
Helias Catholic,2026-09-05,"Bellevue East(Bellevue, NE)",,7,2,W,,,,,,False,False
Helias Catholic,2026-09-09,Jefferson City,,17,0,W,14.66,-0.29,2.34,-0.29,2.06,False,False
Helias Catholic,2026-09-11,Centralia,,6,1,W,5.97,3.43,0.03,2.43,2.46,False,False
Helias Catholic,2026-09-11,Odessa,,17,2,W,12.3,0.94,4.7,-1.06,3.64,False,False
Helias Catholic,2026-09-12,Blue Springs,,5,4,W,7.55,1.06,-2.55,-2.94,-5.49,False,False
Helias Catholic,2026-09-12,Francis Howell Central,,10,0,W,12.02,2.09,-2.02,2.09,0.06,False,False
Helias Catholic,2026-09-14,Smith-Cotton,,15,2,W,11.16,-1.61,3.84,-3.61,0.23,False,False
Helias Catholic,2026-09-15,Blair Oaks,,4,3,W,9.3,0.77,-5.3,-2.23,-7.52,False,False
Helias Catholic,2026-09-16,Bowling Green,,7,3,W,14.43,1.2,-7.43,-1.8,-9.23,False,False
Helias Catholic,2026-09-19,North Point,,3,0,W,11.36,-0.73,-8.36,-0.73,-9.09,False,False
Helias Catholic,2026-09-19,Troy Buchanan,,1,6,L,4.02,3.9,-3.02,-2.1,-5.12,False,False
Helias Catholic,2026-09-21,Camdenton,,18,3,W,18.73,-3.93,-0.73,-6.93,-7.66,False,False
Helias Catholic,2026-09-22,Southern Boone,,12,2,W,7.33,3.52,4.67,1.52,6.19,False,False
Helias Catholic,2026-09-23,Battle,,8,1,W,12.38,0.62,-4.38,-0.38,-4.76,False,False
Helias Catholic,2026-09-25,Blue Springs South,,9,4,W,6.86,7.99,2.14,3.99,6.13,False,False
Helias Catholic,2026-09-29,Rock Bridge,,2,5,L,5.34,4.41,-3.34,-0.59,-3.93,False,False
Helias Catholic,2026-09-30,Hickman,,13,3,W,8.22,4.32,4.78,1.32,6.11,False,False
Helias Catholic,2026-10-01,Sullivan,,,,,10.57,1.9,,,,False,False
Helias Catholic,2026-10-05,Capital City,,,,,8.07,1.13,,,,False,False
Helias Catholic,2026-10-07,Fatima,,,,,8.11,2.13,,,,False,False
Helias Catholic,2026-10-08,Father Tolton,,,,,12.18,-2.73,,,,False,False
Helias Catholic,2026-10-09,Washington,,,,,7.66,4.02,,,,False,False
Herculaneum with Crystal City,2026-09-03,St. Clair,,0,15,L,6.88,12.03,-6.88,-2.97,-9.85,False,False
Herculaneum with Crystal City,2026-09-08,DeSoto,,1,14,L,2.79,14.85,-1.79,0.85,-0.95,False,False
Herculaneum with Crystal City,2026-09-09,North County,,0,14,L,-1.77,18.65,1.77,4.65,6.42,False,False
Herculaneum with Crystal City,2026-09-10,Jefferson (Festus),,1,9,L,2.69,15.82,-1.69,6.82,5.14,False,False
Herculaneum with Crystal City,2026-09-15,Perryville,,,,,3.48,15.51,,,,False,False
Herculaneum with Crystal City,2026-09-16,Festus,,0,15,L,-4.67,19.81,4.67,4.81,9.48,False,False
Herculaneum with Crystal City,2026-09-17,Fredericktown,,2,12,L,0.55,15.93,1.45,3.93,5.38,False,False
Herculaneum with Crystal City,2026-09-21,Hancock,,,,,6.05,13.28,,,,False,False
Herculaneum with Crystal City,2026-09-22,Notre Dame (St. Louis),,14,18,L,10.87,13.84,3.13,-4.16,-1.03,False,False
Herculaneum with Crystal City,2026-09-23,Saxony Lutheran with St. Vincent,,3,21,L,0.59,16.56,2.41,-4.44,-2.03,False,False
Herculaneum with Crystal City,2026-09-29,Windsor (Imperial),,0,11,L,-3.55,19.72,3.55,8.72,12.27,False,False
Herculaneum with Crystal City,2026-09-30,Farmington,,6,17,L,0.52,19.02,5.48,2.02,7.5,False,False
Herculaneum with Crystal City,2026-10-05,Perryville,,,,,3.48,15.51,,,,False,False
Herculaneum with Crystal City,2026-10-06,Hillsboro,,,,,-1.89,19.17,,,,False,False
Herculaneum with Crystal City,2026-10-12,Affton,,,,,9.64,13.49,,,,False,False
Hermann with New Haven,2026-08-31,South Callaway,,6,13,L,9.18,12.53,-3.18,-0.47,-3.65,False,False
Hermann with New Haven,2026-09-03,Community,,11,18,L,7.11,13.15,3.89,-4.85,-0.95,False,False
Hermann with New Haven,2026-09-10,St. Clair,,22,12,W,13.76,9.68,8.24,-2.32,5.92,False,False
Hermann with New Haven,2026-09-12,Cuba,,22,3,W,24.31,8.49,-2.31,5.49,3.18,False,False
Hermann with New Haven,2026-09-12,Newburg,,5,6,L,14.57,10.05,-9.57,4.05,-5.52,False,False
Hermann with New Haven,2026-09-12,St. James,,16,9,W,12.27,9.62,3.73,0.62,4.35,False,False
Hermann with New Haven,2026-09-14,Mark Twain,,9,21,L,6.61,15.01,2.39,-5.99,-3.59,False,False
Hermann with New Haven,2026-09-15,Owensville,,0,16,L,8.43,15.56,-8.43,-0.44,-8.87,False,False
Hermann with New Haven,2026-09-16,Wellsville-Middletown,,30,8,W,20.83,9.48,9.17,1.48,10.65,False,False
Hermann with New Haven,2026-09-17,Sullivan,,0,12,L,5.36,17.51,-5.36,5.51,0.14,False,False
Hermann with New Haven,2026-09-22,Union,,0,17,L,10.35,16.38,-10.35,-0.62,-10.97,False,False
Hermann with New Haven,2026-09-24,St. James,,17,14,W,12.27,9.62,4.73,-4.38,0.35,False,False
Hermann with New Haven,2026-09-26,St. James,,10,12,L,12.27,9.62,-2.27,-2.38,-4.65,False,False
Hermann with New Haven,2026-09-26,St. Pius X (Festus),,11,12,L,13.93,11.83,-2.93,-0.17,-3.1,False,False
Hermann with New Haven,2026-09-26,St. Clair,,20,3,W,13.76,9.68,6.24,6.68,12.92,False,False
Hermann with New Haven,2026-09-28,Cuba,,28,1,W,24.31,8.49,3.69,7.49,11.18,False,False
Hermann with New Haven,2026-09-29,Pacific,,10,14,L,6.44,14.78,3.56,0.78,4.34,False,False
Hermann with New Haven,2026-10-03,St. James,,,,,12.27,9.62,,,,False,False
Hermann with New Haven,2026-10-03,Mark Twain,,,,,6.61,15.01,,,,False,False
Hermann with New Haven,2026-10-05,Wright City,,,,,7.0,15.35,,,,False,False
Hermann with New Haven,2026-10-08,New Bloomfield,,,,,8.47,14.06,,,,False,False
Hermann with New Haven,2026-10-12,St. Louis Patriots Sr.,,,,,,,,,,False,False
Hermann with New Haven,2026-10-13,Lutheran St. Charles with Veritas Christian Academy,,,,,13.01,14.76,,,,False,False
Hermitage,2026-08-28,Sherwood,,7,3,W,7.08,8.42,-0.08,5.42,5.34,False,False
Hermitage,2026-08-29,Humansville,,11,12,L,9.45,7.81,1.55,-4.19,-2.64,False,False
Hermitage,2026-08-29,Montrose with Appleton City,,9,5,W,11.11,7.71,-2.11,2.71,0.6,False,False
Hermitage,2026-09-01,Montrose with Appleton City,,13,7,W,11.11,7.71,1.89,0.71,2.6,False,False
Hermitage,2026-09-03,Humansville,,16,13,W,9.45,7.81,6.55,-5.19,1.36,False,False
Hermitage,2026-09-08,Weaubleau,,4,8,L,5.8,9.48,-1.8,1.48,-0.32,False,False
Hermitage,2026-09-11,Macks Creek,,2,12,L,7.05,6.96,-5.05,-5.04,-10.08,False,False
Hermitage,2026-09-15,Fair Play,,17,1,W,18.14,-0.22,-1.14,-1.22,-2.36,False,False
Hermitage,2026-09-18,Humansville,,5,9,L,9.45,7.81,-4.45,-1.19,-5.64,False,False
Hermitage,2026-09-18,Stoutland,,1,6,L,3.7,11.5,-2.7,5.5,2.8,False,False
Hermitage,2026-09-19,Macks Creek,,13,6,W,7.05,6.96,5.95,0.96,6.92,False,False
Hermitage,2026-09-21,Crocker,,9,22,L,4.44,13.21,4.56,-8.79,-4.23,False,False
Hermitage,2026-09-22,Wheatland,,0,8,L,2.94,10.57,-2.94,2.57,-0.37,False,False
Hermitage,2026-09-24,Climax Springs,,21,0,W,15.57,5.49,5.43,5.49,10.92,False,False
Hermitage,2026-09-25,Walnut Grove,,8,5,W,13.82,7.95,-5.82,2.95,-2.87,False,False
Hermitage,2026-09-29,Halfway,,0,13,L,-0.68,12.94,0.68,-0.06,0.62,False,False
Hermitage,2026-10-02,Wheatland,,,,,2.94,10.57,,,,False,False
Hermitage,2026-10-06,Stoutland,,,,,3.7,11.5,,,,False,False
Hermitage,2026-10-08,Dadeville with Everton,,,,,-0.99,12.54,,,,False,False
Hermitage,2026-10-09,Richland,,,,,9.94,8.18,,,,False,False
Hermitage,2026-10-12,Parkview,,,,,12.71,3.99,,,,False,False
Hickman,2026-08-28,Highland,,8,7,W,8.31,6.42,-0.31,-0.58,-0.88,False,False
Hickman,2026-08-28,Troy Buchanan,,3,4,L,2.85,6.62,0.15,2.62,2.77,False,False
Hickman,2026-08-29,North Point,,12,0,W,10.19,1.99,1.81,1.99,3.8,False,False
Hickman,2026-08-29,St. Dominic,,3,1,W,7.8,1.77,-4.8,0.77,-4.04,False,False
Hickman,2026-09-01,Boonville,,8,7,W,11.15,1.47,-3.15,-5.53,-8.69,False,False
Hickman,2026-09-03,Rolla,,5,0,W,8.97,2.96,-3.97,2.96,-1.02,False,False
Hickman,2026-09-07,Jefferson City,,15,2,W,13.49,2.44,1.51,0.44,1.95,False,False
Hickman,2026-09-08,Southern Boone,,1,2,L,6.16,6.24,-5.16,4.24,-0.92,False,False
Hickman,2026-09-11,Fatima,,11,4,W,6.94,4.85,4.06,0.85,4.91,False,False
Hickman,2026-09-14,Father Tolton,,11,0,W,11.01,-0.01,-0.01,-0.01,-0.01,False,False
Hickman,2026-09-15,Battle,,13,3,W,11.21,3.34,1.79,0.34,2.13,False,False
Hickman,2026-09-16,Capital City,,11,9,W,6.9,3.85,4.1,-5.15,-1.05,False,False
Hickman,2026-09-18,Notre Dame (Cape Girardeau),,13,1,W,8.86,4.53,4.14,3.53,7.67,False,False
Hickman,2026-09-18,Blair Oaks,,6,5,W,8.12,3.49,-2.12,-1.51,-3.63,False,False
Hickman,2026-09-19,Southern Boone,,2,12,L,6.16,6.24,-4.16,-5.76,-9.92,False,False
Hickman,2026-09-22,Rock Bridge,,9,8,W,4.17,7.13,4.83,-0.87,3.96,False,False
Hickman,2026-09-23,Holt,,16,2,W,14.33,3.31,1.67,1.31,2.97,False,False
Hickman,2026-09-25,Ft. Zumwalt West,,1,2,L,4.56,7.92,-3.56,5.92,2.36,False,False
Hickman,2026-09-28,Smith-Cotton,,18,2,W,9.99,1.11,8.01,-0.89,7.12,False,False
Hickman,2026-09-30,Helias Catholic,,3,13,L,4.32,8.22,-1.32,-4.78,-6.11,False,False
Hickman,2026-10-02,Incarnate Word Academy,,,,,9.14,3.49,,,,False,False
Hickman,2026-10-05,Blair Oaks,,,,,8.12,3.49,,,,False,False
Hickman,2026-10-07,Camdenton,,,,,17.56,-1.21,,,,False,False
Hickman,2026-10-09,Webster Groves,,,,,11.06,1.71,,,,False,False
Higbee,2026-08-31,"Tina-Avalon with Bosworth, Hale",,19,4,W,14.26,3.48,4.74,-0.52,4.22,False,False
Higbee,2026-09-01,Linn County,,13,10,W,12.68,5.97,0.32,-4.03,-3.71,False,False
Higbee,2026-09-03,La Plata,,7,8,L,9.33,7.65,-2.33,-0.35,-2.68,False,False
Higbee,2026-09-08,Norborne with Hardin-Central,,22,3,W,16.81,7.29,5.19,4.29,9.49,False,False
Higbee,2026-09-11,Madison,,5,10,L,6.46,7.09,-1.46,-2.91,-4.37,False,False
Higbee,2026-09-17,Slater with Malta Bend,,2,8,L,1.59,9.13,0.41,1.13,1.54,False,False
Higbee,2026-09-19,"Brunswick with Keytesville, Northwestern (Mendon)",,5,2,W,2.03,7.83,2.97,5.83,8.8,False,False
Higbee,2026-09-19,Norborne with Hardin-Central,,16,6,W,16.81,7.29,-0.81,1.29,0.49,False,False
Higbee,2026-09-22,Pilot Grove,,4,5,L,8.0,8.15,-4.0,3.15,-0.85,False,False
Higbee,2026-09-23,"Brunswick with Keytesville, Northwestern (Mendon)",,4,13,L,2.03,7.83,1.97,-5.17,-3.2,False,False
Higbee,2026-09-26,"Brunswick with Keytesville, Northwestern (Mendon)",,2,13,L,2.03,7.83,-0.03,-5.17,-5.2,False,False
Higbee,2026-09-26,"Brunswick (JV)(Brunswick, MO)",,15,0,W,,,,,,False,False
Higbee,2026-09-26,Glasgow,,1,6,L,0.67,12.78,0.33,6.78,7.11,False,False
Higbee,2026-09-28,Glasgow,,0,10,L,0.67,12.78,-0.67,2.78,2.11,False,False
Higbee,2026-09-29,Atlanta,,10,12,L,10.78,10.93,-0.78,-1.07,-1.85,False,False
Higbee,2026-10-02,Jamestown,,,,,4.44,11.19,,,,False,False
Higbee,2026-10-06,Brashear,,,,,11.68,5.27,,,,False,False
Higbee,2026-10-09,Bevier,,,,,12.15,-0.56,,,,False,False
Higbee,2026-10-10,Sturgeon,,,,,3.46,8.42,,,,False,False
Highland,2026-08-27,Paris,,12,7,W,10.23,2.13,1.77,-4.87,-3.1,False,False
Highland,2026-08-28,Hickman,,7,8,L,6.42,8.31,0.58,0.31,0.88,False,False
Highland,2026-08-28,Troy Buchanan,,0,10,L,2.23,7.88,-2.23,-2.12,-4.35,False,False
Highland,2026-08-29,Bowling Green,,8,6,W,12.64,5.19,-4.64,-0.81,-5.45,False,False
Highland,2026-08-29,Macon,,13,0,W,9.78,4.16,3.22,4.16,7.38,False,False
Highland,2026-09-01,Bowling Green,,15,2,W,12.64,5.19,2.36,3.19,5.55,False,False
Highland,2026-09-02,North Shelby,,0,2,L,6.17,3.46,-6.17,1.46,-4.7,False,False
Highland,2026-09-04,St. Dominic,,15,0,W,7.18,3.03,7.82,3.03,10.85,False,False
Highland,2026-09-04,Windsor (Imperial),,13,3,W,6.74,5.74,6.26,2.74,9.0,False,False
Highland,2026-09-05,Francis Howell Central,,14,2,W,10.23,6.07,3.77,4.07,7.84,False,False
Highland,2026-09-05,Ft. Zumwalt West,,0,11,L,3.94,9.18,-3.94,-1.82,-5.76,False,False
Highland,2026-09-07,Monroe City,,3,6,L,10.24,5.33,-7.24,-0.67,-7.91,False,False
Highland,2026-09-08,Centralia,,2,12,L,4.18,7.41,-2.18,-4.59,-6.77,False,False
Highland,2026-09-12,La Plata,,18,3,W,19.13,-1.01,-1.13,-4.01,-5.14,False,False
Highland,2026-09-12,Schuyler County,,15,5,W,11.69,1.9,3.31,-3.1,0.22,False,False
Highland,2026-09-14,Louisiana,,20,6,W,17.41,1.84,2.59,-4.16,-1.57,False,False
Highland,2026-09-15,Canton,,11,1,W,11.97,2.14,-0.97,1.14,0.17,False,False
Highland,2026-09-17,Kirksville,,2,3,L,8.35,5.05,-6.35,2.05,-4.29,False,False
Highland,2026-09-21,Canton,,14,3,W,11.97,2.14,2.03,-0.86,1.17,False,False
Highland,2026-09-22,Hannibal,,8,7,W,10.2,2.6,-2.2,-4.4,-6.6,False,False
Highland,2026-09-24,Clark County,,15,3,W,11.29,2.62,3.71,-0.38,3.33,False,False
Highland,2026-09-26,Scotland County,,11,0,W,12.32,0.38,-1.32,0.38,-0.94,False,False
Highland,2026-09-26,Macon,,11,8,W,9.78,4.16,1.22,-3.84,-2.62,False,False
Highland,2026-09-28,Palmyra,,16,5,W,11.04,3.57,4.96,-1.43,3.53,False,False
Highland,2026-09-29,Macon,,12,2,W,9.78,4.16,2.22,2.16,4.38,False,False
Highland,2026-09-30,Elsberry,,3,4,L,6.37,6.19,-3.37,2.19,-1.18,False,False
Highland,2026-10-01,Marceline,,,,,5.15,7.23,,,,False,False
Highland,2026-10-05,Putnam County,,,,,8.62,0.83,,,,False,False
Highland,2026-10-06,South Shelby,,,,,17.13,-0.55,,,,False,False
Highland,2026-10-08,Knox County,,,,,15.02,0.66,,,,False,False
Highland,2026-10-12,Scotland County,,,,,12.32,0.38,,,,False,False
Hillcrest,2026-08-28,Aurora,,0,15,L,2.8,16.37,-2.8,1.37,-1.43,False,False
Hillcrest,2026-08-28,Joplin,,0,16,L,0.17,19.84,-0.17,3.84,3.67,False,False
Hillcrest,2026-08-29,Carl Junction,,0,15,L,3.11,18.13,-3.11,3.13,0.02,False,False
Hillcrest,2026-08-29,Seneca,,2,13,L,3.8,16.08,-1.8,3.08,1.28,False,False
Hillcrest,2026-09-01,Norwood,,10,22,L,6.9,15.15,3.1,-6.85,-3.75,False,False
Hillcrest,2026-09-02,Central (Springfield),,17,2,W,,,,,,False,False
Hillcrest,2026-09-04,Marshfield,,0,22,L,-2.23,21.28,2.23,-0.72,1.51,False,False
Hillcrest,2026-09-04,West Plains,,2,27,L,6.09,16.81,-4.09,-10.19,-14.29,False,False
Hillcrest,2026-09-05,Camdenton,,,,,9.31,14.83,,,,False,False
Hillcrest,2026-09-08,Parkview,,19,4,W,15.71,8.32,3.29,4.32,7.6,False,False
Hillcrest,2026-09-11,"Locus Groves(Locus Groves, OK)",,6,16,L,,,,,,False,False
Hillcrest,2026-09-14,Glendale,,5,20,L,2.86,18.49,2.14,-1.51,0.63,False,False
Hillcrest,2026-09-15,Rolla,,2,17,L,0.72,18.99,1.28,1.99,3.27,False,False
Hillcrest,2026-09-17,Bolivar,,0,14,L,1.29,21.32,-1.29,7.32,6.04,False,False
Hillcrest,2026-09-22,Carl Junction,,0,16,L,3.11,18.13,-3.11,2.13,-0.98,False,False
Hillcrest,2026-09-24,Marshfield,,0,20,L,-2.23,21.28,2.23,1.28,3.51,False,False
Hillcrest,2026-09-29,Logan-Rogersville,,1,18,L,-0.21,19.75,1.21,1.75,2.96,False,False
Hillcrest,2026-10-06,Branson,,,,,1.94,19.46,,,,False,False
Hillcrest,2026-10-07,West Plains,,,,,6.09,16.81,,,,False,False
Hillcrest,2026-10-12,Monett,,,,,5.72,15.2,,,,False,False
Hillsboro,2026-08-27,Oakville,,1,5,L,4.03,3.83,-3.03,-1.17,-4.2,False,False
Hillsboro,2026-08-28,Westminster Christian Academy,,0,9,L,2.81,7.94,-2.81,-1.06,-3.86,False,False
Hillsboro,2026-08-28,Timberland,,15,1,W,1.67,8.52,13.33,7.52,20.85,False,False
Hillsboro,2026-08-31,Cor Jesu Academy,,3,15,L,4.16,8.94,-1.16,-6.06,-7.22,False,False
Hillsboro,2026-08-31,Parkway Central,,3,2,W,3.89,8.11,-0.89,6.11,5.22,False,False
Hillsboro,2026-09-02,Parkway North with Principia,,15,0,W,17.25,-0.82,-2.25,-0.82,-3.06,False,False
Hillsboro,2026-09-02,Parkway South,,10,7,W,8.56,6.59,1.44,-0.41,1.03,False,False
Hillsboro,2026-09-08,Festus,,0,5,L,3.13,6.55,-3.13,1.55,-1.58,False,False
Hillsboro,2026-09-11,California,,15,3,W,10.05,3.0,4.95,0.0,4.95,False,False
Hillsboro,2026-09-11,Linn,,3,4,L,4.53,6.97,-1.53,2.97,1.45,False,False
Hillsboro,2026-09-12,Liberty North,,0,8,L,2.97,9.21,-2.97,1.21,-1.76,False,False
Hillsboro,2026-09-12,Battle,,8,6,W,8.1,5.32,-0.1,-0.68,-0.79,False,False
Hillsboro,2026-09-15,Farmington,,12,1,W,8.33,5.77,3.67,4.77,8.44,False,False
Hillsboro,2026-09-16,Seckman,,,,,7.25,5.41,,,,False,False
Hillsboro,2026-09-17,Marquette,,5,14,L,3.15,7.07,1.85,-6.93,-5.07,False,False
Hillsboro,2026-09-18,Washington,,3,5,L,3.39,8.72,-0.39,3.72,3.33,False,False
Hillsboro,2026-09-19,Kirkwood,,1,3,L,7.64,2.18,-6.64,-0.82,-7.46,False,False
Hillsboro,2026-09-19,Webster Groves,,7,6,W,7.95,3.69,-0.95,-2.31,-3.27,False,False
Hillsboro,2026-09-21,Union,,18,6,W,11.27,5.47,6.73,-0.53,6.2,False,False
Hillsboro,2026-09-22,DeSoto,,8,2,W,10.6,1.59,-2.6,-0.41,-3.01,False,False
Hillsboro,2026-09-23,North County,,3,7,L,6.03,5.39,-3.03,-1.61,-4.64,False,False
Hillsboro,2026-09-28,Jefferson (Festus),,12,2,W,10.49,2.57,1.51,0.57,2.08,False,False
Hillsboro,2026-09-29,Cor Jesu Academy,,4,14,L,4.16,8.94,-0.16,-5.06,-5.22,False,False
Hillsboro,2026-10-02,Northwest (Cedar Hill),,,,,5.78,6.17,,,,False,False
Hillsboro,2026-10-05,Windsor (Imperial),,,,,4.26,6.46,,,,False,False
Hillsboro,2026-10-06,Herculaneum with Crystal City,,,,,19.17,-1.89,,,,False,False
Hillsboro,2026-10-07,Perryville,,,,,11.29,2.25,,,,False,False
Hillsboro,2026-10-12,Lindbergh,,,,,3.59,8.5,,,,False,False
Holden,2026-08-28,Oak Park,,6,5,W,8.24,6.35,-2.24,1.35,-0.89,False,False
Holden,2026-08-28,Mid-Buchanan,,3,6,L,3.85,9.55,-0.85,3.55,2.7,False,False
Holden,2026-08-28,Smithville,,2,17,L,4.58,10.27,-2.58,-6.73,-9.32,False,False
Holden,2026-08-29,Truman,,4,3,W,4.47,8.2,-0.47,5.2,4.73,False,False
Holden,2026-08-29,Kearney,,7,18,L,2.94,9.03,4.06,-8.97,-4.9,False,False
Holden,2026-09-01,Oak Grove,,0,11,L,1.22,9.28,-1.22,-1.72,-2.94,False,False
Holden,2026-09-02,Lone Jack,,10,3,W,6.72,5.5,3.28,2.5,5.78,False,False
Holden,2026-09-03,Pleasant Hill,,4,14,L,1.31,9.76,2.69,-4.24,-1.55,False,False
Holden,2026-09-08,Knob Noster,,13,0,W,12.76,1.15,0.24,1.15,1.39,False,False
Holden,2026-09-10,Lexington,,13,3,W,13.3,6.44,-0.3,3.44,3.14,False,False
Holden,2026-09-12,South Harrison,,8,6,W,3.69,9.93,4.31,3.93,8.23,False,False
Holden,2026-09-12,Pleasant Hill,,11,4,W,1.31,9.76,9.69,5.76,15.45,False,False
Holden,2026-09-12,Savannah,,2,8,L,3.35,12.56,-1.35,4.56,3.21,False,False
Holden,2026-09-14,Nevada,,18,0,W,19.67,-0.22,-1.67,-0.22,-1.89,False,False
Holden,2026-09-15,Lafayette County,,0,10,L,3.99,5.72,-3.99,-4.28,-8.28,False,False
Holden,2026-09-17,Richmond,,6,2,W,3.63,6.79,2.37,4.79,7.16,False,False
Holden,2026-09-21,Odessa,,8,9,L,6.49,8.13,1.51,-0.87,0.64,False,False
Holden,2026-09-22,Carrollton,,3,6,L,11.93,8.19,-8.93,2.19,-6.74,False,False
Holden,2026-09-24,Knob Noster,,17,0,W,12.76,1.15,4.24,1.15,5.39,False,False
Holden,2026-09-25,Belton,,2,16,L,2.38,11.21,-0.38,-4.79,-5.17,False,False
Holden,2026-09-25,McDonald County,,8,22,L,4.2,10.17,3.8,-11.83,-8.03,False,False
Holden,2026-09-26,Wright City,,3,2,W,6.39,6.93,-3.39,4.93,1.55,False,False
Holden,2026-09-26,Oak Grove,,1,14,L,1.22,9.28,-0.22,-4.72,-4.94,False,False
Holden,2026-09-30,Lexington,,10,6,W,13.3,6.44,-3.3,0.44,-2.86,False,False
Holden,2026-10-01,Lafayette County,,,,,3.99,5.72,,,,False,False
Holden,2026-10-06,Richmond,,,,,3.63,6.79,,,,False,False
Holden,2026-10-08,Carrollton,,,,,11.93,8.19,,,,False,False
Holt,2026-08-28,St. Dominic,,3,11,L,4.06,9.05,-1.06,-1.95,-3.01,False,False
Holt,2026-08-28,Winfield,,0,16,L,2.13,11.4,-2.13,-4.6,-6.73,False,False
Holt,2026-08-29,Bowling Green,,0,13,L,9.52,11.21,-9.52,-1.79,-11.31,False,False
Holt,2026-08-29,Macon,,9,14,L,6.66,10.19,2.34,-3.81,-1.48,False,False
Holt,2026-08-31,Eureka,,0,17,L,1.05,14.25,-1.05,-2.75,-3.8,False,False
Holt,2026-08-31,Parkway North with Principia,,17,0,W,16.61,4.49,0.39,4.49,4.88,False,False
Holt,2026-09-01,Westminster Christian Academy,,2,17,L,2.17,13.25,-0.17,-3.75,-3.92,False,False
Holt,2026-09-01,Parkway West,,2,11,L,2.3,13.0,-0.3,2.0,1.7,False,False
Holt,2026-09-02,Kirkwood,,19,7,W,7.01,7.49,11.99,0.49,12.48,False,False
Holt,2026-09-08,Winfield,,6,15,L,2.13,11.4,3.87,-3.6,0.27,False,False
Holt,2026-09-09,Francis Howell North,,10,20,L,2.45,13.75,7.55,-6.25,1.3,False,False
Holt,2026-09-10,St. Charles West with St. Charles,,5,13,L,7.46,9.41,-2.46,-3.59,-6.05,False,False
Holt,2026-09-11,Ft. Zumwalt South,,5,8,L,9.82,11.4,-4.82,3.4,-1.42,False,False
Holt,2026-09-15,Orchard Farm,,13,7,W,10.83,6.99,2.17,-0.01,2.15,False,False
Holt,2026-09-18,Ritenour,,13,6,W,11.39,8.21,1.61,2.21,3.82,False,False
Holt,2026-09-19,Francis Howell Central,,3,13,L,7.11,12.1,-4.11,-0.9,-5.02,False,False
Holt,2026-09-19,Jackson,,3,13,L,3.52,12.15,-0.52,-0.85,-1.37,False,False
Holt,2026-09-22,Warrenton,,7,8,L,6.68,8.79,0.32,0.79,1.1,False,False
Holt,2026-09-23,Hickman,,2,16,L,3.31,14.33,-1.31,-1.67,-2.97,False,False
Holt,2026-09-24,Winfield,,0,7,L,2.13,11.4,-2.13,4.4,2.27,False,False
Holt,2026-09-25,Warrenton,,9,8,W,6.68,8.79,2.32,0.79,3.1,False,False
Holt,2026-09-28,Liberty (Wentzville),,10,17,L,6.98,14.35,3.02,-2.65,0.37,False,False
Holt,2026-09-29,St. Charles West with St. Charles,,12,3,W,7.46,9.41,4.54,6.41,10.95,False,False
Holt,2026-09-30,Ft. Zumwalt North,,2,6,L,9.71,11.18,-7.71,5.18,-2.54,False,False
Holt,2026-10-01,Orchard Farm,,,,,10.83,6.99,,,,False,False
Holt,2026-10-05,Pattonville,,,,,11.31,7.29,,,,False,False
Holt,2026-10-06,Timberland,,,,,1.03,13.83,,,,False,False
Holt,2026-10-08,Cor Jesu Academy,,,,,3.52,14.25,,,,False,False
Holt,2026-10-09,St. Dominic,,,,,4.06,9.05,,,,False,False
Holt,2026-10-12,St. Francis Borgia,,,,,5.84,11.77,,,,False,False
"Horizon(Elkhorn, NE)",2026-08-29,Liberty North,,5,15,L,,,,,,False,False
"Horizon(Thornton, CO)",2026-08-28,Staley,,2,14,L,,,,,,False,False
Humansville,2026-08-28,Climax Springs,,16,15,W,15.88,7.43,0.12,-7.57,-7.44,False,False
Humansville,2026-08-29,Hermitage,,12,11,W,7.81,9.45,4.19,-1.55,2.64,False,False
Humansville,2026-08-29,Tuscumbia,,6,14,L,6.29,12.46,-0.29,-1.54,-1.83,False,False
Humansville,2026-09-01,Dadeville with Everton,,7,20,L,-0.68,14.49,7.68,-5.51,2.17,False,False
Humansville,2026-09-03,Hermitage,,13,16,L,7.81,9.45,5.19,-6.55,-1.36,False,False
Humansville,2026-09-04,Halfway,,0,10,L,-0.37,14.89,0.37,4.89,5.26,False,False
Humansville,2026-09-08,Walnut Grove,,12,2,W,14.13,9.89,-2.13,7.89,5.77,False,False
Humansville,2026-09-10,Wheatland,,5,7,L,3.25,12.52,1.75,5.52,7.27,False,False
Humansville,2026-09-11,Central (Springfield),,16,1,W,,,,,,False,False
Humansville,2026-09-12,Dixon,,7,14,L,3.78,17.1,3.22,3.1,6.32,False,False
Humansville,2026-09-14,Montrose with Appleton City,,12,11,W,11.42,9.65,0.58,-1.35,-0.76,False,False
Humansville,2026-09-15,Weaubleau,,1,18,L,6.11,11.42,-5.11,-6.58,-11.69,False,False
Humansville,2026-09-18,Hermitage,,9,5,W,7.81,9.45,1.19,4.45,5.64,False,False
Humansville,2026-09-18,Stoutland,,6,1,W,4.01,13.45,1.99,12.45,14.44,False,False
Humansville,2026-09-19,Wheatland,,2,14,L,3.25,12.52,-1.25,-1.48,-2.73,False,False
Humansville,2026-09-21,Climax Springs,,15,0,W,15.88,7.43,-0.88,7.43,6.56,False,False
Humansville,2026-09-22,Macks Creek,,3,13,L,7.35,8.91,-4.35,-4.09,-8.45,False,False
Humansville,2026-09-25,Parkview,,12,2,W,13.02,5.94,-1.02,3.94,2.91,False,False
Humansville,2026-09-26,Crocker,,3,18,L,4.75,15.16,-1.75,-2.84,-4.59,False,False
Humansville,2026-09-26,Richland,,7,15,L,10.25,10.12,-3.25,-4.88,-8.12,False,False
Humansville,2026-09-28,Walnut Grove,,14,4,W,14.13,9.89,-0.13,5.89,5.77,False,False
Humansville,2026-09-29,Tuscumbia,,6,16,L,6.29,12.46,-0.29,-3.54,-3.83,False,False
Humansville,2026-10-06,Fair Play,,,,,18.45,1.73,,,,False,False
Humansville,2026-10-07,Grandview,,,,,6.58,11.73,,,,False,False
Humansville,2026-10-08,Macks Creek,,,,,7.35,8.91,,,,False,False
Iberia,2026-08-28,California,,2,8,L,9.43,3.33,-7.43,-4.67,-12.09,False,False
Iberia,2026-09-01,Crocker,,15,0,W,11.95,3.81,3.05,3.81,6.86,False,False
Iberia,2026-09-03,Dixon,,9,2,W,10.98,5.76,-1.98,3.76,1.77,False,False
Iberia,2026-09-08,Jamestown,,17,2,W,11.12,3.58,5.88,1.58,7.46,False,False
Iberia,2026-09-11,Montgomery County,,4,3,W,3.05,5.24,0.95,2.24,3.18,False,False
Iberia,2026-09-11,Marshfield,,2,9,L,2.29,7.56,-0.29,-1.44,-1.73,False,False
Iberia,2026-09-12,Oak Park,,7,8,L,9.14,4.19,-2.14,-3.81,-5.95,False,False
Iberia,2026-09-12,Southern Boone,,2,17,L,2.42,8.55,-0.42,-8.45,-8.87,False,False
Iberia,2026-09-14,Eugene,,10,7,W,4.36,7.49,5.64,0.49,6.14,False,False
Iberia,2026-09-15,Stoutland,,14,4,W,11.21,2.1,2.79,-1.9,0.89,False,False
Iberia,2026-09-16,Fatima,,2,13,L,3.21,7.17,-1.21,-5.83,-7.04,False,False
Iberia,2026-09-21,Blair Oaks,,5,4,W,4.39,5.81,0.61,1.81,2.42,False,False
Iberia,2026-09-22,St. Elizabeth,,3,7,L,3.93,6.85,-0.93,-0.15,-1.09,False,False
Iberia,2026-09-24,Dixon,,6,2,W,10.98,5.76,-4.98,3.76,-1.23,False,False
Iberia,2026-09-25,Osage,,7,5,W,5.89,5.9,1.11,0.9,2.02,False,False
Iberia,2026-09-26,Fatima,,5,4,W,3.21,7.17,1.79,3.17,4.96,False,False
Iberia,2026-09-26,Vienna,,5,0,W,6.89,3.57,-1.89,3.57,1.67,False,False
Iberia,2026-09-28,Newburg,,16,1,W,14.86,-0.52,1.14,-1.52,-0.39,False,False
Iberia,2026-09-30,Linn,,,,,3.9,7.31,,,,False,False
Iberia,2026-10-01,Tuscumbia,,,,,13.5,1.12,,,,False,False
Iberia,2026-10-02,Crocker,,,,,11.95,3.81,,,,False,False
Iberia,2026-10-05,Russellville,,,,,7.19,5.65,,,,False,False
Iberia,2026-10-06,Richland,,,,,17.45,-1.22,,,,False,False
Iberia,2026-10-08,Vienna,,,,,6.89,3.57,,,,False,False
Iberia,2026-10-12,Laquey,,,,,22.08,-6.71,,,,False,False
Iberia,2026-10-13,Rolla,,,,,5.24,5.27,,,,False,False
Incarnate Word Academy,2026-08-31,St. Louis Patriots Sr.,,19,9,W,,,,,,False,False
Incarnate Word Academy,2026-09-02,Ritenour,,10,9,W,11.57,3.01,-1.57,-5.99,-7.56,False,False
Incarnate Word Academy,2026-09-03,Cor Jesu Academy,,5,8,L,3.71,9.05,1.29,1.05,2.34,False,False
Incarnate Word Academy,2026-09-03,Webster Groves,,13,14,L,7.51,3.8,5.49,-10.2,-4.71,False,False
Incarnate Word Academy,2026-09-10,Ursuline Academy,,15,1,W,14.77,-0.5,0.23,-1.5,-1.27,False,False
Incarnate Word Academy,2026-09-11,Liberty (Wentzville),,10,7,W,7.17,9.15,2.83,2.15,4.98,False,False
Incarnate Word Academy,2026-09-14,Hazelwood West,,10,0,W,14.07,0.59,-4.07,0.59,-3.48,False,False
Incarnate Word Academy,2026-09-15,St. Dominic,,8,5,W,4.25,3.86,3.75,-1.14,2.61,False,False
Incarnate Word Academy,2026-09-16,Parkway South,,7,7,T,8.12,6.71,-1.12,-0.29,-1.41,False,False
Incarnate Word Academy,2026-09-19,Hannibal,,6,2,W,7.27,3.43,-1.27,1.43,0.16,False,False
Incarnate Word Academy,2026-09-21,Oakville,,1,2,L,3.58,3.94,-2.58,1.94,-0.65,False,False
Incarnate Word Academy,2026-09-22,Marquette,,1,2,L,2.7,7.19,-1.7,5.19,3.49,False,False
Incarnate Word Academy,2026-09-23,Ladue Horton Watkins,,13,1,W,13.79,-0.85,-0.79,-1.85,-2.63,False,False
Incarnate Word Academy,2026-09-24,St. Francis Borgia,,4,1,W,6.03,6.58,-2.03,5.58,3.55,False,False
Incarnate Word Academy,2026-09-28,Parkway North with Principia,,7,0,W,16.8,-0.7,-9.8,-0.7,-10.5,False,False
Incarnate Word Academy,2026-09-29,St. Joseph's Academy,,5,6,L,5.5,4.54,-0.5,-1.46,-1.96,False,False
Incarnate Word Academy,2026-09-30,Notre Dame (St. Louis),,14,0,W,18.23,0.7,-4.23,0.7,-3.54,False,False
Incarnate Word Academy,2026-10-02,Blair Oaks,,,,,4.57,5.59,,,,False,False
Incarnate Word Academy,2026-10-02,Hickman,,,,,3.49,9.14,,,,False,False
Incarnate Word Academy,2026-10-05,Union,,,,,10.83,5.58,,,,False,False
Incarnate Word Academy,2026-10-06,Eureka,,,,,1.24,9.05,,,,False,False
Incarnate Word Academy,2026-10-07,Francis Howell,,,,,-0.2,8.13,,,,False,False
Incarnate Word Academy,2026-10-08,Westminster Christian Academy,,,,,2.36,8.06,,,,False,False
Incarnate Word Academy,2026-10-12,Valley Park,,,,,8.75,6.57,,,,False,False
Incarnate Word Academy,2026-10-13,St. Charles West with St. Charles,,,,,7.64,4.21,,,,False,False
Jackson,2026-08-28,Francis Howell,,2,6,L,1.17,6.25,0.83,0.25,1.08,False,False
Jackson,2026-08-28,Silex,,2,1,W,3.34,4.57,-1.34,3.57,2.23,False,False
Jackson,2026-08-29,Ft. Zumwalt West,,12,11,W,2.38,8.14,9.62,-2.86,6.75,False,False
Jackson,2026-08-29,Parkway Central,,3,10,L,4.82,6.35,-1.82,-3.65,-5.47,False,False
Jackson,2026-08-29,Lafayette (Wildwood),,2,9,L,4.19,6.47,-2.19,-2.53,-4.72,False,False
Jackson,2026-09-02,Lindbergh,,0,4,L,4.52,6.74,-4.52,2.74,-1.79,False,False
Jackson,2026-09-04,Kelly,,3,4,L,5.75,2.81,-2.75,-1.19,-3.95,False,False
Jackson,2026-09-04,Chaffee,,6,12,L,4.06,8.2,1.94,-3.8,-1.87,False,False
Jackson,2026-09-08,Marquette,,4,3,W,4.07,5.31,-0.07,2.31,2.24,False,False
Jackson,2026-09-09,Central (Cape Girardeau),,11,1,W,16.46,0.19,-5.46,-0.81,-6.27,False,False
Jackson,2026-09-11,Lafayette (Wildwood),,2,4,L,4.19,6.47,-2.19,2.47,0.28,False,False
Jackson,2026-09-12,Rock Bridge,,6,7,L,1.99,7.35,4.01,0.35,4.36,False,False
Jackson,2026-09-12,Troy Buchanan,,0,6,L,0.67,6.84,-0.67,0.84,0.17,False,False
Jackson,2026-09-15,Parkway West,,6,13,L,3.86,5.93,2.14,-7.07,-4.93,False,False
Jackson,2026-09-16,Farmington,,4,0,W,9.26,4.01,-5.26,4.01,-1.25,False,False
Jackson,2026-09-18,Northwest (Cedar Hill),,10,4,W,6.71,4.41,3.29,0.41,3.71,False,False
Jackson,2026-09-19,Francis Howell Central,,8,5,W,8.68,5.03,-0.68,0.03,-0.65,False,False
Jackson,2026-09-19,Holt,,13,3,W,12.15,3.52,0.85,0.52,1.37,False,False
Jackson,2026-09-21,Seckman,,10,3,W,8.18,3.65,1.82,0.65,2.47,False,False
Jackson,2026-09-22,Poplar Bluff,,14,1,W,10.78,4.25,3.22,3.25,6.47,False,False
Jackson,2026-09-24,Notre Dame (Cape Girardeau),,5,0,W,6.68,4.75,-1.68,4.75,3.07,False,False
Jackson,2026-09-26,Fox,,13,7,W,7.12,3.59,5.88,-3.41,2.47,False,False
Jackson,2026-09-26,Parkway South,,4,5,L,9.49,4.84,-5.49,-0.16,-5.65,False,False
Jackson,2026-09-28,Sikeston,,17,0,W,18.54,-2.41,-1.54,-2.41,-3.95,False,False
Jackson,2026-10-01,Chaffee,,,,,4.06,8.2,,,,False,False
Jackson,2026-10-05,Doniphan,,,,,4.41,5.78,,,,False,False
Jackson,2026-10-07,North County,,,,,6.96,3.63,,,,False,False
Jackson,2026-10-09,Cor Jesu Academy,,,,,5.09,7.18,,,,False,False
Jackson,2026-10-12,Kelly,,,,,5.75,2.81,,,,False,False
Jamestown,2026-08-27,Sturgeon,,7,12,L,8.11,6.31,-1.11,-5.69,-6.8,False,False
Jamestown,2026-08-29,Community,,6,16,L,5.36,8.08,0.64,-7.92,-7.28,False,False
Jamestown,2026-08-29,Father Tolton,,15,2,W,5.23,7.8,9.77,5.8,15.57,False,False
Jamestown,2026-08-29,Russellville,,2,15,L,5.16,11.15,-3.16,-3.85,-7.01,False,False
Jamestown,2026-09-08,Iberia,,2,17,L,3.58,11.12,-1.58,-5.88,-7.46,False,False
Jamestown,2026-09-12,Fayette,,0,2,L,2.0,8.77,-2.0,6.77,4.77,False,False
Jamestown,2026-09-12,New Franklin,,9,3,W,9.3,7.22,-0.3,4.22,3.92,False,False
Jamestown,2026-09-12,Westran,,7,10,L,11.45,9.58,-4.45,-0.42,-4.87,False,False
Jamestown,2026-09-14,Pilot Grove,,24,6,W,12.65,6.04,11.35,0.04,11.39,False,False
Jamestown,2026-09-15,Vienna,,4,10,L,4.85,9.07,-0.85,-0.93,-1.79,False,False
Jamestown,2026-09-17,Tuscumbia,,11,1,W,11.46,6.62,-0.46,5.62,5.16,False,False
Jamestown,2026-09-18,Madison,,17,0,W,11.11,4.98,5.89,4.98,10.87,False,False
Jamestown,2026-09-21,Slater with Malta Bend,,2,17,L,6.24,7.02,-4.24,-9.98,-14.22,False,False
Jamestown,2026-09-22,Eldon,,1,14,L,1.3,9.34,-0.3,-4.66,-4.96,False,False
Jamestown,2026-09-24,Osage,,2,4,L,3.85,11.4,-1.85,7.4,5.56,False,False
Jamestown,2026-09-28,Father Tolton,,0,1,L,5.23,7.8,-5.23,6.8,1.57,False,False
Jamestown,2026-10-01,St. Elizabeth,,,,,1.89,12.34,,,,False,False
Jamestown,2026-10-02,Higbee,,,,,11.19,4.44,,,,False,False
Jamestown,2026-10-02,Russellville,,,,,5.16,11.15,,,,False,False
Jamestown,2026-10-05,California,,,,,7.39,8.83,,,,False,False
Jamestown,2026-10-06,New Franklin,,,,,9.3,7.22,,,,False,False
Jamestown,2026-10-08,South Callaway,,,,,7.43,7.45,,,,False,False
Jefferson (Conception) with South Nodaway,2026-08-27,Cameron,,3,13,L,4.99,11.83,-1.99,-1.17,-3.15,False,False
Jefferson (Conception) with South Nodaway,2026-08-29,Lawson,,7,10,L,7.24,12.22,-0.24,2.22,1.98,False,False
Jefferson (Conception) with South Nodaway,2026-09-01,Gallatin,,11,2,W,6.42,8.28,4.58,6.28,10.86,False,False
Jefferson (Conception) with South Nodaway,2026-09-03,Stewartsville with Osborn,,18,3,W,13.5,5.03,4.5,2.03,6.53,False,False
Jefferson (Conception) with South Nodaway,2026-09-08,Northeast Nodaway,,17,10,W,12.62,7.04,4.38,-2.96,1.42,False,False
Jefferson (Conception) with South Nodaway,2026-09-10,DeKalb,,12,10,W,10.81,8.6,1.19,-1.4,-0.21,False,False
Jefferson (Conception) with South Nodaway,2026-09-14,Maryville,,14,1,W,17.86,2.9,-3.86,1.9,-1.97,False,False
Jefferson (Conception) with South Nodaway,2026-09-15,West Platte,,5,15,L,3.44,11.05,1.56,-3.95,-2.4,False,False
Jefferson (Conception) with South Nodaway,2026-09-22,Stewartsville with Osborn,,5,7,L,13.5,5.03,-8.5,-1.97,-10.47,False,False
Jefferson (Conception) with South Nodaway,2026-09-24,Albany,,0,13,L,4.16,9.28,-4.16,-3.72,-7.89,False,False
Jefferson (Conception) with South Nodaway,2026-09-28,Stanberry,,3,10,L,5.22,12.01,-2.22,2.01,-0.21,False,False
Jefferson (Conception) with South Nodaway,2026-09-29,Northeast Nodaway,,,,,12.62,7.04,,,,False,False
Jefferson (Conception) with South Nodaway,2026-09-30,North Andrew,,,,,5.32,8.74,,,,False,False
Jefferson (Conception) with South Nodaway,2026-10-01,King City with Union Star,,,,,3.88,10.38,,,,False,False
Jefferson (Conception) with South Nodaway,2026-10-06,Worth County,,,,,4.31,9.52,,,,False,False
Jefferson (Conception) with South Nodaway,2026-10-08,Northeast Nodaway,,,,,12.62,7.04,,,,False,False
Jefferson (Conception) with South Nodaway,2026-10-12,DeKalb,,,,,10.81,8.6,,,,False,False
Jefferson (Festus),2026-09-01,Fredericktown,,11,10,W,5.01,7.25,5.99,-2.75,3.24,False,False
Jefferson (Festus),2026-09-02,Bayless,,13,3,W,16.28,2.23,-3.28,-0.77,-4.05,False,False
Jefferson (Festus),2026-09-03,Affton,,10,0,W,14.1,4.8,-4.1,4.8,0.71,False,False
Jefferson (Festus),2026-09-08,Windsor (Imperial),,1,13,L,0.91,11.03,0.09,-1.97,-1.87,False,False
Jefferson (Festus),2026-09-09,Chaffee,,0,15,L,-0.21,14.53,0.21,-0.47,-0.26,False,False
Jefferson (Festus),2026-09-10,Herculaneum with Crystal City,,9,1,W,15.82,2.69,-6.82,1.69,-5.14,False,False
Jefferson (Festus),2026-09-14,St. Clair,,4,2,W,11.34,3.35,-7.34,1.35,-5.99,False,False
Jefferson (Festus),2026-09-15,Cuba,,23,5,W,21.88,2.15,1.12,-2.85,-1.73,False,False
Jefferson (Festus),2026-09-16,Valley Park,,6,17,L,5.85,11.03,0.15,-5.97,-5.83,False,False
Jefferson (Festus),2026-09-17,Perryville,,16,6,W,7.94,6.83,8.06,0.83,8.89,False,False
Jefferson (Festus),2026-09-21,Kelly,,2,13,L,1.48,9.14,0.52,-3.86,-3.34,False,False
Jefferson (Festus),2026-09-23,Lutheran South,,4,3,W,7.56,6.67,-3.56,3.67,0.11,False,False
Jefferson (Festus),2026-09-24,Central (Cape Girardeau),,14,7,W,12.18,6.53,1.82,-0.47,1.34,False,False
Jefferson (Festus),2026-09-26,South Callaway,,10,6,W,6.75,6.19,3.25,0.19,3.44,False,False
Jefferson (Festus),2026-09-26,St. Clair,,10,0,W,11.34,3.35,-1.34,3.35,2.01,False,False
Jefferson (Festus),2026-09-26,St. James,,4,0,W,9.84,3.28,-5.84,3.28,-2.56,False,False
Jefferson (Festus),2026-09-28,Hillsboro,,2,12,L,2.57,10.49,-0.57,-1.51,-2.08,False,False
Jefferson (Festus),2026-09-30,Saxony Lutheran with St. Vincent,,,,,5.05,7.88,,,,False,False
Jefferson (Festus),2026-10-01,Festus,,,,,-0.22,11.13,,,,False,False
Jefferson (Festus),2026-10-06,DeSoto,,,,,7.25,6.17,,,,False,False
Jefferson (Festus),2026-10-07,Neelyville,,,,,6.32,6.28,,,,False,False
Jefferson (Festus),2026-10-08,North County,,,,,2.68,9.97,,,,False,False
Jefferson City,2026-08-28,Elsberry,,7,11,L,2.38,11.37,4.62,0.37,4.99,False,False
Jefferson City,2026-08-28,Warrenton,,0,1,L,5.82,7.94,-5.82,6.94,1.12,False,False
Jefferson City,2026-08-29,St. Francis Borgia,,0,13,L,4.97,10.93,-4.97,-2.07,-7.05,False,False
Jefferson City,2026-08-29,Union,,11,12,L,9.77,9.93,1.23,-2.07,-0.84,False,False
Jefferson City,2026-09-02,Warrensburg,,6,18,L,5.77,10.29,0.23,-7.71,-7.47,False,False
Jefferson City,2026-09-04,St. Elizabeth,,0,11,L,3.06,10.97,-3.06,-0.03,-3.08,False,False
Jefferson City,2026-09-07,Hickman,,2,15,L,2.44,13.49,-0.44,-1.51,-1.95,False,False
Jefferson City,2026-09-09,Helias Catholic,,0,17,L,-0.29,14.66,0.29,-2.34,-2.06,False,False
Jefferson City,2026-09-10,Fatima,,0,13,L,2.33,11.29,-2.33,-1.71,-4.04,False,False
Jefferson City,2026-09-17,Father Tolton,,0,1,L,6.4,6.43,-6.4,5.43,-0.96,False,False
Jefferson City,2026-09-18,Macon,,7,8,L,5.79,9.34,1.21,1.34,2.55,False,False
Jefferson City,2026-09-19,Notre Dame (Cape Girardeau),,10,14,L,4.25,10.97,5.75,-3.03,2.72,False,False
Jefferson City,2026-09-23,Rock Bridge,,3,17,L,-0.44,13.57,3.44,-3.43,0.01,False,False
Jefferson City,2026-09-24,Camdenton,,15,0,W,12.95,5.23,2.05,5.23,7.28,False,False
Jefferson City,2026-09-26,Capital City,,7,15,L,2.29,10.29,4.71,-4.71,-0.0,False,False
Jefferson City,2026-09-28,Union,,14,8,W,9.77,9.93,4.23,1.93,6.16,False,False
Jefferson City,2026-09-29,Battle,,7,10,L,6.6,9.78,0.4,-0.22,0.18,False,False
Jefferson City,2026-10-02,Chillicothe,,,,,-1.76,13.21,,,,False,False
Jefferson City,2026-10-02,Mexico,,,,,3.68,11.64,,,,False,False
Jefferson City,2026-10-05,Smith-Cotton,,,,,5.38,7.55,,,,False,False
Jefferson City,2026-10-07,Southern Boone,,,,,1.55,12.68,,,,False,False
Jefferson City,2026-10-12,Blair Oaks,,,,,3.51,9.93,,,,False,False
Joplin,2026-08-28,Carl Junction,,6,0,W,8.12,3.47,-2.12,3.47,1.35,False,False
Joplin,2026-08-28,Hillcrest,,16,0,W,19.84,0.17,-3.84,0.17,-3.67,False,False
Joplin,2026-08-29,Aurora,,18,4,W,7.81,1.71,10.19,-2.29,7.9,False,False
Joplin,2026-08-29,Seneca,,7,0,W,8.81,1.42,-1.81,1.42,-0.39,False,False
Joplin,2026-08-31,McDonald County,,7,8,L,5.6,7.07,1.4,-0.93,0.48,False,False
Joplin,2026-09-03,Waynesville,,14,4,W,13.06,0.77,0.94,-3.23,-2.29,False,False
Joplin,2026-09-04,"Broken Arrow(Broken Arrow , OK)",,0,13,L,,,,,,False,False
Joplin,2026-09-04,Ozark,,1,9,L,3.59,6.85,-2.59,-2.15,-4.73,False,False
Joplin,2026-09-04,Lee's Summit North,,0,6,L,2.7,6.47,-2.7,0.47,-2.23,False,False
Joplin,2026-09-05,Park Hill South,,4,6,L,6.69,6.29,-2.69,0.29,-2.4,False,False
Joplin,2026-09-08,Kickapoo,,11,13,L,6.21,7.71,4.79,-5.29,-0.5,False,False
Joplin,2026-09-09,Carl Junction,,8,5,W,8.12,3.47,-0.12,-1.53,-1.65,False,False
Joplin,2026-09-10,Lebanon,,8,0,W,11.35,4.02,-3.35,4.02,0.67,False,False
Joplin,2026-09-15,Ozark,,2,1,W,3.59,6.85,-1.59,5.85,4.27,False,False
Joplin,2026-09-17,Glendale,,3,5,L,7.87,3.83,-4.87,-1.17,-6.04,False,False
Joplin,2026-09-18,"Muldrow(Muldrow, OK)",,5,0,W,,,,,,False,False
Joplin,2026-09-18,"Westmoore(Cleveland County, OK)",,4,1,W,,,,,,False,False
Joplin,2026-09-19,"Dale(Dale , OK)",,0,5,L,,,,,,False,False
Joplin,2026-09-19,"Roff(Roff, OK)",,0,9,L,,,,,,False,False
Joplin,2026-09-21,Logan-Rogersville,,2,3,L,4.8,5.09,-2.8,2.09,-0.71,False,False
Joplin,2026-09-22,Nixa,,12,8,W,6.96,8.72,5.04,0.72,5.76,False,False
Joplin,2026-09-24,Webb City,,3,10,L,2.38,7.98,0.62,-2.02,-1.4,False,False
Joplin,2026-09-28,Monett,,10,0,W,10.73,0.54,-0.73,0.54,-0.19,False,False
Joplin,2026-09-29,Willard,,7,11,L,2.45,9.92,4.55,-1.08,3.47,False,False
Joplin,2026-10-01,Republic,,,,,6.05,4.55,,,,False,False
Joplin,2026-10-02,Park Hill South,,,,,6.69,6.29,,,,False,False
Joplin,2026-10-02,Marshfield,,,,,2.79,6.62,,,,False,False
Joplin,2026-10-06,Carthage,,,,,6.44,5.47,,,,False,False
Joplin,2026-10-08,Neosho,,,,,5.44,6.73,,,,False,False
Joplin,2026-10-10,Bolivar,,,,,6.3,6.67,,,,False,False
Joplin,2026-10-10,Cassville,,,,,6.36,2.23,,,,False,False
Joplin,2026-10-12,Seneca,,,,,8.81,1.42,,,,False,False
Kearney,2026-08-28,Belton,,2,1,W,4.54,7.27,-2.54,6.27,3.73,False,False
Kearney,2026-08-28,Lee's Summit,,3,4,L,4.5,4.64,-1.5,0.64,-0.86,False,False
Kearney,2026-08-29,Central (St. Joseph),,1,4,L,9.84,2.81,-8.84,-1.19,-10.04,False,False
Kearney,2026-08-29,Holden,,18,7,W,9.03,2.94,8.97,-4.06,4.9,False,False
Kearney,2026-08-29,Oak Grove,,11,1,W,3.38,5.34,7.62,4.34,11.96,False,False
Kearney,2026-08-31,Platte County,,1,19,L,3.95,9.7,-2.95,-9.3,-12.25,False,False
Kearney,2026-09-01,Raymore-Peculiar,,7,8,L,4.64,9.69,2.36,1.69,4.05,False,False
Kearney,2026-09-03,Grandview,,16,0,W,15.04,-1.4,0.96,-1.4,-0.44,False,False
Kearney,2026-09-11,Grain Valley,,0,11,L,0.24,8.27,-0.24,-2.73,-2.97,False,False
Kearney,2026-09-11,Republic,,3,0,W,6.81,3.7,-3.81,3.7,-0.11,False,False
Kearney,2026-09-11,Nixa,,10,8,W,7.72,7.88,2.28,-0.12,2.16,False,False
Kearney,2026-09-12,Neosho,,3,18,L,6.2,5.88,-3.2,-12.12,-15.31,False,False
Kearney,2026-09-12,Kickapoo,,8,2,W,6.97,6.86,1.03,4.86,5.9,False,False
Kearney,2026-09-15,Smithville,,4,2,W,6.74,6.33,-2.74,4.33,1.59,False,False
Kearney,2026-09-17,Winnetonka,,21,0,W,17.44,-1.81,3.56,-1.81,1.74,False,False
Kearney,2026-09-21,Summit Christian Academy,,7,2,W,9.39,1.74,-2.39,-0.26,-2.66,False,False
Kearney,2026-09-23,Raytown South,,15,0,W,22.43,-5.53,-7.43,-5.53,-12.97,False,False
Kearney,2026-09-25,Grain Valley,,3,8,L,0.24,8.27,2.76,0.27,3.03,False,False
Kearney,2026-09-25,West Platte,,9,2,W,5.55,3.66,3.45,1.66,5.1,False,False
Kearney,2026-09-26,Fort Osage,,1,2,L,2.84,3.1,-1.84,1.1,-0.75,False,False
Kearney,2026-09-26,Liberty,,9,4,W,4.56,6.69,4.44,2.69,7.14,False,False
Kearney,2026-09-28,Liberty North,,1,11,L,3.6,7.76,-2.6,-3.24,-5.84,False,False
Kearney,2026-09-29,Ruskin,,15,0,W,26.3,-8.32,-11.3,-8.32,-19.61,False,False
Kearney,2026-09-30,Winnetonka,,15,0,W,17.44,-1.81,-2.44,-1.81,-4.26,False,False
Kearney,2026-09-30,Fort Osage,,,,,2.84,3.1,,,,False,False
Kearney,2026-10-01,Winnetonka,,,,,17.44,-1.81,,,,False,False
Kearney,2026-10-05,Smithville,,,,,6.74,6.33,,,,False,False
Kearney,2026-10-06,Excelsior Springs,,,,,6.9,3.59,,,,False,False
Kearney,2026-10-08,Grandview,,,,,15.04,-1.4,,,,False,False
Kearney,2026-10-12,Staley,,,,,3.31,4.39,,,,False,False
Kelly,2026-08-27,East Carter,,8,0,W,10.08,-0.36,-2.08,-0.36,-2.44,False,False
Kelly,2026-08-28,Ft. Zumwalt West,,0,10,L,0.1,8.8,-0.1,-1.2,-1.3,False,False
Kelly,2026-08-28,West Platte,,2,1,W,3.58,4.01,-1.58,3.01,1.43,False,False
Kelly,2026-08-29,Francis Howell,,1,7,L,-1.1,6.92,2.1,-0.08,2.03,False,False
Kelly,2026-08-29,Lindbergh,,4,11,L,2.24,7.41,1.76,-3.59,-1.84,False,False
Kelly,2026-08-29,Marquette,,0,10,L,1.8,5.98,-1.8,-4.02,-5.81,False,False
Kelly,2026-08-31,Neelyville,,11,0,W,8.32,0.61,2.68,0.61,3.29,False,False
Kelly,2026-09-01,Chaffee,,0,12,L,1.79,8.87,-1.79,-3.13,-4.92,False,False
Kelly,2026-09-03,Doniphan,,4,9,L,2.14,6.45,1.86,-2.55,-0.68,False,False
Kelly,2026-09-03,Saxony Lutheran with St. Vincent,,7,6,W,7.05,2.21,-0.05,-3.79,-3.83,False,False
Kelly,2026-09-03,Notre Dame (Cape Girardeau),,0,2,L,4.41,5.42,-4.41,3.42,-0.99,False,False
Kelly,2026-09-04,Jackson,,4,3,W,2.81,5.75,1.19,2.75,3.95,False,False
Kelly,2026-09-08,North County,,9,2,W,4.68,4.3,4.32,2.3,6.62,False,False
Kelly,2026-09-10,Doniphan,,0,1,L,2.14,6.45,-2.14,5.45,3.32,False,False
Kelly,2026-09-14,Perryville,,4,0,W,9.94,1.16,-5.94,1.16,-4.77,False,False
Kelly,2026-09-15,Fredericktown,,2,1,W,7.01,1.59,-5.01,0.59,-4.42,False,False
Kelly,2026-09-16,Central (Cape Girardeau),,17,4,W,14.18,0.86,2.82,-3.14,-0.32,False,False
Kelly,2026-09-17,Saxony Lutheran with St. Vincent,,9,8,W,7.05,2.21,1.95,-5.79,-3.83,False,False
Kelly,2026-09-21,Jefferson (Festus),,13,2,W,9.14,1.48,3.86,-0.52,3.34,False,False
Kelly,2026-09-22,Twin Rivers,,7,6,W,7.92,4.8,-0.92,-1.2,-2.13,False,False
Kelly,2026-09-24,St. Pius X (Festus),,10,1,W,13.51,-0.17,-3.51,-1.17,-4.68,False,False
Kelly,2026-09-25,Rockwood Summit,,9,6,W,5.73,4.21,3.27,-1.79,1.48,False,False
Kelly,2026-09-25,Webster Groves,,0,3,L,6.6,2.6,-6.6,-0.4,-7.01,False,False
Kelly,2026-09-28,Poplar Bluff,,11,0,W,8.5,4.92,2.5,4.92,7.41,False,False
Kelly,2026-09-29,Farmington,,12,2,W,6.98,4.68,5.02,2.68,7.7,False,False
Kelly,2026-10-01,Sikeston,,,,,16.26,-1.74,,,,False,False
Kelly,2026-10-03,Doniphan,,,,,2.14,6.45,,,,False,False
Kelly,2026-10-03,Fredericktown,,,,,7.01,1.59,,,,False,False
Kelly,2026-10-03,Notre Dame (Cape Girardeau),,,,,4.41,5.42,,,,False,False
Kelly,2026-10-05,Twin Rivers,,,,,7.92,4.8,,,,False,False
Kelly,2026-10-08,Notre Dame (Cape Girardeau),,,,,4.41,5.42,,,,False,False
Kelly,2026-10-09,Doniphan,,,,,2.14,6.45,,,,False,False
Kelly,2026-10-09,Hartville,,,,,9.11,1.48,,,,False,False
Kelly,2026-10-12,Jackson,,,,,2.81,5.75,,,,False,False
Kickapoo,2026-08-28,"Perry(Perry, OK)",,1,3,L,,,,,,False,False
Kickapoo,2026-08-29,Helias Catholic,,4,13,L,3.61,10.62,0.39,-2.38,-1.99,False,False
Kickapoo,2026-09-02,Branson,,14,8,W,9.48,5.83,4.52,-2.17,2.35,False,False
Kickapoo,2026-09-03,Republic,,14,4,W,8.58,5.57,5.42,1.57,6.99,False,False
Kickapoo,2026-09-08,Joplin,,13,11,W,7.71,6.21,5.29,-4.79,0.5,False,False
Kickapoo,2026-09-11,Ft. Zumwalt West,,1,11,L,3.84,10.32,-2.84,-0.68,-3.53,False,False
Kickapoo,2026-09-11,Lee's Summit West,,0,9,L,8.02,8.87,-8.02,-0.13,-8.15,False,False
Kickapoo,2026-09-11,Truman,,8,5,W,8.39,6.13,-0.39,1.13,0.74,False,False
Kickapoo,2026-09-12,Kearney,,2,8,L,6.86,6.97,-4.86,-1.03,-5.9,False,False
Kickapoo,2026-09-12,Neosho,,4,3,W,7.96,7.76,-3.96,4.76,0.79,False,False
Kickapoo,2026-09-15,Webb City,,8,5,W,4.91,9.0,3.09,4.0,7.1,False,False
Kickapoo,2026-09-17,Willard,,1,11,L,4.97,10.95,-3.97,-0.05,-4.03,False,False
Kickapoo,2026-09-18,"Bixby(Bixby, OK)",,2,3,L,,,,,,False,False
Kickapoo,2026-09-18,"Dale(Dale, OK)",,2,4,L,,,,,,False,False
Kickapoo,2026-09-22,Neosho,,12,5,W,7.96,7.76,4.04,2.76,6.79,False,False
Kickapoo,2026-09-23,Camdenton,,19,2,W,16.85,1.19,2.15,-0.81,1.35,False,False
Kickapoo,2026-09-24,Ozark,,7,9,L,6.11,7.88,0.89,-1.12,-0.23,False,False
Kickapoo,2026-09-29,Nixa,,9,12,L,9.48,9.75,-0.48,-2.25,-2.74,False,False
Kickapoo,2026-10-01,Waynesville,,,,,15.59,1.8,,,,False,False
Kickapoo,2026-10-02,Carl Junction,,,,,10.64,4.5,,,,False,False
Kickapoo,2026-10-02,Sullivan,,,,,8.68,7.02,,,,False,False
Kickapoo,2026-10-03,Parkway Central,,,,,6.28,8.54,,,,False,False
Kickapoo,2026-10-03,Park Hill South,,,,,9.21,7.31,,,,False,False
Kickapoo,2026-10-06,Glendale,,,,,10.39,4.85,,,,False,False
Kickapoo,2026-10-07,Logan-Rogersville,,,,,7.32,6.11,,,,False,False
Kickapoo,2026-10-08,Lebanon,,,,,13.87,5.05,,,,False,False
Kickapoo,2026-10-10,Liberty North,,,,,5.37,9.64,,,,False,False
Kickapoo,2026-10-10,Rock Bridge,,,,,3.46,9.53,,,,False,False
Kickapoo,2026-10-12,Carthage,,,,,8.97,6.5,,,,False,False
King City with Union Star,2026-08-27,Lawson,,13,7,W,7.25,5.73,5.75,-1.27,4.48,False,False
King City with Union Star,2026-08-29,Albany,,5,4,W,4.18,2.79,0.82,-1.21,-0.39,False,False
King City with Union Star,2026-08-29,Gilman City with Tri-County,,12,6,W,8.99,1.85,3.01,-4.15,-1.15,False,False
King City with Union Star,2026-08-29,Worth County,,3,4,L,4.32,3.03,-1.32,-0.97,-2.29,False,False
King City with Union Star,2026-09-01,Princeton,,3,6,L,3.1,7.28,-0.1,1.28,1.18,False,False
King City with Union Star,2026-09-03,North Andrew,,3,1,W,5.34,2.25,-2.34,1.25,-1.08,False,False
King City with Union Star,2026-09-08,North Harrison,,13,4,W,11.93,4.43,1.07,0.43,1.5,False,False
King City with Union Star,2026-09-10,Albany,,2,3,L,4.18,2.79,-2.18,-0.21,-2.39,False,False
King City with Union Star,2026-09-15,"Pattonsburg with North Daviess, Winston",,,,,7.6,4.19,,,,False,False
King City with Union Star,2026-09-17,Stanberry,,,,,5.23,5.52,,,,False,False
King City with Union Star,2026-09-23,North Platte,,9,2,W,7.37,5.11,1.63,3.11,4.74,False,False
King City with Union Star,2026-09-24,Worth County,,2,1,W,4.32,3.03,-2.32,2.03,-0.29,False,False
King City with Union Star,2026-09-28,Maysville,,3,4,L,6.53,3.26,-3.53,-0.74,-4.27,False,False
King City with Union Star,2026-09-29,Stewartsville with Osborn,,15,0,W,13.51,-1.46,1.49,-1.46,0.03,False,False
King City with Union Star,2026-10-01,Jefferson (Conception) with South Nodaway,,,,,10.38,3.88,,,,False,False
King City with Union Star,2026-10-06,Gallatin,,,,,6.43,1.79,,,,False,False
King City with Union Star,2026-10-08,"Pattonsburg with North Daviess, Winston",,,,,7.6,4.19,,,,False,False
King City with Union Star,2026-10-12,Mid-Buchanan,,,,,3.91,6.51,,,,False,False
Kirksville,2026-08-29,Boonville,,11,5,W,7.9,3.39,3.1,-1.61,1.49,False,False
Kirksville,2026-08-29,Fulton,,17,5,W,15.18,2.57,1.82,-2.43,-0.61,False,False
Kirksville,2026-08-29,Eugene,,2,7,L,4.84,7.1,-2.84,0.1,-2.74,False,False
Kirksville,2026-08-31,Chillicothe,,0,13,L,-0.41,8.69,0.41,-4.31,-3.9,False,False
Kirksville,2026-09-01,Clark County,,9,1,W,8.66,3.28,0.34,2.28,2.62,False,False
Kirksville,2026-09-03,Moberly,,9,3,W,6.8,5.1,2.2,2.1,4.3,False,False
Kirksville,2026-09-08,Mexico,,5,4,W,5.04,7.12,-0.04,3.12,3.08,False,False
Kirksville,2026-09-12,Lawson,,9,4,W,8.58,6.22,0.42,2.22,2.65,False,False
Kirksville,2026-09-12,South Harrison,,3,9,L,5.08,7.38,-2.08,-1.62,-3.7,False,False
Kirksville,2026-09-12,Savannah,,2,11,L,4.73,10.01,-2.73,-0.99,-3.72,False,False
Kirksville,2026-09-14,Macon,,6,10,L,7.15,4.82,-1.15,-5.18,-6.33,False,False
Kirksville,2026-09-17,Highland,,3,2,W,5.05,8.35,-2.05,6.35,4.29,False,False
Kirksville,2026-09-19,Marshall,,16,0,W,10.75,0.32,5.25,0.32,5.57,False,False
Kirksville,2026-09-21,Hannibal,,11,4,W,7.57,3.26,3.43,-0.74,2.69,False,False
Kirksville,2026-09-23,Southern Boone,,1,9,L,2.91,8.16,-1.91,-0.84,-2.74,False,False
Kirksville,2026-09-24,Moberly,,4,7,L,6.8,5.1,-2.8,-1.9,-4.7,False,False
Kirksville,2026-09-28,Mexico,,6,9,L,5.04,7.12,0.96,-1.88,-0.92,False,False
Kirksville,2026-09-29,Palmyra,,10,2,W,8.41,4.23,1.59,2.23,3.83,False,False
Kirksville,2026-10-01,Cameron,,,,,6.33,5.84,,,,False,False
Kirksville,2026-10-05,Princeton,,,,,4.43,7.77,,,,False,False
Kirksville,2026-10-06,Hannibal,,,,,7.57,3.26,,,,False,False
Kirksville,2026-10-08,Battle,,,,,7.96,5.26,,,,False,False
Kirkwood,2026-08-31,Parkway South,,7,5,W,4.83,8.32,2.17,3.32,5.49,False,False
Kirkwood,2026-08-31,Westminster Christian Academy,,0,16,L,-0.93,9.67,0.93,-6.33,-5.4,False,False
Kirkwood,2026-09-01,Eureka,,3,7,L,-2.05,10.67,5.05,3.67,8.72,False,False
Kirkwood,2026-09-01,Parkway Central,,2,20,L,0.16,9.84,1.84,-10.16,-8.32,False,False
Kirkwood,2026-09-02,Holt,,7,19,L,7.49,7.01,-0.49,-11.99,-12.48,False,False
Kirkwood,2026-09-03,Webster Groves,,1,2,L,4.22,5.41,-3.22,3.41,0.19,False,False
Kirkwood,2026-09-08,Fox,,1,2,L,2.46,7.07,-1.46,5.07,3.62,False,False
Kirkwood,2026-09-10,Mehlville,,11,1,W,9.62,0.16,1.38,-0.84,0.53,False,False
Kirkwood,2026-09-11,Capital City,,0,1,L,0.06,7.55,-0.06,6.55,6.49,False,False
Kirkwood,2026-09-11,Willard,,0,11,L,-1.15,12.25,1.15,1.25,2.4,False,False
Kirkwood,2026-09-12,Lee's Summit,,0,11,L,0.14,7.81,-0.14,-3.19,-3.33,False,False
Kirkwood,2026-09-12,St. Elizabeth,,0,13,L,0.83,8.24,-0.83,-4.76,-5.59,False,False
Kirkwood,2026-09-15,Affton,,5,9,L,13.71,1.96,-8.71,-7.04,-15.76,False,False
Kirkwood,2026-09-17,Ritenour,,6,3,W,8.29,4.63,-2.29,1.63,-0.66,False,False
Kirkwood,2026-09-18,Webster Groves,,5,1,W,4.22,5.41,0.78,4.41,5.19,False,False
Kirkwood,2026-09-19,Hillsboro,,3,1,W,2.18,7.64,0.82,6.64,7.46,False,False
Kirkwood,2026-09-19,Washington,,2,12,L,-0.35,10.44,2.35,-1.56,0.79,False,False
Kirkwood,2026-09-21,Northwest (Cedar Hill),,,,,2.04,7.9,,,,False,False
Kirkwood,2026-09-22,Parkway North with Principia,,18,0,W,13.51,0.91,4.49,0.91,5.4,False,False
Kirkwood,2026-09-23,Ursuline Academy,,16,5,W,11.48,1.11,4.52,-3.89,0.63,False,False
Kirkwood,2026-09-24,Hazelwood West,,8,0,W,10.78,2.21,-2.78,2.21,-0.58,False,False
Kirkwood,2026-09-25,Northwest (Cedar Hill),,0,9,L,2.04,7.9,-2.04,-1.1,-3.14,False,False
Kirkwood,2026-09-28,Oakville,,3,2,W,0.3,5.55,2.7,3.55,6.26,False,False
Kirkwood,2026-09-29,Clayton,,12,0,W,13.51,0.56,-1.51,0.56,-0.95,False,False
Kirkwood,2026-10-01,Ladue Horton Watkins,,,,,10.5,0.77,,,,False,False
Kirkwood,2026-10-06,Pattonville,,,,,8.21,3.71,,,,False,False
Kirkwood,2026-10-07,St. Joseph's Academy,,,,,2.22,6.16,,,,False,False
Kirkwood,2026-10-08,University City,,,,,16.0,-1.66,,,,False,False
Kirkwood,2026-10-12,Seckman,,,,,3.52,7.14,,,,False,False
Knob Noster,2026-08-27,Slater with Malta Bend,,7,15,L,1.65,9.56,5.35,-5.44,-0.08,False,False
Knob Noster,2026-08-29,Warrensburg,,4,14,L,0.01,14.21,3.99,0.21,4.2,False,False
Knob Noster,2026-08-29,Trenton,,2,14,L,0.52,10.67,1.48,-3.33,-1.85,False,False
Knob Noster,2026-08-29,California,,4,17,L,2.79,11.38,1.21,-5.62,-4.41,False,False
Knob Noster,2026-09-02,Ruskin,,17,1,W,18.41,1.51,-1.41,0.51,-0.9,False,False
Knob Noster,2026-09-03,Nevada,,18,4,W,13.94,5.67,4.06,1.67,5.72,False,False
Knob Noster,2026-09-08,Holden,,0,13,L,1.15,12.76,-1.15,-0.24,-1.39,False,False
Knob Noster,2026-09-15,Lexington,,8,12,L,7.57,12.32,0.43,0.32,0.75,False,False
Knob Noster,2026-09-16,Norborne with Hardin-Central,,17,2,W,16.86,7.73,0.14,5.73,5.87,False,False
Knob Noster,2026-09-17,Lafayette County,,0,12,L,-1.73,11.6,1.73,-0.4,1.33,False,False
Knob Noster,2026-09-21,Carrollton,,6,20,L,6.2,14.08,-0.2,-5.92,-6.12,False,False
Knob Noster,2026-09-22,Richmond,,0,16,L,-2.1,12.67,2.1,-3.33,-1.23,False,False
Knob Noster,2026-09-24,Holden,,0,17,L,1.15,12.76,-1.15,-4.24,-5.39,False,False
Knob Noster,2026-09-28,Clinton,,1,2,L,6.75,8.96,-5.75,6.96,1.22,False,False
Knob Noster,2026-09-29,Carrollton,,1,8,L,6.2,14.08,-5.2,6.08,0.88,False,False
Knob Noster,2026-10-01,Lexington,,,,,7.57,12.32,,,,False,False
Knob Noster,2026-10-03,Lone Jack,,,,,0.99,11.39,,,,False,False
Knob Noster,2026-10-05,Notre Dame de Sion,,,,,6.98,10.01,,,,False,False
Knob Noster,2026-10-06,Lafayette County,,,,,-1.73,11.6,,,,False,False
Knob Noster,2026-10-08,Richmond,,,,,-2.1,12.67,,,,False,False
Knox County,2026-08-29,Brashear,,11,3,W,14.45,3.94,-3.45,0.94,-2.51,False,False
Knox County,2026-08-29,Scotland County,,10,11,L,5.3,7.71,4.7,-3.29,1.42,False,False
Knox County,2026-08-31,Putnam County,,2,4,L,1.6,8.17,0.4,4.17,4.57,False,False
Knox County,2026-09-01,North Shelby,,0,10,L,-0.86,10.8,0.86,0.8,1.65,False,False
Knox County,2026-09-03,Canton,,12,13,L,4.94,9.47,7.06,-3.53,3.53,False,False
Knox County,2026-09-08,Marion County,,15,5,W,18.17,1.52,-3.17,-3.48,-6.65,False,False
Knox County,2026-09-15,Scotland County,,1,8,L,5.3,7.71,-4.3,-0.29,-4.58,False,False
Knox County,2026-09-17,Schuyler County,,0,10,L,4.66,9.24,-4.66,-0.76,-5.43,False,False
Knox County,2026-09-19,Marion County,,15,0,W,18.17,1.52,-3.17,1.52,-1.65,False,False
Knox County,2026-09-19,Scotland County,,3,4,L,5.3,7.71,-2.3,3.71,1.42,False,False
Knox County,2026-09-19,Paris,,8,10,L,3.2,9.47,4.8,-0.53,4.26,False,False
Knox County,2026-09-24,Westran,,8,10,L,9.58,10.36,-1.58,0.36,-1.21,False,False
Knox County,2026-09-28,Salisbury,,0,14,L,0.58,12.91,-0.58,-1.09,-1.67,False,False
Knox County,2026-09-29,South Shelby,,11,6,W,10.1,6.78,0.9,0.78,1.68,False,False
Knox County,2026-10-05,Paris,,,,,3.2,9.47,,,,False,False
Knox County,2026-10-06,Marceline,,,,,-1.88,14.56,,,,False,False
Knox County,2026-10-08,Highland,,,,,0.66,15.02,,,,False,False
Knox County,2026-10-12,Clark County,,,,,4.27,9.96,,,,False,False
La Plata,2026-08-27,Clark County,,0,28,L,2.6,14.07,-2.6,-13.93,-16.53,False,False
La Plata,2026-08-29,Gallatin,,3,19,L,1.69,13.06,1.31,-5.94,-4.63,False,False
La Plata,2026-08-29,Novinger,,15,4,W,10.93,5.51,4.07,1.51,5.58,False,False
La Plata,2026-08-29,Milan,,15,2,W,11.89,7.02,3.11,5.02,8.13,False,False
La Plata,2026-08-29,Schuyler County,,5,11,L,2.99,13.35,2.01,2.35,4.36,False,False
La Plata,2026-09-01,Schuyler County,,3,17,L,2.99,13.35,0.01,-3.65,-3.64,False,False
La Plata,2026-09-03,Higbee,,8,7,W,7.65,9.33,0.35,2.33,2.68,False,False
La Plata,2026-09-08,Brashear,,11,10,W,12.78,8.05,-1.78,-1.95,-3.73,False,False
La Plata,2026-09-10,New Franklin,,1,15,L,5.76,12.12,-4.76,-2.88,-7.64,False,False
La Plata,2026-09-12,Highland,,3,18,L,-1.01,19.13,4.01,1.13,5.14,False,False
La Plata,2026-09-12,Schuyler County,,5,15,L,2.99,13.35,2.01,-1.65,0.36,False,False
La Plata,2026-09-14,South Shelby,,5,4,W,8.43,10.89,-3.43,6.89,3.46,False,False
La Plata,2026-09-15,Bucklin with Macon County,,20,15,W,20.22,4.59,-0.22,-10.41,-10.64,False,False
La Plata,2026-09-19,Community,,0,14,L,1.82,12.98,-1.82,-1.02,-2.84,False,False
La Plata,2026-09-19,Marceline,,1,15,L,-3.55,18.67,4.55,3.67,8.22,False,False
La Plata,2026-09-22,Bevier,,10,3,W,13.25,2.22,-3.25,-0.78,-4.03,False,False
La Plata,2026-09-24,Green City,,14,13,W,11.81,11.39,2.19,-1.61,0.58,False,False
La Plata,2026-09-28,Marion County,,,,,16.5,5.63,,,,False,False
La Plata,2026-09-29,Novinger,,10,0,W,10.93,5.51,-0.93,5.51,4.58,False,False
La Plata,2026-10-02,Linn County,,,,,13.78,8.75,,,,False,False
La Plata,2026-10-05,Northeast (Cairo),,,,,3.78,14.21,,,,False,False
La Plata,2026-10-07,Meadville,,,,,21.08,8.37,,,,False,False
La Plata,2026-10-08,Atlanta,,,,,11.88,13.72,,,,False,False
Ladue Horton Watkins,2026-08-29,Lutheran South,,1,14,L,4.04,10.41,-3.04,-3.59,-6.62,False,False
Ladue Horton Watkins,2026-08-29,Hazelwood West,,12,5,W,7.64,8.79,4.36,3.79,8.15,False,False
Ladue Horton Watkins,2026-09-01,Ursuline Academy,,5,11,L,8.34,7.7,-3.34,-3.3,-6.64,False,False
Ladue Horton Watkins,2026-09-03,Winfield,,0,15,L,-4.11,14.41,4.11,-0.59,3.52,False,False
Ladue Horton Watkins,2026-09-08,Bayless,,6,21,L,12.76,5.97,-6.76,-15.03,-21.79,False,False
Ladue Horton Watkins,2026-09-09,Lutheran St. Charles with Veritas Christian Academy,,6,16,L,7.05,12.17,-1.05,-3.83,-4.89,False,False
Ladue Horton Watkins,2026-09-14,Clayton,,8,3,W,10.37,7.15,-2.37,4.15,1.78,False,False
Ladue Horton Watkins,2026-09-17,Affton,,14,3,W,10.57,8.54,3.43,5.54,8.97,False,False
Ladue Horton Watkins,2026-09-18,Valley Park,,4,11,L,2.32,14.77,1.68,3.77,5.44,False,False
Ladue Horton Watkins,2026-09-22,Pattonville,,5,8,L,5.07,10.3,-0.07,2.3,2.23,False,False
Ladue Horton Watkins,2026-09-23,Incarnate Word Academy,,1,13,L,-0.85,13.79,1.85,0.79,2.63,False,False
Ladue Horton Watkins,2026-09-24,University City,,11,3,W,12.85,4.92,-1.85,1.92,0.07,False,False
Ladue Horton Watkins,2026-09-29,Mehlville,,11,5,W,6.48,6.74,4.52,1.74,6.26,False,False
Ladue Horton Watkins,2026-10-01,Kirkwood,,,,,0.77,10.5,,,,False,False
Ladue Horton Watkins,2026-10-02,St. Charles West with St. Charles,,,,,1.21,12.41,,,,False,False
Ladue Horton Watkins,2026-10-06,Ritenour,,,,,5.14,11.21,,,,False,False
Ladue Horton Watkins,2026-10-07,Orchard Farm,,,,,4.59,9.99,,,,False,False
Ladue Horton Watkins,2026-10-08,Parkway North with Principia,,,,,10.37,7.5,,,,False,False
Ladue Horton Watkins,2026-10-12,Parkway Central,,,,,-2.98,16.43,,,,False,False
Lafayette (Wildwood),2026-08-28,Ft. Zumwalt North,,5,0,W,12.66,3.22,-7.66,3.22,-4.44,False,False
Lafayette (Wildwood),2026-08-28,Parkway Central,,9,13,L,6.21,5.46,2.79,-7.54,-4.74,False,False
Lafayette (Wildwood),2026-08-29,Francis Howell,,2,8,L,2.56,5.36,-0.56,-2.64,-3.2,False,False
Lafayette (Wildwood),2026-08-29,Jackson,,9,2,W,6.47,4.19,2.53,2.19,4.72,False,False
Lafayette (Wildwood),2026-08-29,Lindbergh,,9,8,W,5.91,5.84,3.09,-2.16,0.94,False,False
Lafayette (Wildwood),2026-09-02,St. Joseph's Academy,,10,0,W,8.26,1.78,1.74,1.78,3.51,False,False
Lafayette (Wildwood),2026-09-04,Ft. Zumwalt West,,4,6,L,3.77,7.24,0.23,1.24,1.48,False,False
Lafayette (Wildwood),2026-09-04,Windsor (Imperial),,4,3,W,6.57,3.81,-2.57,0.81,-1.76,False,False
Lafayette (Wildwood),2026-09-05,Festus,,7,1,W,5.45,3.9,1.55,2.9,4.46,False,False
Lafayette (Wildwood),2026-09-05,St. Dominic,,8,4,W,7.01,1.09,0.99,-2.91,-1.92,False,False
Lafayette (Wildwood),2026-09-08,Parkway West,,3,4,L,5.25,5.04,-2.25,1.04,-1.21,False,False
Lafayette (Wildwood),2026-09-09,Webster Groves,,18,0,W,10.27,1.04,7.73,1.04,8.77,False,False
Lafayette (Wildwood),2026-09-11,Jackson,,4,2,W,6.47,4.19,-2.47,2.19,-0.28,False,False
Lafayette (Wildwood),2026-09-12,Troy Buchanan,,2,8,L,2.06,5.95,-0.06,-2.05,-2.11,False,False
Lafayette (Wildwood),2026-09-12,Rock Bridge,,2,8,L,3.38,6.46,-1.38,-1.54,-2.92,False,False
Lafayette (Wildwood),2026-09-14,Northwest (Cedar Hill),,4,1,W,8.09,3.52,-4.09,2.52,-1.57,False,False
Lafayette (Wildwood),2026-09-15,Parkway South,,13,2,W,10.87,3.94,2.13,1.94,4.07,False,False
Lafayette (Wildwood),2026-09-16,Lindbergh,,3,4,L,5.91,5.84,-2.91,1.84,-1.06,False,False
Lafayette (Wildwood),2026-09-21,Francis Howell Central,,17,7,W,10.06,4.14,6.94,-2.86,4.08,False,False
Lafayette (Wildwood),2026-09-23,Rockwood Summit,,9,1,W,9.39,2.65,-0.39,1.65,1.26,False,False
Lafayette (Wildwood),2026-09-28,Parkway Central,,1,7,L,6.21,5.46,-5.21,-1.54,-6.74,False,False
Lafayette (Wildwood),2026-09-30,Westminster Christian Academy,,7,4,W,5.12,5.29,1.88,1.29,3.17,False,False
Lafayette (Wildwood),2026-10-01,Marquette,,,,,5.46,4.42,,,,False,False
Lafayette (Wildwood),2026-10-06,Westminster Christian Academy,,,,,5.12,5.29,,,,False,False
Lafayette (Wildwood),2026-10-07,Francis Howell North,,,,,5.4,5.79,,,,False,False
Lafayette (Wildwood),2026-10-08,Eureka,,,,,4.0,6.29,,,,False,False
Lafayette County,2026-08-27,Maysville,,6,7,L,5.31,3.41,0.69,-3.59,-2.89,False,False
Lafayette County,2026-08-29,"Braymer with Breckenridge, Southwest (Livingston County)",,18,1,W,12.55,-0.51,5.45,-1.51,3.94,False,False
Lafayette County,2026-08-29,Richmond,,2,4,L,2.47,3.9,-0.47,-0.1,-0.56,False,False
Lafayette County,2026-08-29,Lathrop,,1,7,L,4.18,8.67,-3.18,1.67,-1.51,False,False
Lafayette County,2026-09-02,Cameron,,3,11,L,3.78,5.5,-0.78,-5.5,-6.28,False,False
Lafayette County,2026-09-03,Penney,,2,3,L,6.59,2.68,-4.59,-0.32,-4.91,False,False
Lafayette County,2026-09-08,Carrollton,,15,5,W,10.77,5.31,4.23,0.31,4.54,False,False
Lafayette County,2026-09-11,Harrisonville,,8,2,W,9.33,1.87,-1.33,-0.13,-1.46,False,False
Lafayette County,2026-09-11,St. Michael the Archangel,,7,4,W,7.43,4.63,-0.43,0.63,0.21,False,False
Lafayette County,2026-09-12,Owensville,,12,7,W,6.66,4.26,5.34,-2.74,2.6,False,False
Lafayette County,2026-09-12,Warrensburg,,1,2,L,4.58,5.44,-3.58,3.44,-0.14,False,False
Lafayette County,2026-09-15,Holden,,10,0,W,5.72,3.99,4.28,3.99,8.28,False,False
Lafayette County,2026-09-16,St. Michael the Archangel,,7,4,W,7.43,4.63,-0.43,0.63,0.21,False,False
Lafayette County,2026-09-17,Knob Noster,,12,0,W,11.6,-1.73,0.4,-1.73,-1.33,False,False
Lafayette County,2026-09-22,Lexington,,6,4,W,12.13,3.55,-6.13,-0.45,-6.58,False,False
Lafayette County,2026-09-23,Richmond,,8,2,W,2.47,3.9,5.53,1.9,7.44,False,False
Lafayette County,2026-09-24,Carrollton,,10,9,W,10.77,5.31,-0.77,-3.69,-4.46,False,False
Lafayette County,2026-09-28,Brookfield,,2,4,L,4.11,4.34,-2.11,0.34,-1.77,False,False
Lafayette County,2026-09-29,Richmond,,1,0,W,2.47,3.9,-1.47,3.9,2.44,False,False
Lafayette County,2026-10-01,Holden,,,,,5.72,3.99,,,,False,False
Lafayette County,2026-10-06,Knob Noster,,,,,11.6,-1.73,,,,False,False
Lafayette County,2026-10-07,Lone Jack,,,,,5.56,2.62,,,,False,False
Lafayette County,2026-10-08,Lexington,,,,,12.13,3.55,,,,False,False
Lafayette County,2026-10-10,Grandview,,,,,11.72,-0.34,,,,False,False
Laquey,2026-08-31,Dixon,,1,20,L,-1.34,22.21,2.34,2.21,4.56,False,False
Laquey,2026-09-02,Newburg,,0,10,L,2.54,15.94,-2.54,5.94,3.4,False,False
Laquey,2026-09-08,Dixon,,0,15,L,-1.34,22.21,1.34,7.21,8.56,False,False
Laquey,2026-09-09,Halfway,,0,15,L,-5.49,20.0,5.49,5.0,10.49,False,False
Laquey,2026-09-14,Norwood,,1,18,L,-0.91,17.88,1.91,-0.12,1.8,False,False
Laquey,2026-09-16,St. James,,0,22,L,0.23,15.5,-0.23,-6.5,-6.74,False,False
Laquey,2026-09-18,Newburg,,3,21,L,2.54,15.94,0.46,-5.06,-4.6,False,False
Laquey,2026-09-21,Macks Creek,,0,7,L,2.23,14.02,-2.23,7.02,4.79,False,False
Laquey,2026-09-23,Crocker,,3,18,L,-0.37,20.27,3.37,2.27,5.64,False,False
Laquey,2026-09-24,Richland,,2,17,L,5.12,15.24,-3.12,-1.76,-4.89,False,False
Laquey,2026-10-01,Parkview,,,,,7.9,11.05,,,,False,False
Laquey,2026-10-05,Stoutland,,,,,-1.11,18.56,,,,False,False
Laquey,2026-10-08,Climax Springs,,,,,10.76,12.55,,,,False,False
Laquey,2026-10-12,Iberia,,,,,-6.71,22.08,,,,False,False
Lathrop,2026-08-27,Savannah,,8,13,L,8.03,11.03,-0.03,-1.97,-2.0,False,False
Lathrop,2026-08-29,"Braymer with Breckenridge, Southwest (Livingston County)",,6,0,W,18.39,0.84,-12.39,0.84,-11.55,False,False
Lathrop,2026-08-29,Lafayette County,,7,1,W,8.67,4.18,-1.67,3.18,1.51,False,False
Lathrop,2026-08-29,Richmond,,4,6,L,8.31,5.25,-4.31,-0.75,-5.06,False,False
Lathrop,2026-08-31,Trenton,,11,1,W,10.92,3.25,0.08,2.25,2.33,False,False
Lathrop,2026-09-01,Maryville,,17,0,W,22.49,-2.09,-5.49,-2.09,-7.58,False,False
Lathrop,2026-09-03,Brookfield,,17,5,W,9.95,5.69,7.05,0.69,7.73,False,False
Lathrop,2026-09-08,Lexington,,19,9,W,17.97,4.9,1.03,-4.1,-3.07,False,False
Lathrop,2026-09-10,Plattsburg,,18,0,W,25.17,-4.24,-7.17,-4.24,-11.41,False,False
Lathrop,2026-09-12,Polo,,18,0,W,17.44,3.48,0.56,3.48,4.04,False,False
Lathrop,2026-09-12,Penney,,18,3,W,12.43,4.03,5.57,1.03,6.6,False,False
Lathrop,2026-09-12,Slater with Malta Bend,,15,0,W,12.05,2.14,2.95,2.14,5.09,False,False
Lathrop,2026-09-14,Benton,,8,1,W,9.26,6.91,-1.26,5.91,4.65,False,False
Lathrop,2026-09-15,Lone Jack,,14,2,W,11.4,3.97,2.6,1.97,4.57,False,False
Lathrop,2026-09-17,West Platte,,14,12,W,8.08,6.06,5.92,-5.94,-0.01,False,False
Lathrop,2026-09-21,South Harrison,,0,13,L,8.37,8.39,-8.37,-4.61,-12.98,False,False
Lathrop,2026-09-24,North Platte,,13,6,W,11.99,6.61,1.01,0.61,1.63,False,False
Lathrop,2026-09-29,Mid-Buchanan,,,,,8.53,8.02,,,,False,False
Lathrop,2026-10-01,Lawson,,,,,11.87,7.24,,,,False,False
Lathrop,2026-10-06,East Buchanan,,,,,18.37,0.75,,,,False,False
Lathrop,2026-10-07,Cameron,,,,,9.62,6.85,,,,False,False
Lathrop,2026-10-08,Penney,,,,,12.43,4.03,,,,False,False
Lathrop,2026-10-13,Mid-Buchanan,,,,,8.53,8.02,,,,False,False
Lawson,2026-08-27,King City with Union Star,,7,13,L,5.73,7.25,1.27,-5.75,-4.48,False,False
Lawson,2026-08-29,Jefferson (Conception) with South Nodaway,,10,7,W,12.22,7.24,-2.22,0.24,-1.98,False,False
Lawson,2026-09-01,Richmond,,5,6,L,5.52,7.1,-0.52,1.1,0.58,False,False
Lawson,2026-09-03,Chillicothe,,5,11,L,0.1,11.56,4.9,0.56,5.46,False,False
Lawson,2026-09-10,North Platte,,8,11,L,9.2,8.46,-1.2,-2.54,-3.74,False,False
Lawson,2026-09-12,Kirksville,,4,9,L,6.22,8.58,-2.22,-0.42,-2.65,False,False
Lawson,2026-09-12,Pleasant Hill,,4,7,L,3.2,10.07,0.8,3.07,3.87,False,False
Lawson,2026-09-12,Macon,,2,8,L,7.66,7.68,-5.66,-0.32,-5.97,False,False
Lawson,2026-09-14,Carrollton,,20,10,W,13.83,8.51,6.17,-1.49,4.68,False,False
Lawson,2026-09-15,Benton,,4,7,L,6.48,8.76,-2.48,1.76,-0.72,False,False
Lawson,2026-09-17,Plattsburg,,15,0,W,22.39,-2.39,-7.39,-2.39,-9.77,False,False
Lawson,2026-09-19,Excelsior Springs,,0,10,L,6.64,7.84,-6.64,-2.16,-8.8,False,False
Lawson,2026-09-19,Sherwood,,16,3,W,15.58,1.49,0.42,-1.51,-1.09,False,False
Lawson,2026-09-21,Trenton,,19,7,W,8.14,5.1,10.86,-1.9,8.96,False,False
Lawson,2026-09-22,St. Pius X (Kansas City),,10,0,W,9.17,3.99,0.83,3.99,4.82,False,False
Lawson,2026-09-24,Penney,,15,4,W,9.65,5.88,5.35,1.88,7.23,False,False
Lawson,2026-09-28,Gallatin,,5,0,W,8.26,5.14,-3.26,5.14,1.88,False,False
Lawson,2026-10-01,Lathrop,,,,,7.24,11.87,,,,False,False
Lawson,2026-10-06,West Platte,,,,,5.29,7.91,,,,False,False
Lawson,2026-10-08,Mid-Buchanan,,,,,5.75,9.87,,,,False,False
Lawson,2026-10-12,East Buchanan,,,,,15.58,2.6,,,,False,False
Lebanon,2026-08-28,Osage,,2,12,L,5.22,11.14,-3.22,-0.86,-4.09,False,False
Lebanon,2026-08-29,Camdenton,,22,2,W,13.16,6.33,8.84,4.33,13.17,False,False
Lebanon,2026-08-29,Waynesville,,16,0,W,11.9,6.94,4.1,6.94,11.04,False,False
Lebanon,2026-09-03,Webb City,,5,12,L,1.22,14.15,3.78,2.15,5.92,False,False
Lebanon,2026-09-05,Eldon,,4,8,L,2.68,9.07,1.32,1.07,2.39,False,False
Lebanon,2026-09-08,Neosho,,3,15,L,4.28,12.9,-1.28,-2.1,-3.38,False,False
Lebanon,2026-09-10,Joplin,,0,8,L,4.02,11.35,-4.02,3.35,-0.67,False,False
Lebanon,2026-09-11,Rolla,,4,8,L,4.57,10.5,-0.57,2.5,1.93,False,False
Lebanon,2026-09-15,Republic,,8,19,L,4.89,10.71,3.11,-8.29,-5.18,False,False
Lebanon,2026-09-17,Carthage,,5,15,L,5.28,11.64,-0.28,-3.36,-3.64,False,False
Lebanon,2026-09-21,Hartville,,4,10,L,9.16,8.14,-5.16,-1.86,-7.02,False,False
Lebanon,2026-09-22,Willard,,1,17,L,1.29,16.09,-0.29,-0.91,-1.2,False,False
Lebanon,2026-09-23,Logan-Rogersville,,1,13,L,3.64,11.25,-2.64,-1.75,-4.38,False,False
Lebanon,2026-09-24,Waynesville,,14,3,W,11.9,6.94,2.1,3.94,6.04,False,False
Lebanon,2026-09-29,Glendale,,4,14,L,6.71,9.99,-2.71,-4.01,-6.71,False,False
Lebanon,2026-10-01,Nixa,,,,,5.8,14.89,,,,False,False
Lebanon,2026-10-06,Ozark,,,,,2.43,13.02,,,,False,False
Lebanon,2026-10-07,Aurora,,,,,6.65,7.87,,,,False,False
Lebanon,2026-10-08,Kickapoo,,,,,5.05,13.87,,,,False,False
Lebanon,2026-10-12,West Plains,,,,,9.94,8.32,,,,False,False
Lee's Summit,2026-08-28,Belton,,0,19,L,4.08,6.68,-4.08,-12.32,-16.41,False,False
Lee's Summit,2026-08-28,Central (St. Joseph),,5,3,W,9.39,2.21,-4.39,-0.79,-5.17,False,False
Lee's Summit,2026-08-28,Kearney,,4,3,W,4.64,4.5,-0.64,1.5,0.86,False,False
Lee's Summit,2026-08-28,William Chrisman,,17,1,W,15.79,-0.06,1.21,-1.06,0.15,False,False
Lee's Summit,2026-08-29,Belton,,1,5,L,4.08,6.68,-3.08,1.68,-1.41,False,False
Lee's Summit,2026-08-29,South Harrison,,1,5,L,5.4,5.39,-4.4,0.39,-4.0,False,False
Lee's Summit,2026-08-29,Lee's Summit North,,1,2,L,3.0,5.03,-2.0,3.03,1.02,False,False
Lee's Summit,2026-08-29,Platte County,,8,9,L,3.49,9.1,4.51,0.1,4.61,False,False
Lee's Summit,2026-08-29,Smith-Cotton,,4,8,L,7.05,1.04,-3.05,-6.96,-10.01,False,False
Lee's Summit,2026-08-31,Liberty,,2,5,L,4.1,6.1,-2.1,1.1,-1.0,False,False
Lee's Summit,2026-09-01,Lee's Summit North,,3,8,L,3.0,5.03,-0.0,-2.97,-2.98,False,False
Lee's Summit,2026-09-03,Belton,,1,10,L,4.08,6.68,-3.08,-3.32,-6.41,False,False
Lee's Summit,2026-09-08,Blue Springs South,,4,14,L,2.76,10.65,1.24,-3.35,-2.11,False,False
Lee's Summit,2026-09-10,Blue Springs,,5,2,W,3.44,3.72,1.56,1.72,3.28,False,False
Lee's Summit,2026-09-11,Park Hill,,2,4,L,2.36,4.41,-0.36,0.41,0.06,False,False
Lee's Summit,2026-09-11,St. Elizabeth,,5,3,W,4.73,4.47,0.27,1.47,1.74,False,False
Lee's Summit,2026-09-12,Kirkwood,,11,0,W,7.81,0.14,3.19,0.14,3.33,False,False
Lee's Summit,2026-09-12,Capital City,,6,1,W,3.96,3.78,2.04,2.78,4.82,False,False
Lee's Summit,2026-09-14,Lee's Summit West,,5,7,L,5.79,6.4,-0.79,-0.6,-1.39,False,False
Lee's Summit,2026-09-15,Liberty North,,4,9,L,3.14,7.17,0.86,-1.83,-0.97,False,False
Lee's Summit,2026-09-17,Truman,,6,5,W,6.17,3.66,-0.17,-1.34,-1.51,False,False
Lee's Summit,2026-09-21,Staley,,1,2,L,2.85,3.8,-1.85,1.8,-0.05,False,False
Lee's Summit,2026-09-22,Raymore-Peculiar,,9,4,W,4.19,9.1,4.81,5.1,9.91,False,False
Lee's Summit,2026-09-24,Blue Springs South,,3,10,L,2.76,10.65,0.24,0.65,0.89,False,False
Lee's Summit,2026-09-25,Oak Grove,,5,8,L,2.92,4.74,2.08,-3.26,-1.18,False,False
Lee's Summit,2026-09-25,Webb City,,7,3,W,2.68,6.54,4.32,3.54,7.85,False,False
Lee's Summit,2026-09-26,Belton,,2,1,W,4.08,6.68,-2.08,5.68,3.59,False,False
Lee's Summit,2026-09-26,Centralia,,2,1,W,1.86,6.09,0.14,5.09,5.23,False,False
Lee's Summit,2026-09-28,Blue Springs,,5,3,W,3.44,3.72,1.56,0.72,2.28,False,False
Lee's Summit,2026-09-29,Lee's Summit West,,12,8,W,5.79,6.4,6.21,-1.6,4.61,False,False
Lee's Summit,2026-10-01,Staley,,,,,2.85,3.8,,,,False,False
Lee's Summit,2026-10-06,Liberty North,,,,,3.14,7.17,,,,False,False
Lee's Summit,2026-10-08,Raymore-Peculiar,,,,,4.19,9.1,,,,False,False
Lee's Summit North,2026-08-28,Smithville,,9,3,W,7.27,4.69,1.73,1.69,3.43,False,False
Lee's Summit North,2026-08-28,Smith-Cotton,,9,0,W,8.04,0.0,0.96,0.0,0.97,False,False
Lee's Summit North,2026-08-29,Lee's Summit,,2,1,W,5.03,3.0,-3.03,2.0,-1.02,False,False
Lee's Summit North,2026-08-29,Mid-Buchanan,,3,7,L,6.54,3.98,-3.54,-3.02,-6.56,False,False
Lee's Summit North,2026-08-29,Pleasant Hill,,4,8,L,3.99,4.18,0.01,-3.82,-3.81,False,False
Lee's Summit North,2026-09-01,Lee's Summit,,8,3,W,5.03,3.0,2.97,0.0,2.98,False,False
Lee's Summit North,2026-09-04,"Broken Arrow HS(Broken Arrow , OK)",,3,11,L,,,,,,False,False
Lee's Summit North,2026-09-04,Joplin,,6,0,W,6.47,2.7,-0.47,2.7,2.23,False,False
Lee's Summit North,2026-09-04,Ozark,,6,8,L,4.87,4.37,1.13,-3.63,-2.5,False,False
Lee's Summit North,2026-09-05,Neosho,,14,2,W,6.72,4.25,7.28,2.25,9.53,False,False
Lee's Summit North,2026-09-05,McDonald County,,6,3,W,6.88,4.59,-0.88,1.59,0.71,False,False
Lee's Summit North,2026-09-08,Lee's Summit West,,10,3,W,6.78,5.36,3.22,2.36,5.59,False,False
Lee's Summit North,2026-09-14,Central (St. Joseph),,9,1,W,10.37,1.17,-1.37,0.17,-1.2,False,False
Lee's Summit North,2026-09-15,North Kansas City,,15,0,W,19.24,-3.44,-4.24,-3.44,-7.67,False,False
Lee's Summit North,2026-09-16,Oak Park,,13,3,W,10.92,0.78,2.08,-2.22,-0.15,False,False
Lee's Summit North,2026-09-21,Park Hill,,0,2,L,3.34,3.37,-3.34,1.37,-1.96,False,False
Lee's Summit North,2026-09-22,Liberty,,0,4,L,5.08,5.06,-5.08,1.06,-4.02,False,False
Lee's Summit North,2026-09-28,Oak Park,,6,7,L,10.92,0.78,-4.92,-6.22,-11.15,False,False
Lee's Summit North,2026-09-29,Central (St. Joseph),,15,0,W,10.37,1.17,4.63,1.17,5.8,False,False
Lee's Summit North,2026-10-01,North Kansas City,,,,,19.24,-3.44,,,,False,False
Lee's Summit North,2026-10-02,Cassville,,,,,7.64,-0.25,,,,False,False
Lee's Summit North,2026-10-02,Nixa,,,,,8.24,6.24,,,,False,False
Lee's Summit North,2026-10-03,Bolivar,,,,,7.58,4.18,,,,False,False
Lee's Summit North,2026-10-05,Park Hill South,,,,,7.97,3.81,,,,False,False
Lee's Summit North,2026-10-06,Park Hill,,,,,3.34,3.37,,,,False,False
Lee's Summit North,2026-10-08,Liberty,,,,,5.08,5.06,,,,False,False
Lee's Summit West,2026-08-28,"Gretna(Gretna, NE)",,2,11,L,,,,,,False,False
Lee's Summit West,2026-08-28,"Millard North(Omaha, NE)",,3,13,L,,,,,,False,False
Lee's Summit West,2026-08-29,"Broken Arrow(Broken Arrow , OK)",,3,9,L,,,,,,False,False
Lee's Summit West,2026-08-29,Rock Bridge,,5,3,W,3.59,8.82,1.41,5.82,7.22,False,False
Lee's Summit West,2026-09-03,Raymore-Peculiar,,20,10,W,6.55,10.85,13.45,0.85,14.3,False,False
Lee's Summit West,2026-09-08,Lee's Summit North,,3,10,L,5.36,6.78,-2.36,-3.22,-5.59,False,False
Lee's Summit West,2026-09-10,Blue Springs South,,10,22,L,5.12,12.4,4.88,-9.6,-4.72,False,False
Lee's Summit West,2026-09-11,Ft. Zumwalt West,,2,7,L,3.98,9.6,-1.98,2.6,0.62,False,False
Lee's Summit West,2026-09-11,Kickapoo,,9,0,W,8.87,8.02,0.13,8.02,8.15,False,False
Lee's Summit West,2026-09-11,Ozark,,2,9,L,6.25,7.16,-4.25,-1.84,-6.09,False,False
Lee's Summit West,2026-09-12,Republic,,8,5,W,8.71,4.86,-0.71,-0.14,-0.86,False,False
Lee's Summit West,2026-09-12,Truman,,2,1,W,8.53,5.41,-6.53,4.41,-2.12,False,False
Lee's Summit West,2026-09-14,Lee's Summit,,7,5,W,6.4,5.79,0.6,0.79,1.39,False,False
Lee's Summit West,2026-09-17,Staley,,7,5,W,5.21,5.55,1.79,0.55,2.34,False,False
Lee's Summit West,2026-09-21,Blue Springs,,4,3,W,5.8,5.47,-1.8,2.47,0.67,False,False
Lee's Summit West,2026-09-22,Liberty North,,1,4,L,5.5,8.92,-4.5,4.92,0.42,False,False
Lee's Summit West,2026-09-24,Raymore-Peculiar,,9,19,L,6.55,10.85,2.45,-8.15,-5.7,False,False
Lee's Summit West,2026-09-28,Blue Springs South,,3,17,L,5.12,12.4,-2.12,-4.6,-6.72,False,False
Lee's Summit West,2026-09-29,Lee's Summit,,8,12,L,6.4,5.79,1.6,-6.21,-4.61,False,False
Lee's Summit West,2026-10-01,Blue Springs,,,,,5.8,5.47,,,,False,False
Lee's Summit West,2026-10-05,Staley,,,,,5.21,5.55,,,,False,False
Lee's Summit West,2026-10-06,Grain Valley,,,,,2.14,9.42,,,,False,False
Lee's Summit West,2026-10-08,Liberty North,,,,,5.5,8.92,,,,False,False
Lee's Summit West,2026-10-12,Belton,,,,,6.44,8.43,,,,False,False
Lexington,2026-08-29,East Buchanan,,13,8,W,13.25,8.7,-0.25,0.7,0.46,False,False
Lexington,2026-08-29,Lone Jack,,1,12,L,6.28,11.92,-5.28,-0.08,-5.36,False,False
Lexington,2026-08-29,North Platte,,5,15,L,6.87,14.57,-1.87,-0.43,-2.3,False,False
Lexington,2026-08-31,Clinton,,13,10,W,12.03,9.49,0.97,-0.51,0.46,False,False
Lexington,2026-09-03,Norborne with Hardin-Central,,18,2,W,22.15,8.26,-4.15,6.26,2.11,False,False
Lexington,2026-09-07,Richmond,,6,16,L,3.19,13.21,2.81,-2.79,0.02,False,False
Lexington,2026-09-08,Lathrop,,9,19,L,4.9,17.97,4.1,-1.03,3.07,False,False
Lexington,2026-09-10,Holden,,3,13,L,6.44,13.3,-3.44,0.3,-3.14,False,False
Lexington,2026-09-15,Knob Noster,,12,8,W,12.32,7.57,-0.32,-0.43,-0.75,False,False
Lexington,2026-09-16,Plattsburg,,18,3,W,20.05,3.72,-2.05,0.72,-1.34,False,False
Lexington,2026-09-17,Carrollton,,20,24,L,11.49,14.61,8.51,-9.39,-0.88,False,False
Lexington,2026-09-22,Lafayette County,,4,6,L,3.55,12.13,0.45,6.13,6.58,False,False
Lexington,2026-09-24,Richmond,,0,8,L,3.19,13.21,-3.19,5.21,2.02,False,False
Lexington,2026-09-30,Holden,,6,10,L,6.44,13.3,-0.44,3.3,2.86,False,False
Lexington,2026-10-01,Knob Noster,,,,,12.32,7.57,,,,False,False
Lexington,2026-10-03,Cameron,,,,,4.5,14.81,,,,False,False
Lexington,2026-10-03,Marshall,,,,,8.92,9.29,,,,False,False
Lexington,2026-10-06,Carrollton,,,,,11.49,14.61,,,,False,False
Lexington,2026-10-07,St. Pius X (Kansas City),,,,,6.83,10.09,,,,False,False
Lexington,2026-10-08,Lafayette County,,,,,3.55,12.13,,,,False,False
Lexington,2026-10-12,St. Michael the Archangel,,,,,8.15,13.93,,,,False,False
Liberty,2026-08-28,Fort Osage,,2,1,W,4.44,2.56,-2.44,1.56,-0.88,False,False
Liberty,2026-08-28,Pleasant Hill,,3,9,L,5.06,5.28,-2.06,-3.72,-5.79,False,False
Liberty,2026-08-28,Pacific,,9,4,W,9.59,1.88,-0.59,-2.12,-2.7,False,False
Liberty,2026-08-29,Chillicothe,,0,3,L,1.97,6.77,-1.97,3.77,1.8,False,False
Liberty,2026-08-29,Truman,,17,2,W,8.22,3.72,8.78,1.72,10.49,False,False
Liberty,2026-08-29,Smithville,,6,5,W,8.34,5.79,-2.34,0.79,-1.55,False,False
Liberty,2026-08-31,Lee's Summit,,5,2,W,6.1,4.1,-1.1,2.1,1.0,False,False
Liberty,2026-09-01,Platte County,,3,13,L,5.55,9.16,-2.55,-3.84,-6.39,False,False
Liberty,2026-09-03,Liberty North,,10,13,L,5.2,7.23,4.8,-5.77,-0.97,False,False
Liberty,2026-09-08,Oak Park,,13,3,W,12.0,1.87,1.0,-1.13,-0.12,False,False
Liberty,2026-09-10,North Kansas City,,14,0,W,20.31,-2.34,-6.31,-2.34,-8.65,False,False
Liberty,2026-09-14,Park Hill,,1,2,L,4.41,4.47,-3.41,2.47,-0.94,False,False
Liberty,2026-09-17,Central (St. Joseph),,18,3,W,11.44,2.27,6.56,-0.73,5.83,False,False
Liberty,2026-09-21,Park Hill South,,15,10,W,9.04,4.9,5.96,-5.1,0.86,False,False
Liberty,2026-09-22,Lee's Summit North,,4,0,W,5.06,5.08,-1.06,5.08,4.02,False,False
Liberty,2026-09-24,Oak Park,,7,4,W,12.0,1.87,-5.0,-2.13,-7.12,False,False
Liberty,2026-09-25,"Columbia Rock Bridge(Columbia, MO)",,0,6,L,,,,,,False,False
Liberty,2026-09-25,Rock Bridge,,0,6,L,3.29,7.12,-3.29,1.12,-2.16,False,False
Liberty,2026-09-25,"Papillion-La Vista South(Papillion, NE)",,2,8,L,,,,,,False,False
Liberty,2026-09-26,West Platte,,12,0,W,7.15,3.12,4.85,3.12,7.96,False,False
Liberty,2026-09-26,Kearney,,4,9,L,6.69,4.56,-2.69,-4.44,-7.14,False,False
Liberty,2026-09-28,North Kansas City,,20,2,W,20.31,-2.34,-0.31,-4.34,-4.65,False,False
Liberty,2026-09-30,Blue Springs South,,5,3,W,4.81,10.71,0.19,7.71,7.89,False,False
Liberty,2026-10-02,Capital City,,,,,6.02,3.84,,,,False,False
Liberty,2026-10-02,Willard,,,,,4.81,8.54,,,,False,False
Liberty,2026-10-02,Oak Grove,,,,,4.98,4.8,,,,False,False
Liberty,2026-10-03,Aurora,,,,,10.17,0.32,,,,False,False
Liberty,2026-10-03,Republic,,,,,8.41,3.16,,,,False,False
Liberty,2026-10-03,Branson,,,,,9.31,3.42,,,,False,False
Liberty,2026-10-05,Central (St. Joseph),,,,,11.44,2.27,,,,False,False
Liberty,2026-10-06,Park Hill South,,,,,9.04,4.9,,,,False,False
Liberty,2026-10-08,Lee's Summit North,,,,,5.06,5.08,,,,False,False
Liberty (Wentzville),2026-08-28,Linn,,3,6,L,7.65,8.67,-4.65,2.67,-1.98,False,False
Liberty (Wentzville),2026-08-28,Pacific,,10,4,W,10.48,5.57,-0.48,1.57,1.08,False,False
Liberty (Wentzville),2026-08-29,Sullivan,,16,3,W,9.41,8.3,6.59,5.3,11.89,False,False
Liberty (Wentzville),2026-08-29,Webster Groves,,14,5,W,11.08,5.38,2.92,0.38,3.31,False,False
Liberty (Wentzville),2026-08-31,Ft. Zumwalt East,,17,1,W,11.59,4.28,5.41,3.28,8.69,False,False
Liberty (Wentzville),2026-09-03,Francis Howell,,0,15,L,3.37,9.71,-3.37,-5.29,-8.66,False,False
Liberty (Wentzville),2026-09-08,Ft. Zumwalt West,,5,15,L,4.57,11.59,0.43,-3.41,-2.98,False,False
Liberty (Wentzville),2026-09-10,Francis Howell Central,,6,8,L,10.87,8.48,-4.87,0.48,-4.38,False,False
Liberty (Wentzville),2026-09-11,Incarnate Word Academy,,7,10,L,9.15,7.17,-2.15,-2.83,-4.98,False,False
Liberty (Wentzville),2026-09-14,Timberland,,1,17,L,4.79,10.22,-3.79,-6.78,-10.57,False,False
Liberty (Wentzville),2026-09-15,Troy Buchanan,,2,17,L,2.87,10.3,-0.87,-6.7,-7.57,False,False
Liberty (Wentzville),2026-09-17,Francis Howell North,,10,14,L,6.21,10.14,3.79,-3.86,-0.07,False,False
Liberty (Wentzville),2026-09-18,Silex,,2,7,L,5.53,8.03,-3.53,1.03,-2.51,False,False
Liberty (Wentzville),2026-09-22,Francis Howell,,0,3,L,3.37,9.71,-3.37,6.71,3.34,False,False
Liberty (Wentzville),2026-09-24,Ft. Zumwalt West,,2,12,L,4.57,11.59,-2.57,-0.41,-2.98,False,False
Liberty (Wentzville),2026-09-25,Ft. Zumwalt North,,17,5,W,13.47,7.56,3.53,2.56,6.1,False,False
Liberty (Wentzville),2026-09-28,Holt,,17,10,W,14.35,6.98,2.65,-3.02,-0.37,False,False
Liberty (Wentzville),2026-09-29,Francis Howell Central,,16,4,W,10.87,8.48,5.13,4.48,9.62,False,False
Liberty (Wentzville),2026-10-01,Troy Buchanan,,,,,2.87,10.3,,,,False,False
Liberty (Wentzville),2026-10-05,Francis Howell North,,,,,6.21,10.14,,,,False,False
Liberty (Wentzville),2026-10-08,North Point,,,,,10.21,5.67,,,,False,False
Liberty (Wentzville),2026-10-12,Washington,,,,,6.51,10.41,,,,False,False
Liberty North,2026-08-28,"Broomfield(Broomfield, CO)",,6,11,L,,,,,,False,False
Liberty North,2026-08-28,"Millard North(Omaha, NE)",,8,4,W,,,,,,False,False
Liberty North,2026-08-29,"Beatrice(Beatrice, NE)",,5,3,W,,,,,,False,False
Liberty North,2026-08-29,"Horizon(Elkhorn, NE)",,15,5,W,,,,,,False,False
Liberty North,2026-08-31,Park Hill,,0,2,L,5.48,3.52,-5.48,1.52,-3.97,False,False
Liberty North,2026-09-01,Park Hill South,,6,5,W,10.11,3.95,-4.11,-1.05,-5.16,False,False
Liberty North,2026-09-03,Liberty,,13,10,W,7.23,5.2,5.77,-4.8,0.97,False,False
Liberty North,2026-09-08,Staley,,11,3,W,5.98,2.9,5.02,-0.1,4.92,False,False
Liberty North,2026-09-11,Battle,,12,3,W,11.4,2.38,0.6,-0.62,-0.02,False,False
Liberty North,2026-09-11,Linn,,5,4,W,7.82,4.03,-2.82,0.03,-2.79,False,False
Liberty North,2026-09-12,California,,18,0,W,13.35,0.06,4.65,0.06,4.71,False,False
Liberty North,2026-09-12,Hillsboro,,8,0,W,9.21,2.97,-1.21,2.97,1.76,False,False
Liberty North,2026-09-14,Blue Springs,,9,4,W,6.57,2.82,2.43,-1.18,1.25,False,False
Liberty North,2026-09-15,Lee's Summit,,9,4,W,7.17,3.14,1.83,-0.86,0.97,False,False
Liberty North,2026-09-17,Blue Springs South,,1,2,L,5.88,9.75,-4.88,7.75,2.87,False,False
Liberty North,2026-09-21,Raymore-Peculiar,,10,11,L,7.31,8.2,2.69,-2.8,-0.12,False,False
Liberty North,2026-09-22,Lee's Summit West,,4,1,W,8.92,5.5,-4.92,4.5,-0.42,False,False
Liberty North,2026-09-24,Staley,,1,9,L,5.98,2.9,-4.98,-6.1,-11.08,False,False
Liberty North,2026-09-25,Fort Osage,,5,2,W,5.51,1.6,-0.51,-0.4,-0.91,False,False
Liberty North,2026-09-26,"Papillion La Vista South(Papillion, NE)",,5,6,L,,,,,,False,False
Liberty North,2026-09-26,Troy Buchanan,,5,4,W,3.04,5.66,1.96,1.66,3.62,False,False
Liberty North,2026-09-28,Kearney,,11,1,W,7.76,3.6,3.24,2.6,5.84,False,False
Liberty North,2026-09-29,Blue Springs,,9,5,W,6.57,2.82,2.43,-2.18,0.25,False,False
Liberty North,2026-10-01,Raymore-Peculiar,,,,,7.31,8.2,,,,False,False
Liberty North,2026-10-05,Blue Springs South,,,,,5.88,9.75,,,,False,False
Liberty North,2026-10-06,Lee's Summit,,,,,7.17,3.14,,,,False,False
Liberty North,2026-10-08,Lee's Summit West,,,,,8.92,5.5,,,,False,False
Liberty North,2026-10-10,Kickapoo,,,,,9.64,5.37,,,,False,False
Liberty North,2026-10-10,Rock Bridge,,,,,4.36,6.17,,,,False,False
Liberty North,2026-10-12,Platte County,,,,,6.62,8.2,,,,False,False
Lincoln College Prep,2026-09-01,St. Michael the Archangel,,1,17,L,-1.49,24.81,2.49,7.81,10.3,False,False
Lincoln College Prep,2026-09-04,Notre Dame de Sion,,5,20,L,2.63,21.42,2.37,1.42,3.79,False,False
Lincoln College Prep,2026-09-08,Winnetonka,,,,,5.21,19.43,,,,False,False
Lincoln College Prep,2026-09-09,Benton,,1,16,L,-5.49,25.74,6.49,9.74,16.23,False,False
Lincoln College Prep,2026-09-11,Raytown South,,10,20,L,10.2,15.7,-0.2,-4.3,-4.5,False,False
Lincoln College Prep,2026-09-12,Central (St. Joseph),,1,27,L,-2.39,24.04,3.39,-2.96,0.43,False,False
Lincoln College Prep,2026-09-12,Richmond,,6,18,L,-6.45,24.08,12.45,6.08,18.53,False,False
Lincoln College Prep,2026-09-12,Maryville,,7,11,L,7.74,16.74,-0.74,5.74,5.0,False,False
Lincoln College Prep,2026-09-15,Grandview,,0,21,L,2.81,19.84,-2.81,-1.16,-3.97,False,False
Lincoln College Prep,2026-09-18,Grandview,,5,22,L,2.81,19.84,2.19,-2.16,0.03,False,False
Lincoln College Prep,2026-09-18,Ruskin,,11,12,L,14.06,12.92,-3.06,0.92,-2.14,False,False
Lincoln College Prep,2026-09-19,University City,,1,19,L,8.12,16.4,-7.12,-2.6,-9.72,False,False
Lincoln College Prep,2026-09-22,St. Teresa's Academy,,0,16,L,-2.33,21.9,2.33,5.9,8.23,False,False
Lincoln College Prep,2026-09-24,Summit Christian Academy,,1,14,L,-2.84,22.97,3.84,8.97,12.81,False,False
Lincoln College Prep,2026-09-29,Notre Dame de Sion,,15,37,L,2.63,21.42,12.37,-15.58,-3.21,False,False
Lincoln College Prep,2026-09-30,Grandview,,8,18,L,2.81,19.84,5.19,1.84,7.03,False,False
Lincoln College Prep,2026-10-01,Lone Jack,,,,,-3.36,22.8,,,,False,False
Lincoln College Prep,2026-10-02,Winnetonka,,,,,5.21,19.43,,,,False,False
Lincoln College Prep,2026-10-12,Raytown South,,,,,10.2,15.7,,,,False,False
"Lincoln North Star(Lincoln, NE)",2026-09-18,Platte County,,4,13,L,,,,,,False,False
Lindbergh,2026-08-28,Notre Dame (Cape Girardeau),,4,3,W,8.33,4.19,-4.33,1.19,-3.15,False,False
Lindbergh,2026-08-28,Neelyville,,10,0,W,12.25,-0.62,-2.25,-0.62,-2.87,False,False
Lindbergh,2026-08-29,Ft. Zumwalt West,,6,17,L,4.03,7.57,1.97,-9.43,-7.46,False,False
Lindbergh,2026-08-29,Kelly,,11,4,W,7.41,2.24,3.59,-1.76,1.84,False,False
Lindbergh,2026-08-29,Lafayette (Wildwood),,8,9,L,5.84,5.91,2.16,-3.09,-0.94,False,False
Lindbergh,2026-08-31,Oakville,,14,2,W,6.61,1.5,7.39,-0.5,6.89,False,False
Lindbergh,2026-09-01,Windsor (Imperial),,4,12,L,6.84,4.14,-2.84,-7.86,-10.7,False,False
Lindbergh,2026-09-02,Jackson,,4,0,W,6.74,4.52,-2.74,4.52,1.79,False,False
Lindbergh,2026-09-08,Mehlville,,15,0,W,15.94,-3.9,-0.94,-3.9,-4.83,False,False
Lindbergh,2026-09-09,Parkway South,,15,0,W,11.14,4.27,3.86,4.27,8.13,False,False
Lindbergh,2026-09-14,Seckman,,10,0,W,9.83,3.09,0.17,3.09,3.26,False,False
Lindbergh,2026-09-15,Rockwood Summit,,7,0,W,9.65,2.98,-2.65,2.98,0.32,False,False
Lindbergh,2026-09-16,Lafayette (Wildwood),,4,3,W,5.84,5.91,-1.84,2.91,1.06,False,False
Lindbergh,2026-09-21,Webster Groves,,5,3,W,10.53,1.36,-5.53,-1.64,-7.17,False,False
Lindbergh,2026-09-22,Fox,,6,1,W,8.77,3.02,-2.77,2.02,-0.74,False,False
Lindbergh,2026-09-23,Marquette,,11,1,W,5.73,4.75,5.27,3.75,9.02,False,False
Lindbergh,2026-09-28,Parkway West,,3,4,L,5.51,5.36,-2.51,1.36,-1.15,False,False
Lindbergh,2026-09-30,Eureka,,5,6,L,4.27,6.62,0.73,0.62,1.35,False,False
Lindbergh,2026-10-01,Ft. Zumwalt West,,,,,4.03,7.57,,,,False,False
Lindbergh,2026-10-05,Cor Jesu Academy,,,,,6.74,6.62,,,,False,False
Lindbergh,2026-10-07,Oakville,,,,,6.61,1.5,,,,False,False
Lindbergh,2026-10-08,Northwest (Cedar Hill),,,,,8.36,3.85,,,,False,False
Lindbergh,2026-10-12,Hillsboro,,,,,8.5,3.59,,,,False,False
Linn,2026-08-28,Liberty (Wentzville),,6,3,W,8.67,7.65,-2.67,4.65,1.98,False,False
Linn,2026-08-28,Logan-Rogersville,,5,6,L,5.99,4.3,-0.99,-1.7,-2.69,False,False
Linn,2026-08-28,Webster Groves,,6,2,W,9.01,2.3,-3.01,0.3,-2.72,False,False
Linn,2026-08-29,Chaffee,,3,2,W,4.19,8.57,-1.19,6.57,5.37,False,False
Linn,2026-08-29,Neosho,,16,1,W,6.63,5.94,9.37,4.94,14.31,False,False
Linn,2026-09-02,Capital City,,2,3,L,4.85,4.44,-2.85,1.44,-1.42,False,False
Linn,2026-09-03,Owensville,,7,11,L,10.41,3.26,-3.41,-7.74,-11.15,False,False
Linn,2026-09-08,Fatima,,6,7,L,4.9,5.44,1.1,-1.56,-0.45,False,False
Linn,2026-09-11,Hillsboro,,4,3,W,6.97,4.53,-2.97,1.53,-1.45,False,False
Linn,2026-09-11,Liberty North,,4,5,L,4.03,7.82,-0.03,2.82,2.79,False,False
Linn,2026-09-12,Battle,,10,6,W,9.16,3.93,0.84,-2.07,-1.23,False,False
Linn,2026-09-12,California,,15,0,W,11.11,1.61,3.89,1.61,5.5,False,False
Linn,2026-09-14,Fayette,,5,0,W,5.73,1.55,-0.73,1.55,0.82,False,False
Linn,2026-09-15,Father Tolton,,16,9,W,8.96,0.58,7.04,-8.42,-1.38,False,False
Linn,2026-09-17,South Callaway,,12,0,W,11.16,0.23,0.84,0.23,1.07,False,False
Linn,2026-09-18,South Harrison,,5,8,L,6.29,6.05,-1.29,-1.95,-3.24,False,False
Linn,2026-09-18,Southern Boone,,5,6,L,4.11,6.83,0.89,0.83,1.72,False,False
Linn,2026-09-19,Blair Oaks,,7,3,W,6.08,4.08,0.92,1.08,2.01,False,False
Linn,2026-09-21,New Bloomfield,,12,3,W,10.45,1.76,1.55,-1.24,0.31,False,False
Linn,2026-09-22,Russellville,,11,3,W,8.88,3.93,2.12,0.93,3.04,False,False
Linn,2026-09-24,Vienna,,7,8,L,8.58,1.84,-1.58,-6.16,-7.74,False,False
Linn,2026-09-28,Harrisburg,,0,10,L,4.47,6.26,-4.47,-3.74,-8.21,False,False
Linn,2026-09-30,Iberia,,,,,7.31,3.9,,,,False,False
Linn,2026-10-01,Eugene,,,,,6.04,5.77,,,,False,False
Linn,2026-10-02,St. Francis Borgia,,,,,7.54,5.08,,,,False,False
Linn,2026-10-05,Pacific,,,,,8.42,2.48,,,,False,False
Linn,2026-10-08,St. Elizabeth,,,,,5.62,5.12,,,,False,False
Linn County,2026-08-28,Grundy County with Newtown-Harris,,13,9,W,11.97,10.86,1.03,1.86,2.88,False,False
Linn County,2026-09-01,Higbee,,10,13,L,5.97,12.68,4.03,-0.32,3.71,False,False
Linn County,2026-09-03,Gilman City with Tri-County,,2,20,L,2.58,16.47,-0.58,-3.53,-4.11,False,False
Linn County,2026-09-04,Brashear,,15,2,W,11.1,11.4,3.9,9.4,13.3,False,False
Linn County,2026-09-14,Green City,,7,21,L,10.13,14.74,-3.13,-6.26,-9.39,False,False
Linn County,2026-09-18,Novinger,,10,9,W,9.25,8.86,0.75,-0.14,0.61,False,False
Linn County,2026-09-21,Meadville,,18,16,W,19.4,11.72,-1.4,-4.28,-5.68,False,False
Linn County,2026-09-25,Atlanta,,4,22,L,10.2,17.07,-6.2,-4.93,-11.14,False,False
Linn County,2026-09-28,"Brunswick with Keytesville, Northwestern (Mendon)",,0,10,L,1.45,13.97,-1.45,3.97,2.51,False,False
Linn County,2026-10-01,Bevier,,,,,11.57,5.57,,,,False,False
Linn County,2026-10-02,La Plata,,,,,8.75,13.78,,,,False,False
Linn County,2026-10-05,Bucklin with Macon County,,,,,18.54,7.94,,,,False,False
Linn County,2026-10-06,Milan,,,,,10.21,10.37,,,,False,False
Linn County,2026-10-08,"Mercer with Cainsville, Ridgeway",,,,,5.66,14.74,,,,False,False
"Locus Groves(Locus Groves, OK)",2026-09-11,Hillcrest,,16,6,W,,,,,,False,False
"Locust Grove(Locust Grove, OK)",2026-09-12,Branson,,0,10,L,,,,,,False,False
Logan-Rogersville,2026-08-28,Sullivan,,5,7,L,6.06,5.61,-1.06,-1.39,-2.45,False,False
Logan-Rogersville,2026-08-28,Blair Oaks,,8,9,L,4.79,4.49,3.21,-4.51,-1.3,False,False
Logan-Rogersville,2026-08-28,Linn,,6,5,W,4.3,5.99,1.7,0.99,2.69,False,False
Logan-Rogersville,2026-08-29,Capital City,,0,1,L,3.57,4.84,-3.57,3.84,0.27,False,False
Logan-Rogersville,2026-08-29,Pacific,,5,3,W,7.13,2.88,-2.13,-0.12,-2.25,False,False
Logan-Rogersville,2026-09-01,Cassville,,6,1,W,6.26,1.85,-0.26,0.85,0.59,False,False
Logan-Rogersville,2026-09-03,Monett,,12,2,W,10.63,0.16,1.37,-1.84,-0.48,False,False
Logan-Rogersville,2026-09-04,West Plains,,12,0,W,11.01,1.76,0.99,1.76,2.75,False,False
Logan-Rogersville,2026-09-04,Marshfield,,0,1,L,2.69,6.24,-2.69,5.24,2.55,False,False
Logan-Rogersville,2026-09-10,Branson,,8,5,W,6.86,4.42,1.14,-0.58,0.56,False,False
Logan-Rogersville,2026-09-11,Seneca,,10,0,W,8.71,1.04,1.29,1.04,2.32,False,False
Logan-Rogersville,2026-09-14,Aurora,,9,0,W,7.71,1.32,1.29,1.32,2.61,False,False
Logan-Rogersville,2026-09-15,West Plains,,17,0,W,11.01,1.76,5.99,1.76,7.75,False,False
Logan-Rogersville,2026-09-17,Carl Junction,,11,7,W,8.03,3.09,2.97,-3.91,-0.94,False,False
Logan-Rogersville,2026-09-18,"Bixby(Bixby , OK)",,0,5,L,,,,,,False,False
Logan-Rogersville,2026-09-18,"Mannford(Mannford, OK)",,15,3,W,,,,,,False,False
Logan-Rogersville,2026-09-19,"Muldrow(Muldrow, OK)",,8,4,W,,,,,,False,False
Logan-Rogersville,2026-09-19,"Sapulpa(Sapulpa, OK)",,2,8,L,,,,,,False,False
Logan-Rogersville,2026-09-21,Joplin,,3,2,W,5.09,4.8,-2.09,2.8,0.71,False,False
Logan-Rogersville,2026-09-23,Lebanon,,13,1,W,11.25,3.64,1.75,2.64,4.38,False,False
Logan-Rogersville,2026-09-25,Glendale,,0,5,L,7.77,3.44,-7.77,-1.56,-9.33,False,False
Logan-Rogersville,2026-09-28,Republic,,7,6,W,5.96,4.16,1.04,-1.84,-0.8,False,False
Logan-Rogersville,2026-09-29,Hillcrest,,18,1,W,19.75,-0.21,-1.75,-1.21,-2.96,False,False
Logan-Rogersville,2026-09-30,Ozark,,5,11,L,3.49,6.47,1.51,-4.53,-3.02,False,False
Logan-Rogersville,2026-10-01,Bolivar,,,,,6.2,6.28,,,,False,False
Logan-Rogersville,2026-10-06,Marshfield,,,,,2.69,6.24,,,,False,False
Logan-Rogersville,2026-10-07,Kickapoo,,,,,6.11,7.32,,,,False,False
Logan-Rogersville,2026-10-10,Waynesville,,,,,12.97,0.39,,,,False,False
Logan-Rogersville,2026-10-10,Branson,,,,,6.86,4.42,,,,False,False
Logan-Rogersville,2026-10-12,Hartville,,,,,10.23,1.59,,,,False,False
"Lone Grove(Lone Grove, OK)",2026-09-18,Glendale,,10,0,W,,,,,,False,False
"Lone Grove(Lone Grove, OK)",2026-09-19,Cassville,,8,1,W,,,,,,False,False
"Lone Grove(Oklahoma, OK)",2026-09-19,Webb City,,6,0,W,,,,,,False,False
Lone Jack,2026-08-27,St. Pius X (Kansas City),,9,4,W,5.9,3.51,3.1,-0.49,2.61,False,False
Lone Jack,2026-08-29,East Buchanan,,13,5,W,12.31,2.12,0.69,-2.88,-2.19,False,False
Lone Jack,2026-08-29,Lexington,,12,1,W,11.92,6.28,0.08,5.28,5.36,False,False
Lone Jack,2026-08-29,North Platte,,2,3,L,5.93,7.99,-3.93,4.99,1.06,False,False
Lone Jack,2026-09-02,Holden,,3,10,L,5.5,6.72,-2.5,-3.28,-5.78,False,False
Lone Jack,2026-09-03,Plattsburg,,17,2,W,19.12,-2.86,-2.12,-4.86,-6.98,False,False
Lone Jack,2026-09-08,North Platte,,9,15,L,5.93,7.99,3.07,-7.01,-3.94,False,False
Lone Jack,2026-09-10,Ruskin,,17,0,W,22.76,-4.53,-5.76,-4.53,-10.3,False,False
Lone Jack,2026-09-11,Ruskin,,16,0,W,22.76,-4.53,-6.76,-4.53,-11.3,False,False
Lone Jack,2026-09-15,Lathrop,,2,14,L,3.97,11.4,-1.97,-2.6,-4.57,False,False
Lone Jack,2026-09-16,Pleasant Hill,,1,13,L,-0.07,9.6,1.07,-3.4,-2.33,False,False
Lone Jack,2026-09-17,Polo,,9,1,W,11.39,4.85,-2.39,3.85,1.47,False,False
Lone Jack,2026-09-21,Harrisonville,,10,9,W,9.11,4.59,0.89,-4.41,-3.52,False,False
Lone Jack,2026-09-22,St. Michael the Archangel,,6,7,L,7.21,7.36,-1.21,0.36,-0.86,False,False
Lone Jack,2026-09-24,New Bloomfield,,11,0,W,6.48,5.48,4.52,5.48,10.0,False,False
Lone Jack,2026-09-26,Eldon,,2,0,W,1.06,5.84,0.94,5.84,6.78,False,False
Lone Jack,2026-09-26,St. Elizabeth,,1,10,L,1.65,8.85,-0.65,-1.15,-1.81,False,False
Lone Jack,2026-09-28,Sherwood,,12,2,W,12.31,1.02,-0.31,-0.98,-1.29,False,False
Lone Jack,2026-09-30,William Chrisman,,7,0,W,12.72,4.32,-5.72,4.32,-1.4,False,False
Lone Jack,2026-10-01,Lincoln College Prep,,,,,22.8,-3.36,,,,False,False
Lone Jack,2026-10-03,Knob Noster,,,,,11.39,0.99,,,,False,False
Lone Jack,2026-10-03,"Tina-Avalon with Bosworth, Hale",,,,,18.67,-2.13,,,,False,False
Lone Jack,2026-10-05,Nevada,,,,,18.3,-0.38,,,,False,False
Lone Jack,2026-10-07,Lafayette County,,,,,2.62,5.56,,,,False,False
Lone Jack,2026-10-08,"Braymer with Breckenridge, Southwest (Livingston County)",,,,,12.34,2.21,,,,False,False
Lone Jack,2026-10-12,Warrensburg,,,,,4.36,8.17,,,,False,False
Louisiana,2026-09-01,Palmyra,,2,13,L,5.19,13.29,-3.19,0.29,-2.9,False,False
Louisiana,2026-09-03,Bowling Green,,19,26,L,6.79,14.91,12.21,-11.09,1.12,False,False
Louisiana,2026-09-08,Silex,,0,20,L,-0.95,15.33,0.95,-4.67,-3.72,False,False
Louisiana,2026-09-09,Wellsville-Middletown,,22,1,W,18.4,7.57,3.6,6.57,10.18,False,False
Louisiana,2026-09-14,Highland,,6,20,L,1.84,17.41,4.16,-2.59,1.57,False,False
Louisiana,2026-09-15,Wright City,,2,14,L,4.56,13.45,-2.56,-0.55,-3.12,False,False
Louisiana,2026-09-22,Clopton,,4,10,L,5.58,11.44,-1.58,1.44,-0.14,False,False
Louisiana,2026-09-23,Van-Far,,3,11,L,8.66,12.31,-5.66,1.31,-4.35,False,False
Louisiana,2026-09-24,Elsberry,,1,16,L,0.52,15.91,0.48,-0.09,0.38,False,False
Louisiana,2026-09-26,Monroe City,,1,9,L,4.4,15.05,-3.4,6.05,2.66,False,False
Louisiana,2026-09-26,Troy Buchanan,,7,10,L,-3.62,17.6,10.62,7.6,18.22,False,False
Louisiana,2026-09-29,North Callaway,,0,16,L,0.01,13.73,-0.01,-2.27,-2.28,False,False
Louisiana,2026-09-30,Hannibal,,2,12,L,4.36,12.32,-2.36,0.32,-2.04,False,False
Louisiana,2026-10-01,Montgomery County,,,,,0.32,13.91,,,,False,False
Louisiana,2026-10-06,Community,,,,,4.67,11.25,,,,False,False
Louisiana,2026-10-07,Mark Twain,,,,,4.17,13.11,,,,False,False
Louisiana,2026-10-12,Canton,,,,,6.12,11.86,,,,False,False
Lutheran South,2026-08-27,Hazelwood West,,15,14,W,10.69,5.47,4.31,-8.53,-4.22,False,False
Lutheran South,2026-08-29,Ladue Horton Watkins,,14,1,W,10.41,4.04,3.59,3.04,6.62,False,False
Lutheran South,2026-09-02,Oakville,,6,17,L,0.21,8.82,5.79,-8.18,-2.39,False,False
Lutheran South,2026-09-08,St. Charles West with St. Charles,,2,12,L,4.27,9.09,-2.27,-2.91,-5.18,False,False
Lutheran South,2026-09-10,Windsor (Imperial),,0,12,L,0.44,11.46,-0.44,-0.54,-0.98,False,False
Lutheran South,2026-09-11,Lutheran St. Charles with Veritas Christian Academy,,10,11,L,10.11,8.85,-0.11,-2.15,-2.26,False,False
Lutheran South,2026-09-14,DeSoto,,5,4,W,6.78,6.59,-1.78,2.59,0.81,False,False
Lutheran South,2026-09-16,Cor Jesu Academy,,1,18,L,0.34,13.94,0.66,-4.06,-3.4,False,False
Lutheran South,2026-09-21,Affton,,16,1,W,13.63,5.22,2.37,4.22,6.6,False,False
Lutheran South,2026-09-23,Jefferson (Festus),,3,4,L,6.67,7.56,-3.67,3.56,-0.11,False,False
Lutheran South,2026-09-25,Parkway Central,,2,13,L,0.07,13.11,1.93,0.11,2.04,False,False
Lutheran South,2026-09-26,Neelyville,,3,6,L,5.85,6.7,-2.85,0.7,-2.15,False,False
Lutheran South,2026-09-26,Rockwood Summit,,1,5,L,3.26,10.3,-2.26,5.3,3.04,False,False
Lutheran South,2026-09-28,Westminster Christian Academy,,0,17,L,-1.01,12.94,1.01,-4.06,-3.05,False,False
Lutheran South,2026-09-29,St. Pius X (Festus),,11,1,W,11.04,5.92,-0.04,4.92,4.88,False,False
Lutheran South,2026-10-02,Webster Groves,,,,,4.13,8.68,,,,False,False
Lutheran South,2026-10-05,Valley Park,,,,,5.38,11.45,,,,False,False
Lutheran South,2026-10-07,Parkway North with Principia,,,,,13.43,4.18,,,,False,False
Lutheran South,2026-10-08,St. Joseph's Academy,,,,,2.13,9.42,,,,False,False
Lutheran South,2026-10-12,Notre Dame (St. Louis),,,,,14.86,5.58,,,,False,False
Lutheran St. Charles with Veritas Christian Academy,2026-08-27,Ft. Zumwalt South,,1,17,L,8.39,14.11,-7.39,-2.89,-10.28,False,False
Lutheran St. Charles with Veritas Christian Academy,2026-09-01,St. Dominic,,0,13,L,2.63,11.76,-2.63,-1.24,-3.87,False,False
Lutheran St. Charles with Veritas Christian Academy,2026-09-03,Ritenour,,11,12,L,9.95,10.91,1.05,-1.09,-0.04,False,False
Lutheran St. Charles with Veritas Christian Academy,2026-09-09,Ladue Horton Watkins,,16,6,W,12.17,7.05,3.83,1.05,4.89,False,False
Lutheran St. Charles with Veritas Christian Academy,2026-09-10,St. Francis Borgia,,4,16,L,4.41,14.48,-0.41,-1.52,-1.93,False,False
Lutheran St. Charles with Veritas Christian Academy,2026-09-11,Lutheran South,,11,10,W,8.85,10.11,2.15,0.11,2.26,False,False
Lutheran St. Charles with Veritas Christian Academy,2026-09-14,St. Pius X (Festus),,18,3,W,12.79,8.94,5.21,5.94,11.14,False,False
Lutheran St. Charles with Veritas Christian Academy,2026-09-16,St. Joseph's Academy,,4,15,L,3.89,12.44,0.11,-2.56,-2.44,False,False
Lutheran St. Charles with Veritas Christian Academy,2026-09-18,Wright City,,1,16,L,5.86,12.46,-4.86,-3.54,-8.4,False,False
Lutheran St. Charles with Veritas Christian Academy,2026-09-19,Ft. Zumwalt South,,7,22,L,8.39,14.11,-1.39,-7.89,-9.28,False,False
Lutheran St. Charles with Veritas Christian Academy,2026-09-19,Ft. Zumwalt East,,4,9,L,6.4,10.6,-2.4,1.6,-0.8,False,False
Lutheran St. Charles with Veritas Christian Academy,2026-09-23,Hazelwood West,,17,3,W,12.45,8.49,4.55,5.49,10.04,False,False
Lutheran St. Charles with Veritas Christian Academy,2026-09-24,Mexico,,,,,3.12,15.19,,,,False,False
Lutheran St. Charles with Veritas Christian Academy,2026-09-28,Northwest (Cedar Hill),,2,13,L,3.71,14.19,-1.71,1.19,-0.52,False,False
Lutheran St. Charles with Veritas Christian Academy,2026-09-29,Westminster Christian Academy,,0,10,L,0.74,15.96,-0.74,5.96,5.22,False,False
Lutheran St. Charles with Veritas Christian Academy,2026-10-01,Valley Park,,,,,7.14,14.47,,,,False,False
Lutheran St. Charles with Veritas Christian Academy,2026-10-02,Oakville,,,,,1.96,11.84,,,,False,False
Lutheran St. Charles with Veritas Christian Academy,2026-10-05,Bowling Green,,,,,8.09,13.92,,,,False,False
Lutheran St. Charles with Veritas Christian Academy,2026-10-06,Rockwood Summit,,,,,5.01,13.31,,,,False,False
Lutheran St. Charles with Veritas Christian Academy,2026-10-07,Ft. Zumwalt East,,,,,6.4,10.6,,,,False,False
Lutheran St. Charles with Veritas Christian Academy,2026-10-08,St. Charles West with St. Charles,,,,,6.02,12.11,,,,False,False
Lutheran St. Charles with Veritas Christian Academy,2026-10-09,Normandy Collaborative,,,,,,,,,,False,False
Lutheran St. Charles with Veritas Christian Academy,2026-10-12,Winfield,,,,,0.7,14.11,,,,False,False
Lutheran St. Charles with Veritas Christian Academy,2026-10-13,Hermann with New Haven,,,,,14.76,13.01,,,,False,False
Macks Creek,2026-09-01,Fair Play,,17,1,W,17.6,-0.68,-0.6,-1.68,-2.27,False,False
Macks Creek,2026-09-03,Central (Springfield),,17,0,W,,,,,,False,False
Macks Creek,2026-09-04,Weaubleau,,1,17,L,5.26,9.02,-4.26,-7.98,-12.24,False,False
Macks Creek,2026-09-10,Richland,,10,5,W,9.4,7.72,0.6,2.72,3.32,False,False
Macks Creek,2026-09-11,Hermitage,,12,2,W,6.96,7.05,5.04,5.05,10.08,False,False
Macks Creek,2026-09-14,Crocker,,0,16,L,3.9,12.75,-3.9,-3.25,-7.15,False,False
Macks Creek,2026-09-15,Wheatland,,2,7,L,2.4,10.12,-0.4,3.12,2.71,False,False
Macks Creek,2026-09-18,Weaubleau,,3,13,L,5.26,9.02,-2.26,-3.98,-6.24,False,False
Macks Creek,2026-09-19,Hermitage,,6,13,L,6.96,7.05,-0.96,-5.95,-6.92,False,False
Macks Creek,2026-09-19,Montrose with Appleton City,,9,3,W,10.57,7.25,-1.57,4.25,2.68,False,False
Macks Creek,2026-09-21,Laquey,,7,0,W,14.02,2.23,-7.02,2.23,-4.79,False,False
Macks Creek,2026-09-22,Humansville,,13,3,W,8.91,7.35,4.09,4.35,8.45,False,False
Macks Creek,2026-09-24,Stoutland,,2,12,L,3.16,11.04,-1.16,-0.96,-2.12,False,False
Macks Creek,2026-09-25,Dadeville with Everton,,1,11,L,-1.53,12.08,2.53,1.08,3.62,False,False
Macks Creek,2026-09-28,Climax Springs,,,,,15.03,5.03,,,,False,False
Macks Creek,2026-09-29,Dixon,,5,12,L,2.93,14.69,2.07,2.69,4.77,False,False
Macks Creek,2026-10-02,Dadeville with Everton,,,,,-1.53,12.08,,,,False,False
Macks Creek,2026-10-05,Tuscumbia,,,,,5.44,10.06,,,,False,False
Macks Creek,2026-10-06,Halfway,,,,,-1.22,12.48,,,,False,False
Macks Creek,2026-10-08,Humansville,,,,,8.91,7.35,,,,False,False
Macks Creek,2026-10-09,Walnut Grove,,,,,13.28,7.49,,,,False,False
Macon,2026-08-27,North Shelby,,1,0,W,2.64,5.56,-1.64,5.56,3.92,False,False
Macon,2026-08-28,Francis Howell North,,4,9,L,2.05,9.82,1.95,0.82,2.77,False,False
Macon,2026-08-28,North Point,,3,6,L,6.05,5.35,-3.05,-0.65,-3.7,False,False
Macon,2026-08-29,Highland,,0,13,L,4.16,9.78,-4.16,-3.22,-7.38,False,False
Macon,2026-08-29,Holt,,14,9,W,10.19,6.66,3.81,-2.34,1.48,False,False
Macon,2026-08-31,Centralia,,1,11,L,0.65,9.51,0.35,-1.49,-1.15,False,False
Macon,2026-09-01,Hallsville with Christian Fellowship Sr.,,3,4,L,5.78,5.87,-2.78,1.87,-0.91,False,False
Macon,2026-09-03,Monroe City,,10,7,W,6.72,7.43,3.28,0.43,3.71,False,False
Macon,2026-09-09,Southern Boone,,5,13,L,2.01,9.6,2.99,-3.4,-0.42,False,False
Macon,2026-09-10,Moberly,,,,,5.91,6.54,,,,False,False
Macon,2026-09-12,Chillicothe,,2,9,L,-1.3,10.13,3.3,1.13,4.43,False,False
Macon,2026-09-12,Lawson,,8,2,W,7.68,7.66,0.32,5.66,5.97,False,False
Macon,2026-09-12,South Harrison,,6,8,L,4.19,8.81,1.81,0.81,2.63,False,False
Macon,2026-09-14,Kirksville,,10,6,W,4.82,7.15,5.18,1.15,6.33,False,False
Macon,2026-09-16,Mexico,,2,8,L,4.15,8.55,-2.15,0.55,-1.59,False,False
Macon,2026-09-18,Jefferson City,,8,7,W,9.34,5.79,-1.34,-1.21,-2.55,False,False
Macon,2026-09-18,Father Tolton,,9,10,L,6.86,3.35,2.14,-6.65,-4.51,False,False
Macon,2026-09-19,Fatima,,4,8,L,2.8,8.21,1.2,0.21,1.41,False,False
Macon,2026-09-21,South Shelby,,10,0,W,13.6,1.54,-3.6,1.54,-2.06,False,False
Macon,2026-09-23,Canton,,8,4,W,8.44,4.23,-0.44,0.23,-0.21,False,False
Macon,2026-09-24,Palmyra,,1,2,L,7.51,5.67,-6.51,3.67,-2.85,False,False
Macon,2026-09-26,Highland,,8,11,L,4.16,9.78,3.84,-1.22,2.62,False,False
Macon,2026-09-26,Scotland County,,8,6,W,8.8,2.48,-0.8,-3.52,-4.32,False,False
Macon,2026-09-28,Westran,,13,6,W,13.08,5.12,-0.08,-0.88,-0.95,False,False
Macon,2026-09-29,Highland,,2,12,L,4.16,9.78,-2.16,-2.22,-4.38,False,False
Macon,2026-10-01,Chillicothe,,,,,-1.3,10.13,,,,False,False
Macon,2026-10-05,Brookfield,,,,,5.77,6.11,,,,False,False
Macon,2026-10-06,Clark County,,,,,7.77,4.72,,,,False,False
Macon,2026-10-07,Marceline,,,,,1.62,9.32,,,,False,False
Macon,2026-10-12,Father Tolton,,,,,6.86,3.35,,,,False,False
Madison,2026-08-28,Novinger,,2,1,W,10.37,2.64,-8.37,1.64,-6.73,False,False
Madison,2026-09-01,Wellsville-Middletown,,15,1,W,14.99,6.43,0.01,5.43,5.44,False,False
Madison,2026-09-03,Westran,,10,14,L,7.35,11.6,2.65,-2.4,0.26,False,False
Madison,2026-09-04,New Franklin,,10,8,W,5.2,9.25,4.8,1.25,6.04,False,False
Madison,2026-09-08,Bucklin with Macon County,,19,2,W,19.67,1.72,-0.67,-0.28,-0.95,False,False
Madison,2026-09-11,Higbee,,10,5,W,7.09,6.46,2.91,1.46,4.37,False,False
Madison,2026-09-12,Community,,1,7,L,1.26,10.1,-0.26,3.1,2.84,False,False
Madison,2026-09-12,Harrisburg,,2,5,L,-3.36,15.51,5.36,10.51,15.87,False,False
Madison,2026-09-12,Van-Far,,12,9,W,5.26,11.17,6.74,2.17,8.91,False,False
Madison,2026-09-15,Glasgow,,1,13,L,1.21,12.7,-0.21,-0.3,-0.52,False,False
Madison,2026-09-17,Sturgeon,,1,7,L,4.01,8.33,-3.01,1.33,-1.67,False,False
Madison,2026-09-18,Jamestown,,0,17,L,4.98,11.11,-4.98,-5.89,-10.87,False,False
Madison,2026-09-21,Mark Twain,,1,16,L,0.76,11.96,0.24,-4.04,-3.8,False,False
Madison,2026-09-22,Slater with Malta Bend,,2,4,L,2.14,9.04,-0.14,5.04,4.9,False,False
Madison,2026-09-24,Community,,0,10,L,1.26,10.1,-1.26,0.1,-1.16,False,False
Madison,2026-09-28,Paris,,6,16,L,0.98,10.71,5.02,-5.29,-0.27,False,False
Madison,2026-09-29,Pilot Grove,,3,14,L,8.55,8.06,-5.55,-5.94,-11.48,False,False
Madison,2026-10-01,Northeast (Cairo),,,,,3.22,11.34,,,,False,False
Madison,2026-10-03,Clopton,,,,,2.17,10.29,,,,False,False
Madison,2026-10-03,Community,,,,,1.26,10.1,,,,False,False
Madison,2026-10-06,Bevier,,,,,12.69,-0.65,,,,False,False
"Mannford(Mannford , OK)",2026-09-19,Glendale,,10,1,W,,,,,,False,False
"Mannford(Mannford, OK)",2026-09-18,Logan-Rogersville,,3,15,L,,,,,,False,False
"Mannford(Mannford, OK)",2026-09-18,Branson,,0,1,L,,,,,,False,False
"Mannford(Mannford, OK)",2026-09-19,Nixa,,11,1,W,,,,,,False,False
Maplewood-Richmond Hts. with Brentwood,2026-10-12,Hazelwood West,,,,,,,,,,False,False
Marceline,2026-08-27,Monroe City,,8,1,W,9.78,2.8,-1.78,1.8,0.01,False,False
Marceline,2026-08-29,North Shelby,,4,0,W,5.71,0.93,-1.71,0.93,-0.78,False,False
Marceline,2026-08-29,Moberly,,11,3,W,8.97,1.91,2.03,-1.09,0.93,False,False
Marceline,2026-08-29,Owensville,,11,1,W,11.38,1.4,-0.38,0.4,0.02,False,False
Marceline,2026-08-31,Penney,,2,0,W,11.31,-0.18,-9.31,-0.18,-9.49,False,False
Marceline,2026-09-03,Hannibal,,10,0,W,9.74,0.07,0.26,0.07,0.32,False,False
Marceline,2026-09-08,Putnam County,,10,0,W,8.16,-1.7,1.84,-1.7,0.14,False,False
Marceline,2026-09-10,Maysville,,,,,10.03,0.55,,,,False,False
Marceline,2026-09-15,Gallatin,,12,1,W,9.93,-0.92,2.07,-1.92,0.15,False,False
Marceline,2026-09-17,South Harrison,,4,1,W,7.25,4.18,-3.25,3.18,-0.07,False,False
Marceline,2026-09-19,La Plata,,15,1,W,18.67,-3.55,-3.67,-4.55,-8.22,False,False
Marceline,2026-09-19,North Callaway,,5,3,W,5.4,1.48,-0.4,-1.52,-1.92,False,False
Marceline,2026-09-19,Palmyra,,15,0,W,10.58,1.04,4.42,1.04,5.46,False,False
Marceline,2026-09-21,Salisbury,,11,6,W,7.14,3.04,3.86,-2.96,0.89,False,False
Marceline,2026-09-22,Milan,,19,1,W,20.12,-6.96,-1.12,-7.96,-9.08,False,False
Marceline,2026-09-23,Milan,,,,,20.12,-6.96,,,,False,False
Marceline,2026-09-24,Brookfield,,8,0,W,8.83,1.48,-0.83,1.48,0.65,False,False
Marceline,2026-09-29,Trenton,,11,0,W,9.8,-0.96,1.2,-0.96,0.24,False,False
Marceline,2026-09-30,Cameron,,11,0,W,8.5,2.64,2.5,2.64,5.14,False,False
Marceline,2026-10-01,Highland,,,,,7.23,5.15,,,,False,False
Marceline,2026-10-03,Moberly,,,,,8.97,1.91,,,,False,False
Marceline,2026-10-03,Westran,,,,,16.14,0.49,,,,False,False
Marceline,2026-10-06,Knox County,,,,,14.56,-1.88,,,,False,False
Marceline,2026-10-07,Macon,,,,,9.32,1.62,,,,False,False
Marceline,2026-10-08,Maysville,,,,,10.03,0.55,,,,False,False
Marion County,2026-08-28,Clopton,,4,16,L,-2.08,19.23,6.08,3.23,9.3,False,False
Marion County,2026-09-01,Novinger,,3,18,L,6.13,11.58,-3.13,-6.42,-9.55,False,False
Marion County,2026-09-03,Atlanta,,5,15,L,7.08,19.78,-2.08,4.78,2.7,False,False
Marion County,2026-09-04,Bevier,,14,1,W,8.45,8.28,5.55,7.28,12.84,False,False
Marion County,2026-09-08,Knox County,,5,15,L,1.52,18.17,3.48,3.17,6.65,False,False
Marion County,2026-09-10,South Shelby,,0,14,L,3.63,16.95,-3.63,2.95,-0.68,False,False
Marion County,2026-09-14,Wellsville-Middletown,,9,26,L,10.74,15.36,-1.74,-10.64,-12.38,False,False
Marion County,2026-09-19,Knox County,,0,15,L,1.52,18.17,-1.52,3.17,1.65,False,False
Marion County,2026-09-19,Mark Twain,,4,14,L,-3.48,20.9,7.48,6.9,14.38,False,False
Marion County,2026-09-22,North Shelby,,2,17,L,-7.33,20.97,9.33,3.97,13.3,False,False
Marion County,2026-09-24,Bucklin with Macon County,,11,13,L,15.42,10.65,-4.42,-2.35,-6.77,False,False
Marion County,2026-09-28,La Plata,,,,,5.63,16.5,,,,False,False
Marion County,2026-09-29,Canton,,0,10,L,-1.53,19.65,1.53,9.65,11.18,False,False
Marion County,2026-10-05,Van-Far,,,,,1.01,20.1,,,,False,False
Marion County,2026-10-08,Community,,,,,-2.98,19.04,,,,False,False
Marion County,2026-10-09,Brashear,,,,,7.98,14.12,,,,False,False
Mark Twain,2026-08-29,Moberly,,3,11,L,5.14,6.77,-2.14,-4.23,-6.36,False,False
Mark Twain,2026-08-29,Palmyra,,7,10,L,6.74,5.9,0.26,-4.1,-3.84,False,False
Mark Twain,2026-08-29,Westran,,10,4,W,12.3,5.36,-2.3,1.36,-0.94,False,False
Mark Twain,2026-09-01,Paris,,3,1,W,5.93,4.46,-2.93,3.46,0.53,False,False
Mark Twain,2026-09-02,Monroe City,,12,9,W,5.94,7.66,6.06,-1.34,4.72,False,False
Mark Twain,2026-09-03,Palmyra,,10,0,W,6.74,5.9,3.26,5.9,9.16,False,False
Mark Twain,2026-09-08,Montgomery County,,2,6,L,1.87,6.52,0.13,0.52,0.65,False,False
Mark Twain,2026-09-14,Hermann with New Haven,,21,9,W,15.01,6.61,5.99,-2.39,3.59,False,False
Mark Twain,2026-09-15,Silex,,0,4,L,0.6,7.94,-0.6,3.94,3.34,False,False
Mark Twain,2026-09-17,Van-Far,,13,7,W,10.21,4.92,2.79,-2.08,0.71,False,False
Mark Twain,2026-09-19,Marion County,,14,4,W,20.9,-3.48,-6.9,-7.48,-14.38,False,False
Mark Twain,2026-09-19,Van-Far,,7,6,W,10.21,4.92,-3.21,-1.08,-4.29,False,False
Mark Twain,2026-09-19,Paris,,3,4,L,5.93,4.46,-2.93,0.46,-2.47,False,False
Mark Twain,2026-09-21,Madison,,16,1,W,11.96,0.76,4.04,-0.24,3.8,False,False
Mark Twain,2026-09-22,Wright City,,3,6,L,6.11,6.05,-3.11,0.05,-3.05,False,False
Mark Twain,2026-09-24,Wellsville-Middletown,,21,0,W,19.94,0.18,1.06,0.18,1.24,False,False
Mark Twain,2026-09-26,Canton,,2,3,L,7.67,4.47,-5.67,1.47,-4.2,False,False
Mark Twain,2026-09-26,Community,,6,5,W,6.22,3.86,-0.22,-1.14,-1.36,False,False
Mark Twain,2026-09-26,Sturgeon,,2,1,W,8.97,2.09,-6.97,1.09,-5.88,False,False
Mark Twain,2026-09-28,Community,,18,3,W,6.22,3.86,11.78,0.86,12.64,False,False
Mark Twain,2026-09-29,Clopton,,3,5,L,7.12,4.05,-4.12,-0.95,-5.07,False,False
Mark Twain,2026-09-30,South Shelby,,17,2,W,12.83,1.78,4.17,-0.22,3.95,False,False
Mark Twain,2026-10-01,Elsberry,,,,,2.07,8.52,,,,False,False
Mark Twain,2026-10-02,Bowling Green,,,,,8.34,7.52,,,,False,False
Mark Twain,2026-10-03,Hermann with New Haven,,,,,15.01,6.61,,,,False,False
Mark Twain,2026-10-05,Westran,,,,,12.3,5.36,,,,False,False
Mark Twain,2026-10-06,North Callaway,,,,,1.56,6.34,,,,False,False
Mark Twain,2026-10-07,Louisiana,,,,,13.11,4.17,,,,False,False
Mark Twain,2026-10-10,Perryville,,,,,9.47,3.87,,,,False,False
Mark Twain,2026-10-12,Moberly,,,,,5.14,6.77,,,,False,False
"Marlow(Oklahoma , OK)",2026-09-18,Webb City,,7,4,W,,,,,,False,False
"Marlow(Stephens County, OK)",2026-09-19,Monett,,13,2,W,,,,,,False,False
"Marlowe(Marlowe, OK)",2026-09-18,Nixa,,4,2,W,,,,,,False,False
Marquette,2026-08-28,Notre Dame (Cape Girardeau),,5,2,W,6.91,3.74,-1.91,1.74,-0.17,False,False
Marquette,2026-08-28,Neelyville,,10,5,W,10.83,-1.07,-0.83,-6.07,-6.89,False,False
Marquette,2026-08-29,Ft. Zumwalt West,,5,14,L,2.61,7.12,2.39,-6.88,-4.48,False,False
Marquette,2026-08-29,Kelly,,10,0,W,5.98,1.8,4.02,1.8,5.81,False,False
Marquette,2026-08-29,Parkway Central,,2,3,L,5.05,5.34,-3.05,2.34,-0.71,False,False
Marquette,2026-09-03,Northwest (Cedar Hill),,8,5,W,6.93,3.4,1.07,-1.6,-0.53,False,False
Marquette,2026-09-04,Rockwood Summit,,7,3,W,8.23,2.53,-1.23,-0.47,-1.7,False,False
Marquette,2026-09-08,Jackson,,3,4,L,5.31,4.07,-2.31,0.07,-2.24,False,False
Marquette,2026-09-11,Timberland,,3,5,L,2.82,5.75,0.18,0.75,0.93,False,False
Marquette,2026-09-14,Parkway West,,1,2,L,4.09,4.92,-3.09,2.92,-0.17,False,False
Marquette,2026-09-16,Eureka,,0,10,L,2.84,6.17,-2.84,-3.83,-6.67,False,False
Marquette,2026-09-17,Hillsboro,,14,5,W,7.07,3.15,6.93,-1.85,5.07,False,False
Marquette,2026-09-19,Belton,,15,1,W,5.07,5.95,9.93,4.95,14.88,False,False
Marquette,2026-09-19,Rock Bridge,,3,13,L,2.22,6.34,0.78,-6.66,-5.88,False,False
Marquette,2026-09-22,Incarnate Word Academy,,2,1,W,7.19,2.7,-5.19,1.7,-3.49,False,False
Marquette,2026-09-23,Lindbergh,,1,11,L,4.75,5.73,-3.75,-5.27,-9.02,False,False
Marquette,2026-09-24,Parkway Central,,8,3,W,5.05,5.34,2.95,2.34,5.29,False,False
Marquette,2026-09-25,Parkway South,,9,0,W,9.72,3.83,-0.72,3.83,3.11,False,False
Marquette,2026-09-28,Francis Howell,,1,0,W,1.4,5.24,-0.4,5.24,4.84,False,False
Marquette,2026-09-29,St. Dominic,,2,0,W,5.85,0.97,-3.85,0.97,-2.88,False,False
Marquette,2026-10-01,Lafayette (Wildwood),,,,,4.42,5.46,,,,False,False
Marquette,2026-10-05,Elsberry,,,,,5.04,4.13,,,,False,False
Marquette,2026-10-12,Westminster Christian Academy,,,,,3.96,5.17,,,,False,False
Marshall,2026-08-29,Carrollton,,9,4,W,7.93,10.68,1.07,6.68,7.76,False,False
Marshall,2026-08-29,California,,6,7,L,4.51,7.98,1.49,0.98,2.46,False,False
Marshall,2026-08-29,Trenton,,3,9,L,2.24,7.27,0.76,-1.73,-0.97,False,False
Marshall,2026-09-01,St. Teresa's Academy,,8,7,W,3.74,7.09,4.26,0.09,4.35,False,False
Marshall,2026-09-02,Oak Grove,,0,11,L,-2.79,11.76,2.79,0.76,3.55,False,False
Marshall,2026-09-09,Fulton,,6,9,L,9.79,7.6,-3.79,-1.4,-5.18,False,False
Marshall,2026-09-11,Camdenton,,2,3,L,8.91,5.75,-6.91,2.75,-4.17,False,False
Marshall,2026-09-11,Westminster Christian Academy,,0,19,L,-2.73,12.92,2.73,-6.08,-3.35,False,False
Marshall,2026-09-12,Eldon,,0,12,L,-1.57,8.48,1.57,-3.52,-1.95,False,False
Marshall,2026-09-12,Elsberry,,2,9,L,-1.66,11.88,3.66,2.88,6.54,False,False
Marshall,2026-09-16,Odessa,,3,11,L,2.48,10.62,0.52,-0.38,0.13,False,False
Marshall,2026-09-17,Moberly,,1,11,L,1.41,10.14,-0.41,-0.86,-1.27,False,False
Marshall,2026-09-19,Kirksville,,0,16,L,0.32,10.75,-0.32,-5.25,-5.57,False,False
Marshall,2026-09-21,Mexico,,3,11,L,-0.35,12.15,3.35,1.15,4.51,False,False
Marshall,2026-09-28,Boonville,,0,11,L,2.51,8.42,-2.51,-2.58,-5.08,False,False
Marshall,2026-10-01,Smith-Cotton,,,,,1.34,8.07,,,,False,False
Marshall,2026-10-03,Cameron,,,,,0.94,10.87,,,,False,False
Marshall,2026-10-03,Lexington,,,,,9.29,8.92,,,,False,False
Marshall,2026-10-05,Clinton,,,,,8.47,5.56,,,,False,False
Marshall,2026-10-06,Smith-Cotton,,,,,1.34,8.07,,,,False,False
Marshall,2026-10-08,Moberly,,,,,1.41,10.14,,,,False,False
Marshall,2026-10-10,Grandview,,,,,8.88,5.03,,,,False,False
Marshfield,2026-08-27,Halfway,,13,3,W,8.77,0.21,4.23,-2.79,1.44,False,False
Marshfield,2026-08-28,Cassville,,10,2,W,7.8,-0.16,2.2,-2.16,0.04,False,False
Marshfield,2026-08-28,Wheatland,,9,1,W,12.4,-2.15,-3.4,-3.15,-6.55,False,False
Marshfield,2026-08-29,Webb City,,1,2,L,3.82,5.58,-2.82,3.58,0.76,False,False
Marshfield,2026-08-29,McDonald County,,3,7,L,7.04,4.68,-4.04,-2.32,-6.36,False,False
Marshfield,2026-09-01,Monett,,16,1,W,12.17,-1.86,3.83,-2.86,0.98,False,False
Marshfield,2026-09-03,Cassville,,5,1,W,7.8,-0.16,-2.8,-1.16,-3.96,False,False
Marshfield,2026-09-04,Hillcrest,,22,0,W,21.28,-2.23,0.72,-2.23,-1.51,False,False
Marshfield,2026-09-04,Logan-Rogersville,,1,0,W,6.24,2.69,-5.24,2.69,-2.55,False,False
Marshfield,2026-09-08,Norwood,,14,0,W,13.35,-1.9,0.65,-1.9,-1.26,False,False
Marshfield,2026-09-11,Oak Park,,18,0,W,11.08,0.86,6.92,0.86,7.78,False,False
Marshfield,2026-09-11,Iberia,,9,2,W,7.56,2.29,1.44,0.29,1.73,False,False
Marshfield,2026-09-12,Montgomery County,,7,6,W,4.99,1.9,2.01,-4.1,-2.09,False,False
Marshfield,2026-09-12,Southern Boone,,15,4,W,4.36,5.22,10.64,1.22,11.86,False,False
Marshfield,2026-09-15,Bolivar,,7,0,W,7.74,4.27,-0.74,4.27,3.53,False,False
Marshfield,2026-09-17,Branson,,4,0,W,8.39,2.41,-4.39,2.41,-1.98,False,False
Marshfield,2026-09-19,McDonald County,,1,2,L,7.04,4.68,-6.04,2.68,-3.36,False,False
Marshfield,2026-09-21,Aurora,,11,0,W,9.25,-0.69,1.75,-0.69,1.06,False,False
Marshfield,2026-09-22,Hartville,,9,0,W,11.76,-0.42,-2.76,-0.42,-3.19,False,False
Marshfield,2026-09-24,Hillcrest,,20,0,W,21.28,-2.23,-1.28,-2.23,-3.51,False,False
Marshfield,2026-09-25,Wheatland,,15,3,W,12.4,-2.15,2.6,-5.15,-2.55,False,False
Marshfield,2026-09-29,West Plains,,15,2,W,12.55,-0.25,2.45,-2.25,0.21,False,False
Marshfield,2026-10-01,Carl Junction,,,,,9.56,1.07,,,,False,False
Marshfield,2026-10-02,Joplin,,,,,6.62,2.79,,,,False,False
Marshfield,2026-10-02,Park Hill South,,,,,8.13,3.89,,,,False,False
Marshfield,2026-10-03,Cassville,,,,,7.8,-0.16,,,,False,False
Marshfield,2026-10-03,Nixa,,,,,8.4,6.33,,,,False,False
Marshfield,2026-10-03,Rock Bridge,,,,,2.37,6.11,,,,False,False
Marshfield,2026-10-06,Logan-Rogersville,,,,,6.24,2.69,,,,False,False
Marshfield,2026-10-07,Ozark,,,,,5.03,4.46,,,,False,False
Maryville,2026-08-27,North Andrew,,0,18,L,-2.15,16.23,2.15,-1.77,0.38,False,False
Maryville,2026-08-29,Plattsburg,,15,5,W,13.07,8.24,1.93,3.24,5.17,False,False
Maryville,2026-08-29,Polo,,2,21,L,5.33,15.95,-3.33,-5.05,-8.38,False,False
Maryville,2026-09-01,Lathrop,,0,17,L,-2.09,22.49,2.09,5.49,7.58,False,False
Maryville,2026-09-03,Northeast Nodaway,,2,17,L,5.15,14.53,-3.15,-2.47,-5.62,False,False
Maryville,2026-09-08,Cameron,,0,15,L,-2.49,19.33,2.49,4.33,6.81,False,False
Maryville,2026-09-12,North Platte,,0,21,L,-0.12,19.09,0.12,-1.91,-1.79,False,False
Maryville,2026-09-12,Benton,,0,17,L,-2.85,19.38,2.85,2.38,5.23,False,False
Maryville,2026-09-12,Lincoln College Prep,,11,7,W,16.74,7.74,-5.74,0.74,-5.0,False,False
Maryville,2026-09-14,Jefferson (Conception) with South Nodaway,,1,14,L,2.9,17.86,-1.9,3.86,1.97,False,False
Maryville,2026-09-15,Savannah,,0,20,L,-4.08,23.5,4.08,3.5,7.58,False,False
Maryville,2026-09-17,Benton,,0,21,L,-2.85,19.38,2.85,-1.62,1.23,False,False
Maryville,2026-09-22,Chillicothe,,0,15,L,-9.22,22.18,9.22,7.18,16.4,False,False
Maryville,2026-09-23,East Buchanan,,7,17,L,6.26,13.22,0.74,-3.78,-3.04,False,False
Maryville,2026-09-24,Excelsior Springs,,5,18,L,-2.68,18.47,7.68,0.47,8.15,False,False
Maryville,2026-09-28,Worth County,,,,,-3.17,17.01,,,,False,False
Maryville,2026-09-29,Bishop LeBlond,,,,,9.89,16.16,,,,False,False
Maryville,2026-10-05,North Platte,,,,,-0.12,19.09,,,,False,False
Maryville,2026-10-07,Mid-Buchanan,,,,,-3.57,20.49,,,,False,False
Maryville,2026-10-08,Bishop LeBlond,,,,,9.89,16.16,,,,False,False
Maryville,2026-10-12,DeKalb,,,,,3.34,16.09,,,,False,False
Maysville,2026-08-27,Lafayette County,,7,6,W,3.41,5.31,3.59,-0.69,2.89,False,False
Maysville,2026-08-31,Stanberry,,8,10,L,4.59,8.15,3.41,-1.85,1.56,False,False
Maysville,2026-09-01,Polo,,15,8,W,12.18,4.6,2.82,-3.4,-0.58,False,False
Maysville,2026-09-02,DeKalb,,6,4,W,10.19,4.75,-4.19,0.75,-3.44,False,False
Maysville,2026-09-05,"Falls City(Falls City, NE)",,9,8,W,,,,,,False,False
Maysville,2026-09-05,"Plattsmouth(Plattsmouth, NE)",,8,10,L,,,,,,False,False
Maysville,2026-09-08,Milan,,13,1,W,15.98,-1.62,-2.98,-2.62,-5.61,False,False
Maysville,2026-09-10,Marceline,,,,,0.55,10.03,,,,False,False
Maysville,2026-09-12,DeKalb,,13,1,W,10.19,4.75,2.81,3.75,6.56,False,False
Maysville,2026-09-12,East Buchanan,,22,8,W,13.11,1.87,8.89,-6.13,2.77,False,False
Maysville,2026-09-14,"Pattonsburg with North Daviess, Winston",,7,1,W,6.96,6.82,0.04,5.82,5.87,False,False
Maysville,2026-09-15,Trenton,,2,7,L,5.66,4.37,-3.66,-2.63,-6.29,False,False
Maysville,2026-09-21,Stewartsville with Osborn,,3,2,W,12.87,1.18,-9.87,-0.82,-10.7,False,False
Maysville,2026-09-22,Brookfield,,3,7,L,4.69,6.81,-1.69,-0.19,-1.88,False,False
Maysville,2026-09-24,Gallatin,,4,6,L,5.79,4.42,-1.79,-1.58,-3.37,False,False
Maysville,2026-09-28,King City with Union Star,,4,3,W,3.26,6.53,0.74,3.53,4.27,False,False
Maysville,2026-10-01,"Braymer with Breckenridge, Southwest (Livingston County)",,,,,13.13,1.96,,,,False,False
Maysville,2026-10-05,South Harrison,,,,,3.11,9.52,,,,False,False
Maysville,2026-10-08,Marceline,,,,,0.55,10.03,,,,False,False
Maysville,2026-10-08,Worth County,,,,,3.68,5.66,,,,False,False
Maysville,2026-10-12,Princeton,,,,,2.46,9.91,,,,False,False
Maysville,2026-10-12,Putnam County,,,,,4.02,3.63,,,,False,False
McCluer North,2026-09-02,Mehlville,,0,13,L,4.28,14.32,-4.28,1.32,-2.96,False,False
McCluer North,2026-09-03,Pattonville,,0,17,L,2.86,17.87,-2.86,0.87,-1.99,False,False
McCluer North,2026-09-09,Affton,,17,21,L,8.36,16.12,8.64,-4.88,3.75,False,False
McCluer North,2026-09-15,Hancock,,4,15,L,4.77,15.92,-0.77,0.92,0.14,False,False
McCluer North,2026-09-15,Normandy Collaborative,,,,,,,,,,False,False
McCluer North,2026-09-18,Normandy Collaborative,,,,,,,,,,False,False
McCluer North,2026-09-22,Hazelwood Central,,18,3,W,,,,,,False,False
McCluer North,2026-09-23,Clayton,,3,14,L,8.16,14.72,-5.16,0.72,-4.44,False,False
McCluer North,2026-09-24,Hazelwood East,,19,5,W,,,,,,False,False
McCluer North,2026-09-28,Riverview Gardens,,19,6,W,,,,,,False,False
McCluer North,2026-09-29,STEAM Academy,,18,5,W,18.14,6.44,-0.14,1.44,1.3,False,False
McCluer North,2026-09-30,STEAM Academy,,22,5,W,18.14,6.44,3.86,1.44,5.3,False,False
McCluer North,2026-10-01,Bayless,,,,,10.55,13.54,,,,False,False
McCluer North,2026-10-05,Normandy Collaborative,,,,,,,,,,False,False
McCluer North,2026-10-07,Normandy Collaborative,,,,,,,,,,False,False
McCluer North,2026-10-08,Riverview Gardens,,,,,,,,,,False,False
McCluer North,2026-10-09,Hazelwood Central,,,,,,,,,,False,False
McCluer North,2026-10-12,Hazelwood East,,,,,,,,,,False,False
McDonald County,2026-08-28,Hartville,,11,0,W,12.21,2.39,-1.21,2.39,1.17,False,False
McDonald County,2026-08-28,Dadeville with Everton,,6,5,W,8.91,2.62,-2.91,-2.38,-5.29,False,False
McDonald County,2026-08-29,Marshfield,,7,3,W,4.68,7.04,2.32,4.04,6.36,False,False
McDonald County,2026-08-29,Willard,,2,14,L,4.34,10.34,-2.34,-3.66,-6.0,False,False
McDonald County,2026-08-31,Joplin,,8,7,W,7.07,5.6,0.93,-1.4,-0.48,False,False
McDonald County,2026-09-01,Webb City,,4,14,L,4.27,8.39,-0.27,-5.61,-5.88,False,False
McDonald County,2026-09-04,Blue Springs,,9,7,W,5.03,5.57,3.97,-1.43,2.54,False,False
McDonald County,2026-09-04,Carthage,,8,6,W,8.33,5.89,-0.33,-0.11,-0.45,False,False
McDonald County,2026-09-04,"Owasso(Owasso, OK)",,6,9,L,,,,,,False,False
McDonald County,2026-09-05,Lee's Summit North,,3,6,L,4.59,6.88,-1.59,0.88,-0.71,False,False
McDonald County,2026-09-05,Neosho,,7,3,W,7.33,7.14,-0.33,4.14,3.81,False,False
McDonald County,2026-09-08,Cassville,,1,5,L,8.25,2.65,-7.25,-2.35,-9.6,False,False
McDonald County,2026-09-10,Seneca,,10,0,W,10.7,1.83,-0.7,1.83,1.13,False,False
McDonald County,2026-09-11,Carl Junction,,10,0,W,10.01,3.89,-0.01,3.89,3.87,False,False
McDonald County,2026-09-14,Ozark,,8,7,W,5.48,7.27,2.52,0.27,2.79,False,False
McDonald County,2026-09-15,Aurora,,9,2,W,9.7,2.12,-0.7,0.12,-0.58,False,False
McDonald County,2026-09-17,Nevada,,19,0,W,22.96,-2.9,-3.96,-2.9,-6.86,False,False
McDonald County,2026-09-19,Marshfield,,2,1,W,4.68,7.04,-2.68,6.04,3.36,False,False
McDonald County,2026-09-22,Monett,,11,1,W,12.62,0.95,-1.62,-0.05,-1.66,False,False
McDonald County,2026-09-24,Cassville,,10,2,W,8.25,2.65,1.75,0.65,2.4,False,False
McDonald County,2026-09-25,Belton,,4,5,L,5.67,8.53,-1.67,3.53,1.86,False,False
McDonald County,2026-09-25,Holden,,22,8,W,10.17,4.2,11.83,-3.8,8.03,False,False
McDonald County,2026-09-26,Truman,,8,4,W,7.76,5.52,0.24,1.52,1.76,False,False
McDonald County,2026-09-26,Webb City,,5,10,L,4.27,8.39,0.73,-1.61,-0.88,False,False
McDonald County,2026-09-28,Willard,,3,17,L,4.34,10.34,-1.34,-6.66,-8.0,False,False
McDonald County,2026-09-29,Seneca,,9,5,W,10.7,1.83,-1.7,-3.17,-4.87,False,False
McDonald County,2026-10-01,Aurora,,,,,9.7,2.12,,,,False,False
McDonald County,2026-10-05,Bolivar,,,,,8.19,7.08,,,,False,False
McDonald County,2026-10-06,Nevada,,,,,22.96,-2.9,,,,False,False
McDonald County,2026-10-08,Monett,,,,,12.62,0.95,,,,False,False
Meadville,2026-09-01,Green City,,12,22,L,9.75,22.04,2.25,0.04,2.29,False,False
Meadville,2026-09-02,"Tina-Avalon with Bosworth, Hale",,14,16,L,13.3,16.91,0.7,0.91,1.61,False,False
Meadville,2026-09-08,"Braymer with Breckenridge, Southwest (Livingston County)",,5,23,L,6.97,21.26,-1.97,-1.74,-3.72,False,False
Meadville,2026-09-10,Brashear,,16,27,L,10.72,18.7,5.28,-8.3,-3.02,False,False
Meadville,2026-09-12,Grundy County with Newtown-Harris,,6,13,L,11.59,18.16,-5.59,5.16,-0.44,False,False
Meadville,2026-09-12,Princeton,,0,16,L,-3.7,29.2,3.7,13.2,16.9,False,False
Meadville,2026-09-12,"Tina-Avalon with Bosworth, Hale",,7,16,L,13.3,16.91,-6.3,0.91,-5.39,False,False
Meadville,2026-09-15,Atlanta,,11,24,L,9.82,24.37,1.18,0.37,1.54,False,False
Meadville,2026-09-18,Brashear,,16,27,L,10.72,18.7,5.28,-8.3,-3.02,False,False
Meadville,2026-09-21,Linn County,,16,18,L,11.72,19.4,4.28,1.4,5.68,False,False
Meadville,2026-09-25,Novinger,,7,11,L,8.87,16.16,-1.87,5.16,3.29,False,False
Meadville,2026-09-29,Bevier,,,,,11.19,12.87,,,,False,False
Meadville,2026-10-01,"Brunswick with Keytesville, Northwestern (Mendon)",,,,,1.07,21.27,,,,False,False
Meadville,2026-10-05,Grundy County with Newtown-Harris,,,,,11.59,18.16,,,,False,False
Meadville,2026-10-07,La Plata,,,,,8.37,21.08,,,,False,False
Meadville,2026-10-08,Bucklin with Macon County,,,,,18.16,15.24,,,,False,False
Mehlville,2026-08-31,Fox,,0,15,L,-1.3,12.79,1.3,-2.21,-0.91,False,False
Mehlville,2026-09-02,McCluer North,,13,0,W,14.32,4.28,-1.32,4.28,2.96,False,False
Mehlville,2026-09-08,Lindbergh,,0,15,L,-3.9,15.94,3.9,0.94,4.83,False,False
Mehlville,2026-09-09,Hancock,,8,9,L,6.37,7.47,1.63,-1.53,0.1,False,False
Mehlville,2026-09-10,Kirkwood,,1,11,L,0.16,9.62,0.84,-1.38,-0.53,False,False
Mehlville,2026-09-17,Parkway North with Principia,,8,1,W,9.76,6.63,-1.76,5.63,3.87,False,False
Mehlville,2026-09-22,Hazelwood West,,3,15,L,7.02,7.92,-4.02,-7.08,-11.11,False,False
Mehlville,2026-09-23,Metro,,20,2,W,15.1,-0.4,4.9,-2.4,2.5,False,False
Mehlville,2026-09-24,Clayton,,13,2,W,9.75,6.28,3.25,4.28,7.52,False,False
Mehlville,2026-09-25,Oakville,,0,17,L,-3.46,11.27,3.46,-5.73,-2.27,False,False
Mehlville,2026-09-29,Ladue Horton Watkins,,5,11,L,6.74,6.48,-1.74,-4.52,-6.26,False,False
Mehlville,2026-09-30,Ursuline Academy,,7,1,W,7.73,6.83,-0.73,5.83,5.1,False,False
Mehlville,2026-10-01,Pattonville,,,,,4.46,9.42,,,,False,False
Mehlville,2026-10-02,Cor Jesu Academy,,,,,-3.33,16.38,,,,False,False
Mehlville,2026-10-05,Notre Dame (St. Louis),,,,,11.19,8.02,,,,False,False
Mehlville,2026-10-06,University City,,,,,12.24,4.05,,,,False,False
Mehlville,2026-10-08,Affton,,,,,9.96,7.67,,,,False,False
Mehlville,2026-10-09,Ritenour,,,,,4.53,10.34,,,,False,False
"Mercer with Cainsville, Ridgeway",2026-09-02,Putnam County,,0,20,L,0.88,9.18,-0.88,-10.82,-11.7,False,False
"Mercer with Cainsville, Ridgeway",2026-09-03,Grundy County with Newtown-Harris,,27,6,W,14.6,4.41,12.4,-1.59,10.81,False,False
"Mercer with Cainsville, Ridgeway",2026-09-08,Gilman City with Tri-County,,3,7,L,5.21,10.02,-2.21,3.02,0.81,False,False
"Mercer with Cainsville, Ridgeway",2026-09-14,Princeton,,0,18,L,-0.68,15.46,0.68,-2.54,-1.86,False,False
"Mercer with Cainsville, Ridgeway",2026-09-15,"Braymer with Breckenridge, Southwest (Livingston County)",,12,2,W,9.99,7.51,2.01,5.51,7.52,False,False
"Mercer with Cainsville, Ridgeway",2026-09-17,Cainsville,,,,,,,,,,False,False
"Mercer with Cainsville, Ridgeway",2026-09-24,Gilman City with Tri-County,,0,10,L,5.21,10.02,-5.21,0.02,-5.19,False,False
"Mercer with Cainsville, Ridgeway",2026-09-29,"Pattonsburg with North Daviess, Winston",,1,12,L,3.81,12.37,-2.81,0.37,-2.44,False,False
"Mercer with Cainsville, Ridgeway",2026-09-30,Polo,,,,,9.04,10.15,,,,False,False
"Mercer with Cainsville, Ridgeway",2026-10-05,North Harrison,,,,,8.15,12.61,,,,False,False
"Mercer with Cainsville, Ridgeway",2026-10-08,Linn County,,,,,14.74,5.66,,,,False,False
"Mercer with Cainsville, Ridgeway",2026-10-12,Green City,,,,,12.76,8.29,,,,False,False
Metro,2026-09-08,Affton,,2,17,L,3.69,16.9,-1.69,-0.1,-1.79,False,False
Metro,2026-09-22,St. Pius X (Festus),,1,11,L,1.1,17.6,-0.1,6.6,6.5,False,False
Metro,2026-09-23,Mehlville,,2,20,L,-0.4,15.1,2.4,-4.9,-2.5,False,False
Metro,2026-09-25,Valley Park,,0,19,L,-4.56,23.13,4.56,4.13,8.68,False,False
Metro,2026-09-28,Clayton,,9,25,L,3.49,15.51,5.51,-9.49,-3.98,False,False
Metro,2026-09-29,Bayless,,1,9,L,5.87,14.33,-4.87,5.33,0.45,False,False
Metro,2026-10-02,Normandy Collaborative,,,,,,,,,,False,False
Metro,2026-10-08,Hancock,,,,,0.1,16.7,,,,False,False
Metro,2026-10-13,Riverview Gardens,,,,,,,,,,False,False
Mexico,2026-08-28,Sullivan,,7,6,W,7.55,5.87,-0.55,-0.13,-0.68,False,False
Mexico,2026-08-28,Chaffee,,0,12,L,4.39,9.23,-4.39,-2.77,-7.17,False,False
Mexico,2026-08-29,Capital City,,5,3,W,5.05,5.1,-0.05,2.1,2.04,False,False
Mexico,2026-08-29,Washington,,11,8,W,4.64,7.99,6.36,-0.01,6.34,False,False
Mexico,2026-08-29,Blair Oaks,,7,3,W,6.27,4.74,0.73,1.74,2.47,False,False
Mexico,2026-09-02,Bowling Green,,15,4,W,11.41,5.17,3.59,1.17,4.76,False,False
Mexico,2026-09-05,Grandview,,20,1,W,15.67,-0.68,4.33,-1.68,2.65,False,False
Mexico,2026-09-05,Battle,,17,6,W,9.36,4.59,7.64,-1.41,6.23,False,False
Mexico,2026-09-07,Hallsville with Christian Fellowship Sr.,,3,4,L,8.08,3.76,-5.08,-0.24,-5.32,False,False
Mexico,2026-09-08,Kirksville,,4,5,L,7.12,5.04,-3.12,0.04,-3.08,False,False
Mexico,2026-09-10,Hannibal,,10,0,W,8.97,2.59,1.03,2.59,3.61,False,False
Mexico,2026-09-15,Centralia,,0,11,L,2.95,7.4,-2.95,-3.6,-6.55,False,False
Mexico,2026-09-16,Macon,,8,2,W,8.55,4.15,-0.55,2.15,1.59,False,False
Mexico,2026-09-17,Fulton,,15,5,W,16.58,1.89,-1.58,-3.11,-4.69,False,False
Mexico,2026-09-21,Marshall,,11,3,W,12.15,-0.35,-1.15,-3.35,-4.51,False,False
Mexico,2026-09-22,Moberly,,9,4,W,8.21,4.43,0.79,0.43,1.22,False,False
Mexico,2026-09-24,Lutheran St. Charles with Veritas Christian Academy,,,,,15.19,3.12,,,,False,False
Mexico,2026-09-26,Palmyra,,8,3,W,9.81,3.56,-1.81,0.56,-1.25,False,False
Mexico,2026-09-26,Montgomery County,,4,3,W,4.94,4.17,-0.94,1.17,0.23,False,False
Mexico,2026-09-28,Kirksville,,9,6,W,7.12,5.04,1.88,-0.96,0.92,False,False
Mexico,2026-09-29,Elsberry,,3,6,L,5.14,6.17,-2.14,0.17,-1.97,False,False
Mexico,2026-10-01,Moberly,,,,,8.21,4.43,,,,False,False
Mexico,2026-10-02,Chillicothe,,,,,1.0,8.02,,,,False,False
Mexico,2026-10-02,Jefferson City,,,,,11.64,3.68,,,,False,False
Mexico,2026-10-05,Harrisburg,,,,,4.67,6.92,,,,False,False
Mexico,2026-10-07,Hannibal,,,,,8.97,2.59,,,,False,False
Mexico,2026-10-08,Fulton,,,,,16.58,1.89,,,,False,False
Mid-Buchanan,2026-08-28,Holden,,6,3,W,9.55,3.85,-3.55,0.85,-2.7,False,False
Mid-Buchanan,2026-08-28,Oak Park,,16,3,W,10.91,3.33,5.09,0.33,5.42,False,False
Mid-Buchanan,2026-08-29,Centralia,,3,0,W,2.83,7.6,0.17,7.6,7.76,False,False
Mid-Buchanan,2026-08-29,Grain Valley,,1,11,L,0.75,9.18,0.25,-1.82,-1.57,False,False
Mid-Buchanan,2026-08-29,Lee's Summit North,,7,3,W,3.98,6.54,3.02,3.54,6.56,False,False
Mid-Buchanan,2026-09-01,Chillicothe,,3,5,L,0.88,8.22,2.12,3.22,5.34,False,False
Mid-Buchanan,2026-09-02,St. Pius X (Kansas City),,14,2,W,9.95,0.65,4.05,-1.35,2.7,False,False
Mid-Buchanan,2026-09-03,Savannah,,8,15,L,6.02,9.54,1.98,-5.46,-3.48,False,False
Mid-Buchanan,2026-09-08,Smithville,,12,10,W,7.26,7.24,4.74,-2.76,1.99,False,False
Mid-Buchanan,2026-09-10,West Platte,,0,10,L,6.07,4.57,-6.07,-5.43,-11.5,False,False
Mid-Buchanan,2026-09-11,Eldon,,3,5,L,5.11,2.97,-2.11,-2.03,-4.14,False,False
Mid-Buchanan,2026-09-11,Elsberry,,4,3,W,5.03,6.37,-1.03,3.37,2.35,False,False
Mid-Buchanan,2026-09-12,Camdenton,,16,1,W,15.6,0.24,0.4,-0.76,-0.36,False,False
Mid-Buchanan,2026-09-12,Westminster Christian Academy,,1,5,L,3.95,7.41,-2.95,2.41,-0.54,False,False
Mid-Buchanan,2026-09-17,East Buchanan,,11,1,W,16.36,-0.74,-5.36,-1.74,-7.1,False,False
Mid-Buchanan,2026-09-24,Plattsburg,,15,0,W,23.17,-5.72,-8.17,-5.72,-13.89,False,False
Mid-Buchanan,2026-09-29,Lathrop,,,,,8.02,8.53,,,,False,False
Mid-Buchanan,2026-10-01,North Platte,,,,,9.98,5.12,,,,False,False
Mid-Buchanan,2026-10-06,Penney,,,,,10.43,2.54,,,,False,False
Mid-Buchanan,2026-10-07,Maryville,,,,,20.49,-3.57,,,,False,False
Mid-Buchanan,2026-10-08,Lawson,,,,,9.87,5.75,,,,False,False
Mid-Buchanan,2026-10-12,King City with Union Star,,,,,6.51,3.91,,,,False,False
Mid-Buchanan,2026-10-13,Lathrop,,,,,8.02,8.53,,,,False,False
Milan,2026-08-29,Brookfield,,1,16,L,-2.82,16.91,3.82,0.91,4.73,False,False
Milan,2026-08-29,La Plata,,2,15,L,7.02,11.89,-5.02,-3.11,-8.13,False,False
Milan,2026-08-29,Princeton,,1,24,L,-5.05,20.01,6.05,-3.99,2.06,False,False
Milan,2026-08-29,Novinger,,3,8,L,7.52,6.97,-4.52,-1.03,-5.55,False,False
Milan,2026-09-03,Novinger,,9,10,L,7.52,6.97,1.48,-3.03,-1.55,False,False
Milan,2026-09-05,Green City,,7,5,W,8.4,12.84,-1.4,7.84,6.45,False,False
Milan,2026-09-08,Maysville,,1,13,L,-1.62,15.98,2.62,2.98,5.61,False,False
Milan,2026-09-12,Grundy County with Newtown-Harris,,9,7,W,10.24,8.96,-1.24,1.96,0.72,False,False
Milan,2026-09-12,"Tina-Avalon with Bosworth, Hale",,14,10,W,11.95,7.71,2.05,-2.29,-0.24,False,False
Milan,2026-09-12,Salisbury,,2,17,L,-4.51,18.47,6.51,1.47,7.98,False,False
Milan,2026-09-15,South Harrison,,1,16,L,-4.4,19.62,5.4,3.62,9.01,False,False
Milan,2026-09-17,Brookfield,,0,16,L,-2.82,16.91,2.82,0.91,3.73,False,False
Milan,2026-09-21,Gallatin,,0,18,L,-1.72,14.52,1.72,-3.48,-1.76,False,False
Milan,2026-09-22,Marceline,,1,19,L,-6.96,20.12,7.96,1.12,9.08,False,False
Milan,2026-09-23,Marceline,,,,,-6.96,20.12,,,,False,False
Milan,2026-09-24,Trenton,,0,15,L,-1.85,14.47,1.85,-0.53,1.32,False,False
Milan,2026-09-29,Putnam County,,1,15,L,-3.49,13.73,4.49,-1.27,3.22,False,False
Milan,2026-10-01,Princeton,,,,,-5.05,20.01,,,,False,False
Milan,2026-10-05,Scotland County,,,,,0.21,13.28,,,,False,False
Milan,2026-10-06,Linn County,,,,,10.37,10.21,,,,False,False
Milan,2026-10-08,Albany,,,,,-3.97,15.52,,,,False,False
Milan,2026-10-12,"Pattonsburg with North Daviess, Winston",,,,,-0.55,16.92,,,,False,False
"Millard North(Omaha , NE)",2026-08-29,Rock Bridge,,10,4,W,,,,,,False,False
"Millard North(Omaha, NE)",2026-08-28,Liberty North,,4,8,L,,,,,,False,False
"Millard North(Omaha, NE)",2026-08-28,Lee's Summit West,,13,3,W,,,,,,False,False
"Millard North(Omaha, NE)",2026-09-03,Staley,,10,2,W,,,,,,False,False
"Millard South(Omaha , NE)",2026-09-05,Rock Bridge,,7,6,W,,,,,,False,False
Moberly,2026-08-29,Mark Twain,,11,3,W,6.77,5.14,4.23,2.14,6.36,False,False
Moberly,2026-08-29,Marceline,,3,11,L,1.91,8.97,1.09,-2.03,-0.93,False,False
Moberly,2026-08-29,Monroe City,,10,5,W,7.0,7.08,3.0,2.08,5.08,False,False
Moberly,2026-09-02,Salisbury,,3,11,L,4.36,7.32,-1.36,-3.68,-5.04,False,False
Moberly,2026-09-03,Kirksville,,3,9,L,5.1,6.8,-2.1,-2.2,-4.3,False,False
Moberly,2026-09-08,Hannibal,,8,6,W,6.96,4.35,1.04,-1.65,-0.61,False,False
Moberly,2026-09-09,Centralia,,0,12,L,0.93,9.16,-0.93,-2.84,-3.78,False,False
Moberly,2026-09-10,Macon,,,,,6.54,5.91,,,,False,False
Moberly,2026-09-14,Palmyra,,5,7,L,7.8,5.32,-2.8,-1.68,-4.48,False,False
Moberly,2026-09-15,Fulton,,12,2,W,14.57,3.66,-2.57,1.66,-0.91,False,False
Moberly,2026-09-17,Marshall,,11,1,W,10.14,1.41,0.86,0.41,1.27,False,False
Moberly,2026-09-19,North Callaway,,3,7,L,2.61,5.76,0.39,-1.24,-0.85,False,False
Moberly,2026-09-19,Putnam County,,2,1,W,5.38,2.58,-3.38,1.58,-1.8,False,False
Moberly,2026-09-19,Palmyra,,8,2,W,7.8,5.32,0.2,3.32,3.52,False,False
Moberly,2026-09-21,Chillicothe,,0,18,L,-1.02,9.78,1.02,-8.22,-7.2,False,False
Moberly,2026-09-22,Mexico,,4,9,L,4.43,8.21,-0.43,-0.79,-1.22,False,False
Moberly,2026-09-24,Kirksville,,7,4,W,5.1,6.8,1.9,2.8,4.7,False,False
Moberly,2026-09-26,Harrisburg,,8,5,W,2.65,8.68,5.35,3.68,9.03,False,False
Moberly,2026-09-26,North Callaway,,2,5,L,2.61,5.76,-0.61,0.76,0.15,False,False
Moberly,2026-09-28,Hannibal,,6,5,W,6.96,4.35,-0.96,-0.65,-1.61,False,False
Moberly,2026-09-29,Northeast (Cairo),,5,2,W,9.23,4.52,-4.23,2.52,-1.72,False,False
Moberly,2026-10-01,Mexico,,,,,4.43,8.21,,,,False,False
Moberly,2026-10-03,Westran,,,,,13.36,4.78,,,,False,False
Moberly,2026-10-03,Marceline,,,,,1.91,8.97,,,,False,False
Moberly,2026-10-08,Marshall,,,,,10.14,1.41,,,,False,False
Moberly,2026-10-12,Mark Twain,,,,,6.77,5.14,,,,False,False
Monett,2026-09-01,Marshfield,,1,16,L,-1.86,12.17,2.86,-3.83,-0.98,False,False
Monett,2026-09-03,Logan-Rogersville,,2,12,L,0.16,10.63,1.84,-1.37,0.48,False,False
Monett,2026-09-08,Seneca,,3,6,L,4.17,6.96,-1.17,0.96,-0.2,False,False
Monett,2026-09-10,Aurora,,1,8,L,3.17,7.25,-2.17,-0.75,-2.91,False,False
Monett,2026-09-11,Walnut Grove,,7,6,W,17.19,3.16,-10.19,-2.84,-13.03,False,False
Monett,2026-09-12,Aurora,,1,6,L,3.17,7.25,-2.17,1.25,-0.91,False,False
Monett,2026-09-12,Halfway,,4,7,L,2.69,8.15,1.31,1.15,2.46,False,False
Monett,2026-09-14,Bolivar,,5,15,L,1.66,12.21,3.34,-2.79,0.55,False,False
Monett,2026-09-15,Nevada,,21,1,W,16.43,2.23,4.57,1.23,5.8,False,False
Monett,2026-09-17,Cassville,,0,6,L,1.72,7.78,-1.72,1.78,0.06,False,False
Monett,2026-09-19,"Bartlesville(Bartlesville , OK)",,0,11,L,,,,,,False,False
Monett,2026-09-19,"Marlow(Stephens County, OK)",,2,13,L,,,,,,False,False
Monett,2026-09-21,Carl Junction,,0,16,L,3.48,9.02,-3.48,-6.98,-10.46,False,False
Monett,2026-09-22,McDonald County,,1,11,L,0.95,12.62,0.05,1.62,1.66,False,False
Monett,2026-09-23,Branson,,10,12,L,2.31,10.35,7.69,-1.65,6.04,False,False
Monett,2026-09-24,Seneca,,9,3,W,4.17,6.96,4.83,3.96,8.8,False,False
Monett,2026-09-28,Joplin,,0,10,L,0.54,10.73,-0.54,0.73,0.19,False,False
Monett,2026-09-29,Aurora,,0,5,L,3.17,7.25,-3.17,2.25,-0.91,False,False
Monett,2026-10-01,Nevada,,,,,16.43,2.23,,,,False,False
Monett,2026-10-05,Webb City,,,,,-2.26,13.52,,,,False,False
Monett,2026-10-06,Cassville,,,,,1.72,7.78,,,,False,False
Monett,2026-10-08,McDonald County,,,,,0.95,12.62,,,,False,False
Monett,2026-10-12,Hillcrest,,,,,15.2,5.72,,,,False,False
Monroe City,2026-08-27,Marceline,,1,8,L,2.8,9.78,-1.8,1.78,-0.01,False,False
Monroe City,2026-08-29,Moberly,,5,10,L,7.08,7.0,-2.08,-3.0,-5.08,False,False
Monroe City,2026-08-29,Westran,,15,5,W,14.25,5.59,0.75,0.59,1.34,False,False
Monroe City,2026-08-29,North Shelby,,9,10,L,3.81,6.02,5.19,-3.98,1.21,False,False
Monroe City,2026-09-02,Mark Twain,,9,12,L,7.66,5.94,1.34,-6.06,-4.72,False,False
Monroe City,2026-09-03,Macon,,7,10,L,7.43,6.72,-0.43,-3.28,-3.71,False,False
Monroe City,2026-09-07,Highland,,6,3,W,5.33,10.24,0.67,7.24,7.91,False,False
Monroe City,2026-09-08,Clark County,,17,2,W,8.94,5.18,8.06,3.18,11.24,False,False
Monroe City,2026-09-14,Van-Far,,11,1,W,12.16,5.15,-1.16,4.15,2.99,False,False
Monroe City,2026-09-15,Hannibal,,7,0,W,7.85,5.16,-0.85,5.16,4.31,False,False
Monroe City,2026-09-17,South Shelby,,16,8,W,14.77,2.0,1.23,-6.0,-4.77,False,False
Monroe City,2026-09-21,Centralia,,0,15,L,1.82,9.97,-1.82,-5.03,-6.86,False,False
Monroe City,2026-09-22,Elsberry,,1,10,L,4.02,8.74,-3.02,-1.26,-4.27,False,False
Monroe City,2026-09-26,Elsberry,,2,12,L,4.02,8.74,-2.02,-3.26,-5.27,False,False
Monroe City,2026-09-26,Louisiana,,9,1,W,15.05,4.4,-6.05,3.4,-2.66,False,False
Monroe City,2026-09-26,Hannibal,,12,2,W,7.85,5.16,4.15,3.16,7.31,False,False
Monroe City,2026-09-29,Community,,2,1,W,8.16,4.09,-6.16,3.09,-3.08,False,False
Monroe City,2026-10-01,Canton,,,,,9.61,4.7,,,,False,False
Monroe City,2026-10-05,Silex,,,,,2.55,8.17,,,,False,False
Monroe City,2026-10-06,Palmyra,,,,,8.69,6.13,,,,False,False
Monroe City,2026-10-07,Clopton,,,,,9.07,4.28,,,,False,False
Monroe City,2026-10-12,Salisbury,,,,,5.25,8.13,,,,False,False
Montgomery County,2026-08-29,Community,,4,1,W,7.02,0.01,-3.02,-0.99,-4.01,False,False
Montgomery County,2026-08-29,Russellville,,4,2,W,6.81,3.08,-2.81,1.08,-1.73,False,False
Montgomery County,2026-08-29,St. Clair,,15,0,W,13.67,-3.46,1.33,-3.46,-2.13,False,False
Montgomery County,2026-09-03,Silex,,4,3,W,1.4,4.09,2.6,1.09,3.7,False,False
Montgomery County,2026-09-08,Mark Twain,,6,2,W,6.52,1.87,-0.52,-0.13,-0.65,False,False
Montgomery County,2026-09-10,Wright City,,10,1,W,6.91,2.21,3.09,1.21,4.3,False,False
Montgomery County,2026-09-11,Iberia,,3,4,L,5.24,3.05,-2.24,-0.95,-3.18,False,False
Montgomery County,2026-09-11,Southern Boone,,2,3,L,2.04,5.98,-0.04,2.98,2.94,False,False
Montgomery County,2026-09-12,Marshfield,,6,7,L,1.9,4.99,4.1,-2.01,2.09,False,False
Montgomery County,2026-09-12,Oak Park,,4,8,L,8.76,1.62,-4.76,-6.38,-11.13,False,False
Montgomery County,2026-09-15,Bowling Green,,14,1,W,9.14,3.67,4.86,2.67,7.53,False,False
Montgomery County,2026-09-17,Clopton,,10,2,W,7.92,0.2,2.08,-1.8,0.28,False,False
Montgomery County,2026-09-22,Van-Far,,10,0,W,11.01,1.07,-1.01,1.07,0.06,False,False
Montgomery County,2026-09-24,North Callaway,,3,0,W,2.36,2.49,0.64,2.49,3.14,False,False
Montgomery County,2026-09-26,Mexico,,3,4,L,4.17,4.94,-1.17,0.94,-0.23,False,False
Montgomery County,2026-09-26,Palmyra,,3,5,L,7.54,2.05,-4.54,-2.95,-7.49,False,False
Montgomery County,2026-09-28,Warrenton,,8,0,W,6.3,1.24,1.7,1.24,2.94,False,False
Montgomery County,2026-09-29,Wellsville-Middletown,,16,0,W,20.74,-3.67,-4.74,-3.67,-8.41,False,False
Montgomery County,2026-10-01,Louisiana,,,,,13.91,0.32,,,,False,False
Montgomery County,2026-10-05,Community,,,,,7.02,0.01,,,,False,False
Montgomery County,2026-10-06,Elsberry,,,,,2.87,4.67,,,,False,False
Montgomery County,2026-10-08,Owensville,,,,,8.34,2.41,,,,False,False
Montgomery County,2026-10-12,Fatima,,,,,2.82,4.6,,,,False,False
Montrose with Appleton City,2026-08-28,Fair Play,,8,4,W,18.34,3.39,-10.34,-0.61,-10.96,False,False
Montrose with Appleton City,2026-08-29,Tuscumbia,,2,14,L,6.19,14.12,-4.19,0.12,-4.07,False,False
Montrose with Appleton City,2026-08-29,Hermitage,,5,9,L,7.71,11.11,-2.71,2.11,-0.6,False,False
Montrose with Appleton City,2026-09-01,Hermitage,,7,13,L,7.71,11.11,-0.71,-1.89,-2.6,False,False
Montrose with Appleton City,2026-09-03,Fair Play,,19,4,W,18.34,3.39,0.66,-0.61,0.04,False,False
Montrose with Appleton City,2026-09-04,Walnut Grove,,30,20,W,14.02,11.55,15.98,-8.45,7.53,False,False
Montrose with Appleton City,2026-09-07,Clinton,,0,15,L,6.07,13.92,-6.07,-1.08,-7.15,False,False
Montrose with Appleton City,2026-09-11,Weaubleau,,4,14,L,6.0,13.08,-2.0,-0.92,-2.92,False,False
Montrose with Appleton City,2026-09-14,Humansville,,11,12,L,9.65,11.42,1.35,-0.58,0.76,False,False
Montrose with Appleton City,2026-09-16,Sherwood,,8,6,W,7.28,12.02,0.72,6.02,6.74,False,False
Montrose with Appleton City,2026-09-18,Wheatland,,2,11,L,3.15,14.18,-1.15,3.18,2.03,False,False
Montrose with Appleton City,2026-09-19,Macks Creek,,3,9,L,7.25,10.57,-4.25,1.57,-2.68,False,False
Montrose with Appleton City,2026-09-21,Dadeville with Everton,,0,16,L,-0.79,16.14,0.79,0.14,0.93,False,False
Montrose with Appleton City,2026-09-22,Summit Christian Academy,,5,18,L,0.83,16.52,4.17,-1.48,2.69,False,False
Montrose with Appleton City,2026-09-24,Sherwood,,7,9,L,7.28,12.02,-0.28,3.02,2.74,False,False
Montrose with Appleton City,2026-09-28,Wheatland,,5,14,L,3.15,14.18,1.85,0.18,2.03,False,False
Montrose with Appleton City,2026-10-01,Climax Springs,,,,,15.77,9.09,,,,False,False
Montrose with Appleton City,2026-10-06,Bolivar,,,,,-1.51,20.6,,,,False,False
Montrose with Appleton City,2026-10-08,Halfway,,,,,-0.48,16.54,,,,False,False
Montrose with Appleton City,2026-10-09,Halfway,,,,,-0.48,16.54,,,,False,False
"Muldrow(Muldrow, OK)",2026-09-18,Joplin,,0,5,L,,,,,,False,False
"Muldrow(Muldrow, OK)",2026-09-18,Republic,,7,7,T,,,,,,False,False
"Muldrow(Muldrow, OK)",2026-09-19,Logan-Rogersville,,4,8,L,,,,,,False,False
"Muldrow(Muldrow, OK)",2026-09-19,Branson,,2,10,L,,,,,,False,False
"Mustang(Mustang, OK)",2026-09-19,Blue Springs South,,9,1,W,,,,,,False,False
Naylor,2026-09-03,East Carter,,4,10,L,4.68,4.73,-0.68,-5.27,-5.95,False,False
Naylor,2026-09-04,Twin Rivers,,7,19,L,2.52,9.89,4.48,-9.11,-4.63,False,False
Naylor,2026-09-10,Central (Cape Girardeau),,7,4,W,8.78,5.95,-1.78,1.95,0.18,False,False
Naylor,2026-09-15,Neelyville,,4,3,W,2.91,5.7,1.09,2.7,3.79,False,False
Naylor,2026-09-17,Sikeston,,7,1,W,10.85,3.35,-3.85,2.35,-1.5,False,False
Naylor,2026-09-21,Van Buren,,,,,,,,,,False,False
Naylor,2026-09-22,Chaffee,,0,15,L,-3.62,13.96,3.62,-1.04,2.58,False,False
Naylor,2026-09-25,Halfway,,2,9,L,0.71,7.21,1.29,-1.79,-0.5,False,False
Naylor,2026-09-25,Weaubleau,,14,7,W,7.19,3.75,6.81,-3.25,3.56,False,False
Naylor,2026-09-25,Norwood,,0,1,L,5.29,5.1,-5.29,4.1,-1.19,False,False
Naylor,2026-09-28,Stoutland,,5,0,W,5.09,5.77,-0.09,5.77,5.68,False,False
Naylor,2026-09-28,Van Buren,,,,,,,,,,False,False
Naylor,2026-09-29,Twin Rivers,,0,10,L,2.52,9.89,-2.52,-0.11,-2.63,False,False
Naylor,2026-10-05,East Carter,,,,,4.68,4.73,,,,False,False
Naylor,2026-10-06,Doniphan,,,,,-3.27,11.54,,,,False,False
Naylor,2026-10-08,Central (Cape Girardeau),,,,,8.78,5.95,,,,False,False
Neelyville,2026-08-28,Lindbergh,,0,10,L,-0.62,12.25,0.62,2.25,2.87,False,False
Neelyville,2026-08-28,Marquette,,5,10,L,-1.07,10.83,6.07,0.83,6.89,False,False
Neelyville,2026-08-29,Ft. Zumwalt North,,1,11,L,6.13,9.62,-5.13,-1.38,-6.51,False,False
Neelyville,2026-08-29,Silex,,1,5,L,-1.8,10.08,2.8,5.08,7.89,False,False
Neelyville,2026-08-29,Rockwood Summit,,9,6,W,2.86,9.05,6.14,3.05,9.19,False,False
Neelyville,2026-08-31,Kelly,,0,11,L,0.61,8.32,-0.61,-2.68,-3.29,False,False
Neelyville,2026-09-08,Notre Dame (Cape Girardeau),,1,14,L,1.54,10.26,-0.54,-3.74,-4.28,False,False
Neelyville,2026-09-10,Twin Rivers,,2,12,L,5.06,9.64,-3.06,-2.36,-5.42,False,False
Neelyville,2026-09-14,East Carter,,17,2,W,7.22,4.48,9.78,2.48,12.27,False,False
Neelyville,2026-09-15,Naylor,,3,4,L,5.7,2.91,-2.7,-1.09,-3.79,False,False
Neelyville,2026-09-17,Twin Rivers,,4,8,L,5.06,9.64,-1.06,1.64,0.58,False,False
Neelyville,2026-09-21,Saxony Lutheran with St. Vincent,,4,13,L,4.18,7.06,-0.18,-5.94,-6.12,False,False
Neelyville,2026-09-22,Sikeston,,3,1,W,13.39,3.1,-10.39,2.1,-8.29,False,False
Neelyville,2026-09-26,Lutheran South,,6,3,W,6.7,5.85,-0.7,2.85,2.15,False,False
Neelyville,2026-09-26,Windsor (Imperial),,1,8,L,0.04,10.21,0.96,2.21,3.17,False,False
Neelyville,2026-09-28,Chaffee,,0,16,L,-1.08,13.71,1.08,-2.29,-1.21,False,False
Neelyville,2026-09-29,North County,,0,9,L,1.82,9.14,-1.82,0.14,-1.67,False,False
Neelyville,2026-10-01,Doniphan,,,,,-0.73,11.29,,,,False,False
Neelyville,2026-10-02,Van Buren,,,,,,,,,,False,False
Neelyville,2026-10-05,Central (Cape Girardeau),,,,,11.32,5.7,,,,False,False
Neelyville,2026-10-07,Jefferson (Festus),,,,,6.28,6.32,,,,False,False
Neelyville,2026-10-12,Fredericktown,,,,,4.14,6.43,,,,False,False
Neosho,2026-08-28,Windsor (Imperial),,6,4,W,5.67,6.12,0.33,2.12,2.44,False,False
Neosho,2026-08-28,Capital City,,9,8,W,5.21,5.48,3.79,-2.52,1.27,False,False
Neosho,2026-08-29,Linn,,1,16,L,5.94,6.63,-4.94,-9.37,-14.31,False,False
Neosho,2026-08-29,Washington,,0,2,L,4.8,8.37,-4.8,6.37,1.57,False,False
Neosho,2026-09-03,Glendale,,11,0,W,9.41,4.08,1.59,4.08,5.67,False,False
Neosho,2026-09-04,Park Hill South,,8,7,W,8.23,6.55,-0.23,-0.45,-0.69,False,False
Neosho,2026-09-04,Raymore-Peculiar,,2,14,L,5.43,10.79,-3.43,-3.21,-6.64,False,False
Neosho,2026-09-04,Webb City,,6,9,L,3.93,8.24,2.07,-0.76,1.3,False,False
Neosho,2026-09-05,Lee's Summit North,,2,14,L,4.25,6.72,-2.25,-7.28,-9.53,False,False
Neosho,2026-09-05,McDonald County,,3,7,L,7.14,7.33,-4.14,0.33,-3.81,False,False
Neosho,2026-09-07,Seneca,,13,2,W,10.36,1.68,2.64,-0.32,2.32,False,False
Neosho,2026-09-08,Lebanon,,15,3,W,12.9,4.28,2.1,1.28,3.38,False,False
Neosho,2026-09-10,Ozark,,4,8,L,5.14,7.11,-1.14,-0.89,-2.03,False,False
Neosho,2026-09-11,Carthage,,8,5,W,7.99,5.73,0.01,0.73,0.74,False,False
Neosho,2026-09-11,Grain Valley,,1,14,L,1.03,9.37,-0.03,-4.63,-4.66,False,False
Neosho,2026-09-11,Nixa,,8,7,W,8.51,8.98,-0.51,1.98,1.47,False,False
Neosho,2026-09-12,Kearney,,18,3,W,5.88,6.2,12.12,3.2,15.31,False,False
Neosho,2026-09-12,Kickapoo,,3,4,L,7.76,7.96,-4.76,3.96,-0.79,False,False
Neosho,2026-09-15,Nixa,,5,8,L,8.51,8.98,-3.51,0.98,-2.53,False,False
Neosho,2026-09-17,Waynesville,,18,1,W,14.61,1.03,3.39,0.03,3.42,False,False
Neosho,2026-09-22,Kickapoo,,5,12,L,7.76,7.96,-2.76,-4.04,-6.79,False,False
Neosho,2026-09-24,Carthage,,10,1,W,7.99,5.73,2.01,4.73,6.74,False,False
Neosho,2026-09-25,Centralia,,1,3,L,3.11,7.78,-2.11,4.78,2.68,False,False
Neosho,2026-09-25,Wright City,,13,7,W,9.34,4.1,3.66,-2.9,0.76,False,False
Neosho,2026-09-26,Truman,,4,2,W,7.42,5.36,-3.42,3.36,-0.05,False,False
Neosho,2026-09-26,Webb City,,12,13,L,3.93,8.24,8.07,-4.76,3.3,False,False
Neosho,2026-09-29,Webb City,,2,13,L,3.93,8.24,-1.93,-4.76,-6.7,False,False
Neosho,2026-10-01,Willard,,8,2,W,4.0,10.18,4.0,8.18,12.18,False,False
Neosho,2026-10-05,Carl Junction,,,,,9.67,3.73,,,,False,False
Neosho,2026-10-06,Republic,,,,,7.6,4.8,,,,False,False
Neosho,2026-10-07,Bolivar,,,,,7.85,6.92,,,,False,False
Neosho,2026-10-08,Joplin,,,,,6.73,5.44,,,,False,False
Neosho,2026-10-12,Cassville,,,,,7.91,2.49,,,,False,False
Nevada,2026-09-01,Harrisonville,,3,17,L,3.39,17.55,-0.39,0.55,0.15,False,False
Nevada,2026-09-03,Knob Noster,,4,18,L,5.67,13.94,-1.67,-4.06,-5.72,False,False
Nevada,2026-09-08,Aurora,,1,18,L,-0.69,17.6,1.69,-0.4,1.28,False,False
Nevada,2026-09-14,Holden,,0,18,L,-0.22,19.67,0.22,1.67,1.89,False,False
Nevada,2026-09-15,Monett,,1,21,L,2.23,16.43,-1.23,-4.57,-5.8,False,False
Nevada,2026-09-17,McDonald County,,0,19,L,-2.9,22.96,2.9,3.96,6.86,False,False
Nevada,2026-09-21,Warrensburg,,0,14,L,-1.36,21.12,1.36,7.12,8.47,False,False
Nevada,2026-09-22,Seneca,,0,15,L,0.31,17.31,-0.31,2.31,2.0,False,False
Nevada,2026-09-24,Aurora,,0,15,L,-0.69,17.6,0.69,2.6,3.28,False,False
Nevada,2026-09-29,Cassville,,0,15,L,-2.14,18.12,2.14,3.12,5.26,False,False
Nevada,2026-10-01,Monett,,,,,2.23,16.43,,,,False,False
Nevada,2026-10-05,Lone Jack,,,,,-0.38,18.3,,,,False,False
Nevada,2026-10-06,McDonald County,,,,,-2.9,22.96,,,,False,False
Nevada,2026-10-08,Seneca,,,,,0.31,17.31,,,,False,False
Nevada,2026-10-12,Clinton,,,,,5.38,15.87,,,,False,False
Nevada,2026-10-13,Parkview,,,,,12.23,9.55,,,,False,False
New Bloomfield,2026-08-27,Eldon,,2,3,L,1.2,6.98,0.8,3.98,4.78,False,False
New Bloomfield,2026-08-29,North Callaway,,1,7,L,0.61,8.21,0.39,1.21,1.6,False,False
New Bloomfield,2026-08-31,Vienna,,5,4,W,4.76,6.71,0.24,2.71,2.95,False,False
New Bloomfield,2026-09-04,Northeast (Cairo),,10,5,W,7.22,6.96,2.78,1.96,4.74,False,False
New Bloomfield,2026-09-08,Fayette,,1,4,L,1.91,6.41,-0.91,2.41,1.51,False,False
New Bloomfield,2026-09-10,Sturgeon,,,,,8.01,3.95,,,,False,False
New Bloomfield,2026-09-12,Hannibal,,2,18,L,4.95,6.79,-2.95,-11.21,-14.16,False,False
New Bloomfield,2026-09-12,Paris,,5,4,W,4.98,6.33,0.02,2.33,2.35,False,False
New Bloomfield,2026-09-14,South Callaway,,9,7,W,7.34,5.1,1.66,-1.9,-0.24,False,False
New Bloomfield,2026-09-17,Battle,,4,5,L,5.34,8.8,-1.34,3.8,2.46,False,False
New Bloomfield,2026-09-18,St. Elizabeth,,,,,1.8,9.99,,,,False,False
New Bloomfield,2026-09-21,Linn,,3,12,L,1.76,10.45,1.24,-1.55,-0.31,False,False
New Bloomfield,2026-09-23,Harrisburg,,1,16,L,0.64,11.13,0.36,-4.87,-4.52,False,False
New Bloomfield,2026-09-24,Lone Jack,,0,11,L,5.48,6.48,-5.48,-4.52,-10.0,False,False
New Bloomfield,2026-09-26,Fulton,,18,1,W,12.56,6.1,5.44,5.1,10.54,False,False
New Bloomfield,2026-09-26,Grandview,,11,1,W,11.65,3.53,-0.65,2.53,1.88,False,False
New Bloomfield,2026-09-28,Eugene,,3,12,L,2.22,10.63,0.78,-1.37,-0.59,False,False
New Bloomfield,2026-09-29,Fatima,,,,,1.07,10.31,,,,False,False
New Bloomfield,2026-10-01,Russellville,,,,,5.06,8.79,,,,False,False
New Bloomfield,2026-10-06,Capital City,,,,,1.03,9.3,,,,False,False
New Bloomfield,2026-10-08,Hermann with New Haven,,,,,14.06,8.47,,,,False,False
New Bloomfield,2026-10-12,California,,,,,7.29,6.48,,,,False,False
New Franklin,2026-08-29,Boonville,,2,17,L,3.52,9.5,-1.52,-7.5,-9.02,False,False
New Franklin,2026-08-29,Clinton,,8,9,L,9.48,6.63,-1.48,-2.37,-3.84,False,False
New Franklin,2026-08-29,Fulton,,14,7,W,10.8,8.68,3.2,1.68,4.88,False,False
New Franklin,2026-09-03,Slater with Malta Bend,,0,8,L,4.38,7.24,-4.38,-0.76,-5.14,False,False
New Franklin,2026-09-04,Madison,,8,10,L,9.25,5.2,-1.25,-4.8,-6.04,False,False
New Franklin,2026-09-08,Northeast (Cairo),,3,2,W,5.46,9.54,-2.46,7.54,5.08,False,False
New Franklin,2026-09-10,La Plata,,15,1,W,12.12,5.76,2.88,4.76,7.64,False,False
New Franklin,2026-09-12,Community,,1,7,L,3.5,8.3,-2.5,1.3,-1.2,False,False
New Franklin,2026-09-12,Jamestown,,3,9,L,7.22,9.3,-4.22,0.3,-3.92,False,False
New Franklin,2026-09-12,Van-Far,,8,3,W,7.49,9.36,0.51,6.36,6.87,False,False
New Franklin,2026-09-14,"Brunswick with Keytesville, Northwestern (Mendon)",,6,9,L,4.82,5.94,1.18,-3.06,-1.87,False,False
New Franklin,2026-09-15,Fayette,,0,7,L,0.14,8.99,-0.14,1.99,1.85,False,False
New Franklin,2026-09-21,Community,,1,9,L,3.5,8.3,-2.5,-0.7,-3.2,False,False
New Franklin,2026-09-22,Glasgow,,6,12,L,3.45,10.89,2.55,-1.11,1.44,False,False
New Franklin,2026-09-24,Sturgeon,,15,9,W,6.25,6.53,8.75,-2.47,6.28,False,False
New Franklin,2026-09-29,North Shelby,,0,11,L,-0.85,10.23,0.85,-0.77,0.08,False,False
New Franklin,2026-09-30,Harrisburg,,0,15,L,-1.12,13.7,1.12,-1.3,-0.18,False,False
New Franklin,2026-10-01,Pilot Grove,,,,,10.79,6.26,,,,False,False
New Franklin,2026-10-05,Boonville,,,,,3.52,9.5,,,,False,False
New Franklin,2026-10-06,Jamestown,,,,,7.22,9.3,,,,False,False
New Franklin,2026-10-08,Westran,,,,,9.59,9.8,,,,False,False
Newburg,2026-09-01,Stoutland,,2,12,L,5.07,11.35,-3.07,-0.65,-3.72,False,False
Newburg,2026-09-02,Laquey,,10,0,W,15.94,2.54,-5.94,2.54,-3.4,False,False
Newburg,2026-09-03,Richland,,11,9,W,11.31,8.02,-0.31,-0.98,-1.29,False,False
Newburg,2026-09-11,Stoutland,,1,16,L,5.07,11.35,-4.07,-4.65,-8.72,False,False
Newburg,2026-09-12,Cuba,,9,5,W,18.46,7.15,-9.46,2.15,-7.3,False,False
Newburg,2026-09-12,Hermann with New Haven,,6,5,W,10.05,14.57,-4.05,9.57,5.52,False,False
Newburg,2026-09-12,St. James,,7,6,W,6.42,8.29,0.58,2.29,2.87,False,False
Newburg,2026-09-14,Tuscumbia,,13,12,W,7.36,10.36,5.64,-1.64,4.0,False,False
Newburg,2026-09-17,Vienna,,1,13,L,0.75,12.81,0.25,-0.19,0.06,False,False
Newburg,2026-09-18,Laquey,,21,3,W,15.94,2.54,5.06,-0.46,4.6,False,False
Newburg,2026-09-22,Cuba,,31,25,W,18.46,7.15,12.54,-17.85,-5.3,False,False
Newburg,2026-09-24,Crocker,,8,11,L,5.81,13.06,2.19,2.06,4.25,False,False
Newburg,2026-09-28,Iberia,,1,16,L,-0.52,14.86,1.52,-1.14,0.39,False,False
Newburg,2026-10-01,Dixon,,,,,4.84,15.0,,,,False,False
Newburg,2026-10-05,St. James,,,,,6.42,8.29,,,,False,False
Newburg,2026-10-06,Climax Springs,,,,,16.94,5.34,,,,False,False
Newburg,2026-10-08,Richland,,,,,11.31,8.02,,,,False,False
Newburg,2026-10-12,Cuba,,,,,18.46,7.15,,,,False,False
Nixa,2026-08-29,"Perry(Perry, OK)",,10,2,W,,,,,,False,False
Nixa,2026-09-03,Carthage,,14,0,W,9.98,7.25,4.02,7.25,11.26,False,False
Nixa,2026-09-08,Willard,,5,16,L,5.99,11.7,-0.99,-4.3,-5.29,False,False
Nixa,2026-09-10,Republic,,8,9,L,9.59,6.32,-1.59,-2.68,-4.27,False,False
Nixa,2026-09-11,Carthage,,10,9,W,9.98,7.25,0.02,-1.75,-1.74,False,False
Nixa,2026-09-11,Kearney,,8,10,L,7.88,7.72,0.12,-2.28,-2.16,False,False
Nixa,2026-09-11,Neosho,,7,8,L,8.98,8.51,-1.98,0.51,-1.47,False,False
Nixa,2026-09-12,Grain Valley,,4,9,L,3.02,10.89,0.98,1.89,2.87,False,False
Nixa,2026-09-12,Smithville,,13,3,W,9.52,8.95,3.48,5.95,9.43,False,False
Nixa,2026-09-15,Neosho,,8,5,W,8.98,8.51,-0.98,3.51,2.53,False,False
Nixa,2026-09-17,Webb City,,3,13,L,5.92,9.76,-2.92,-3.24,-6.17,False,False
Nixa,2026-09-18,"Bartlesville(Bartlesville, OK)",,0,8,L,,,,,,False,False
Nixa,2026-09-18,"Marlowe(Marlowe, OK)",,2,4,L,,,,,,False,False
Nixa,2026-09-19,"Dale(Dale, OK)",,7,18,L,,,,,,False,False
Nixa,2026-09-19,"Mannford(Mannford, OK)",,1,11,L,,,,,,False,False
Nixa,2026-09-22,Joplin,,8,12,L,8.72,6.96,-0.72,-5.04,-5.76,False,False
Nixa,2026-09-24,Glendale,,9,7,W,11.41,5.6,-2.41,-1.4,-3.8,False,False
Nixa,2026-09-29,Kickapoo,,12,9,W,9.75,9.48,2.25,0.48,2.74,False,False
Nixa,2026-10-01,Lebanon,,,,,14.89,5.8,,,,False,False
Nixa,2026-10-02,Cassville,,,,,9.9,4.01,,,,False,False
Nixa,2026-10-02,Lee's Summit North,,,,,6.24,8.24,,,,False,False
Nixa,2026-10-03,Bolivar,,,,,9.84,8.44,,,,False,False
Nixa,2026-10-03,Marshfield,,,,,6.33,8.4,,,,False,False
Nixa,2026-10-03,Rock Bridge,,,,,4.47,10.28,,,,False,False
Nixa,2026-10-05,Branson,,,,,10.49,6.58,,,,False,False
Nixa,2026-10-06,Waynesville,,,,,16.6,2.55,,,,False,False
Nixa,2026-10-08,Ozark,,,,,7.13,8.63,,,,False,False
Nixa,2026-10-09,Sullivan,,,,,9.7,7.77,,,,False,False
Norborne with Hardin-Central,2026-09-03,Lexington,,2,18,L,8.26,22.15,-6.26,4.15,-2.11,False,False
Norborne with Hardin-Central,2026-09-08,Higbee,,3,22,L,7.29,16.81,-4.29,-5.19,-9.49,False,False
Norborne with Hardin-Central,2026-09-16,Knob Noster,,2,17,L,7.73,16.86,-5.73,-0.14,-5.87,False,False
Norborne with Hardin-Central,2026-09-17,"Tina-Avalon with Bosworth, Hale",,20,12,W,15.01,13.73,4.99,1.73,6.73,False,False
Norborne with Hardin-Central,2026-09-19,"Brunswick with Keytesville, Northwestern (Mendon)",,1,16,L,2.78,18.09,-1.78,2.09,0.31,False,False
Norborne with Hardin-Central,2026-09-19,Higbee,,6,16,L,7.29,16.81,-1.29,0.81,-0.49,False,False
Norborne with Hardin-Central,2026-09-24,Glasgow,,1,16,L,1.42,23.04,-0.42,7.04,6.62,False,False
Norborne with Hardin-Central,2026-09-29,"Braymer with Breckenridge, Southwest (Livingston County)",,16,23,L,8.68,18.08,7.32,-4.92,2.4,False,False
Norborne with Hardin-Central,2026-09-30,Slater with Malta Bend,,,,,2.34,19.39,,,,False,False
Norborne with Hardin-Central,2026-10-05,Polo,,,,,7.73,20.72,,,,False,False
Norborne with Hardin-Central,2026-10-06,"Brunswick with Keytesville, Northwestern (Mendon)",,,,,2.78,18.09,,,,False,False
Normandy Collaborative,2026-09-03,Clayton,,0,15,L,,,,,,False,False
Normandy Collaborative,2026-09-08,STEAM Academy,,5,21,L,,,,,,False,False
Normandy Collaborative,2026-09-15,McCluer North,,,,,,,,,,False,False
Normandy Collaborative,2026-09-18,McCluer North,,,,,,,,,,False,False
Normandy Collaborative,2026-09-21,University City,,,,,,,,,,False,False
Normandy Collaborative,2026-09-22,Clayton,,,,,,,,,,False,False
Normandy Collaborative,2026-09-28,STEAM Academy,,0,7,L,,,,,,False,False
Normandy Collaborative,2026-10-02,Metro,,,,,,,,,,False,False
Normandy Collaborative,2026-10-05,McCluer North,,,,,,,,,,False,False
Normandy Collaborative,2026-10-07,McCluer North,,,,,,,,,,False,False
Normandy Collaborative,2026-10-09,Lutheran St. Charles with Veritas Christian Academy,,,,,,,,,,False,False
Normandy Collaborative,2026-10-12,University City,,,,,,,,,,False,False
"Norris(Norris, NE)",2026-09-04,Blue Springs South,,5,1,W,,,,,,False,False
North Andrew,2026-08-27,Maryville,,18,0,W,16.23,-2.15,1.77,-2.15,-0.38,False,False
North Andrew,2026-08-29,Albany,,2,8,L,2.53,4.23,-0.53,-3.77,-4.31,False,False
North Andrew,2026-08-29,Gilman City with Tri-County,,8,2,W,7.35,3.28,0.65,1.28,1.93,False,False
North Andrew,2026-08-29,"Pattonsburg with North Daviess, Winston",,6,7,L,5.95,5.63,0.05,-1.37,-1.32,False,False
North Andrew,2026-09-01,Worth County,,0,2,L,2.68,4.47,-2.68,2.47,-0.21,False,False
North Andrew,2026-09-03,King City with Union Star,,1,3,L,2.25,5.34,-1.25,2.34,1.08,False,False
North Andrew,2026-09-08,Albany,,4,3,W,2.53,4.23,1.47,1.23,2.69,False,False
North Andrew,2026-09-12,"Auburn(Auburn, NE)",,7,9,L,,,,,,False,False
North Andrew,2026-09-12,Cameron,,0,6,L,3.36,6.79,-3.36,0.79,-2.57,False,False
North Andrew,2026-09-12,"Wilber-Clatonia(Wilber, NE)",,6,1,W,,,,,,False,False
North Andrew,2026-09-15,Stanberry,,,,,3.59,6.96,,,,False,False
North Andrew,2026-09-22,Princeton,,9,13,L,1.46,8.72,7.54,-4.28,3.26,False,False
North Andrew,2026-09-24,North Harrison,,10,1,W,10.29,5.87,-0.29,4.87,4.58,False,False
North Andrew,2026-09-28,Savannah,,2,17,L,1.76,10.96,0.24,-6.04,-5.8,False,False
North Andrew,2026-09-30,Jefferson (Conception) with South Nodaway,,,,,8.74,5.32,,,,False,False
North Andrew,2026-10-01,Stanberry,,,,,3.59,6.96,,,,False,False
North Andrew,2026-10-06,Stewartsville with Osborn,,,,,11.87,-0.02,,,,False,False
North Andrew,2026-10-07,"Pattonsburg with North Daviess, Winston",,,,,5.95,5.63,,,,False,False
North Andrew,2026-10-08,DeKalb,,,,,9.18,3.56,,,,False,False
North Andrew,2026-10-08,Stanberry,,,,,3.59,6.96,,,,False,False
North Andrew,2026-10-12,West Platte,,,,,1.81,6.0,,,,False,False
North Callaway,2026-08-27,Harrisburg,,1,6,L,2.22,5.11,-1.22,-0.89,-2.12,False,False
North Callaway,2026-08-29,Van-Far,,13,4,W,10.84,0.76,2.16,-3.24,-1.07,False,False
North Callaway,2026-08-29,New Bloomfield,,7,1,W,8.21,0.61,-1.21,-0.39,-1.6,False,False
North Callaway,2026-08-31,Russellville,,9,1,W,6.64,2.77,2.36,1.77,4.13,False,False
North Callaway,2026-09-01,South Callaway,,9,10,L,8.92,-0.93,0.08,-10.93,-10.84,False,False
North Callaway,2026-09-03,Van-Far,,12,2,W,10.84,0.76,1.16,-1.24,-0.07,False,False
North Callaway,2026-09-08,Wright City,,7,1,W,6.74,1.9,0.26,0.9,1.16,False,False
North Callaway,2026-09-15,Clopton,,10,0,W,7.75,-0.11,2.25,-0.11,2.14,False,False
North Callaway,2026-09-17,Elsberry,,0,2,L,2.7,4.36,-2.7,2.36,-0.34,False,False
North Callaway,2026-09-19,Moberly,,7,3,W,5.76,2.61,1.24,-0.39,0.85,False,False
North Callaway,2026-09-19,Northeast (Cairo),,7,1,W,8.8,0.94,-1.8,-0.06,-1.86,False,False
North Callaway,2026-09-19,Marceline,,3,5,L,1.48,5.4,1.52,0.4,1.92,False,False
North Callaway,2026-09-22,California,,10,0,W,8.87,0.46,1.13,0.46,1.59,False,False
North Callaway,2026-09-23,Wellsville-Middletown,,17,3,W,20.57,-3.97,-3.57,-6.97,-10.54,False,False
North Callaway,2026-09-24,Montgomery County,,0,3,L,2.49,2.36,-2.49,-0.64,-3.14,False,False
North Callaway,2026-09-26,Harrisburg,,3,4,L,2.22,5.11,0.78,1.11,1.88,False,False
North Callaway,2026-09-26,Moberly,,5,2,W,5.76,2.61,-0.76,0.61,-0.15,False,False
North Callaway,2026-09-29,Louisiana,,16,0,W,13.73,0.01,2.27,0.01,2.28,False,False
North Callaway,2026-09-30,Fatima,,2,0,W,2.65,4.29,-0.65,4.29,3.64,False,False
North Callaway,2026-10-01,Silex,,,,,1.23,3.79,,,,False,False
North Callaway,2026-10-05,Centralia,,,,,0.51,5.58,,,,False,False
North Callaway,2026-10-06,Mark Twain,,,,,6.34,1.56,,,,False,False
North Callaway,2026-10-08,Bowling Green,,,,,8.97,3.36,,,,False,False
North County,2026-09-02,Poplar Bluff,,7,5,W,9.33,6.12,-2.33,1.12,-1.21,False,False
North County,2026-09-03,Farmington,,6,15,L,7.8,5.88,-1.8,-9.12,-10.92,False,False
North County,2026-09-04,Seckman,,5,4,W,6.73,5.53,-1.73,1.53,-0.2,False,False
North County,2026-09-08,Kelly,,2,9,L,4.3,4.68,-2.3,-4.32,-6.62,False,False
North County,2026-09-09,Herculaneum with Crystal City,,14,0,W,18.65,-1.77,-4.65,-1.77,-6.42,False,False
North County,2026-09-11,DeSoto,,6,3,W,10.07,1.71,-4.07,-1.29,-5.37,False,False
North County,2026-09-14,Chaffee,,1,7,L,2.61,10.07,-1.61,3.07,1.46,False,False
North County,2026-09-16,Notre Dame (Cape Girardeau),,8,11,L,5.23,6.62,2.77,-4.38,-1.61,False,False
North County,2026-09-17,Central (Cape Girardeau),,15,5,W,15.01,2.07,-0.01,-2.93,-2.94,False,False
North County,2026-09-18,Rolla,,5,6,L,5.34,5.05,-0.34,-0.95,-1.29,False,False
North County,2026-09-18,Sullivan,,7,3,W,5.76,6.71,1.24,3.71,4.95,False,False
North County,2026-09-19,Rolla,,4,1,W,5.34,5.05,-1.34,4.05,2.71,False,False
North County,2026-09-21,Festus,,6,1,W,2.61,6.67,3.39,5.67,9.06,False,False
North County,2026-09-22,Perryville,,24,2,W,10.76,2.37,13.24,0.37,13.61,False,False
North County,2026-09-23,Hillsboro,,7,3,W,5.39,6.03,1.61,3.03,4.64,False,False
North County,2026-09-24,Fredericktown,,5,4,W,7.83,2.79,-2.83,-1.21,-4.04,False,False
North County,2026-09-29,Neelyville,,9,0,W,9.14,1.82,-0.14,1.82,1.67,False,False
North County,2026-10-01,East Carter,,,,,10.91,0.85,,,,False,False
North County,2026-10-02,Saxony Lutheran with St. Vincent,,,,,7.87,3.42,,,,False,False
North County,2026-10-05,Sikeston,,,,,17.08,-0.54,,,,False,False
North County,2026-10-07,Jackson,,,,,3.63,6.96,,,,False,False
North County,2026-10-08,Jefferson (Festus),,,,,9.97,2.68,,,,False,False
North Harrison,2026-08-29,Gilman City with Tri-County,,11,15,L,9.53,9.88,1.47,-5.12,-3.65,False,False
North Harrison,2026-08-29,Worth County,,2,12,L,4.85,11.07,-2.85,-0.93,-3.78,False,False
North Harrison,2026-08-29,"Pattonsburg with North Daviess, Winston",,5,9,L,8.13,12.23,-3.13,3.23,0.1,False,False
North Harrison,2026-09-01,"Pattonsburg with North Daviess, Winston",,17,22,L,8.13,12.23,8.87,-9.77,-0.9,False,False
North Harrison,2026-09-03,Stanberry,,0,15,L,5.76,13.55,-5.76,-1.45,-7.2,False,False
North Harrison,2026-09-08,King City with Union Star,,4,13,L,4.43,11.93,-0.43,-1.07,-1.5,False,False
North Harrison,2026-09-10,Worth County,,7,10,L,4.85,11.07,2.15,1.07,3.22,False,False
North Harrison,2026-09-14,Gilman City with Tri-County,,10,6,W,9.53,9.88,0.47,3.88,4.35,False,False
North Harrison,2026-09-21,Penney,,9,5,W,8.34,10.56,0.66,5.56,6.21,False,False
North Harrison,2026-09-22,Albany,,6,7,L,4.71,10.82,1.29,3.82,5.12,False,False
North Harrison,2026-09-24,North Andrew,,1,10,L,5.87,10.29,-4.87,0.29,-4.58,False,False
North Harrison,2026-10-01,Stewartsville with Osborn,,,,,14.05,6.58,,,,False,False
North Harrison,2026-10-05,"Mercer with Cainsville, Ridgeway",,,,,12.61,8.15,,,,False,False
North Harrison,2026-10-06,Trenton,,,,,6.83,9.78,,,,False,False
North Harrison,2026-10-08,Putnam County,,,,,5.2,9.04,,,,False,False
North Harrison,2026-10-12,Princeton,,,,,3.63,15.31,,,,False,False
North Kansas City,2026-08-28,St. Michael the Archangel,,4,19,L,3.85,17.19,0.15,-1.81,-1.66,False,False
North Kansas City,2026-08-28,Grandview,,3,9,L,8.15,12.22,-5.15,3.22,-1.93,False,False
North Kansas City,2026-08-29,Ruskin,,19,0,W,19.4,5.3,-0.4,5.3,4.9,False,False
North Kansas City,2026-08-29,Winnetonka,,11,2,W,10.55,11.8,0.45,9.8,10.26,False,False
North Kansas City,2026-08-29,St. Michael the Archangel,,0,15,L,3.85,17.19,-3.85,2.19,-1.66,False,False
North Kansas City,2026-08-31,William Chrisman,,16,19,L,9.35,14.15,6.65,-4.85,1.8,False,False
North Kansas City,2026-09-01,Raytown South,,24,7,W,15.54,8.08,8.46,1.08,9.54,False,False
North Kansas City,2026-09-02,Notre Dame de Sion,,3,22,L,7.97,13.8,-4.97,-8.2,-13.17,False,False
North Kansas City,2026-09-08,Park Hill South,,0,15,L,0.55,19.06,-0.55,4.06,3.51,False,False
North Kansas City,2026-09-10,Liberty,,0,14,L,-2.34,20.31,2.34,6.31,8.65,False,False
North Kansas City,2026-09-14,Oak Park,,3,21,L,3.5,16.03,-0.5,-4.97,-5.48,False,False
North Kansas City,2026-09-15,Lee's Summit North,,0,15,L,-3.44,19.24,3.44,4.24,7.67,False,False
North Kansas City,2026-09-17,Park Hill,,0,16,L,-4.08,18.62,4.08,2.62,6.71,False,False
North Kansas City,2026-09-21,Grandview,,8,17,L,8.15,12.22,-0.15,-4.78,-4.93,False,False
North Kansas City,2026-09-22,Central (St. Joseph),,0,20,L,2.95,16.42,-2.95,-3.58,-6.52,False,False
North Kansas City,2026-09-24,Park Hill South,,0,17,L,0.55,19.06,-0.55,2.06,1.51,False,False
North Kansas City,2026-09-28,Liberty,,2,20,L,-2.34,20.31,4.34,0.31,4.65,False,False
North Kansas City,2026-09-29,Oak Park,,,,,3.5,16.03,,,,False,False
North Kansas City,2026-09-30,Raytown,,1,14,L,4.71,12.11,-3.71,-1.89,-5.6,False,False
North Kansas City,2026-10-01,Lee's Summit North,,,,,-3.44,19.24,,,,False,False
North Kansas City,2026-10-03,Excelsior Springs,,,,,0.01,17.2,,,,False,False
North Kansas City,2026-10-05,Park Hill,,,,,-4.08,18.62,,,,False,False
North Kansas City,2026-10-06,Ruskin,,,,,19.4,5.3,,,,False,False
North Kansas City,2026-10-07,Winnetonka,,,,,10.55,11.8,,,,False,False
North Kansas City,2026-10-08,Central (St. Joseph),,,,,2.95,16.42,,,,False,False
North Kansas City,2026-10-12,Truman,,,,,-0.27,17.87,,,,False,False
North Kansas City,2026-10-13,St. Pius X (Kansas City),,,,,2.54,13.35,,,,False,False
North Platte,2026-08-29,East Buchanan,,11,3,W,14.96,2.71,-3.96,-0.29,-4.24,False,False
North Platte,2026-08-29,Lexington,,15,5,W,14.57,6.87,0.43,1.87,2.3,False,False
North Platte,2026-08-29,Lone Jack,,3,2,W,7.99,5.93,-4.99,3.93,-1.06,False,False
North Platte,2026-09-01,DeKalb,,15,0,W,12.04,5.59,2.96,5.59,8.55,False,False
North Platte,2026-09-02,Bishop LeBlond,,16,3,W,18.59,5.65,-2.59,2.65,0.06,False,False
North Platte,2026-09-08,Lone Jack,,15,9,W,7.99,5.93,7.01,-3.07,3.94,False,False
North Platte,2026-09-09,Stewartsville with Osborn,,13,12,W,14.73,2.02,-1.73,-9.98,-11.71,False,False
North Platte,2026-09-10,Lawson,,11,8,W,8.46,9.2,2.54,1.2,3.74,False,False
North Platte,2026-09-12,Maryville,,21,0,W,19.09,-0.12,1.91,-0.12,1.79,False,False
North Platte,2026-09-12,West Platte,,2,12,L,4.67,8.03,-2.67,-3.97,-6.64,False,False
North Platte,2026-09-12,Trenton,,4,2,W,7.51,5.22,-3.51,3.22,-0.3,False,False
North Platte,2026-09-17,Penney,,12,5,W,9.02,5.99,2.98,0.99,3.97,False,False
North Platte,2026-09-21,Savannah,,10,12,L,4.62,12.99,5.38,0.99,6.38,False,False
North Platte,2026-09-23,King City with Union Star,,2,9,L,5.11,7.37,-3.11,-1.63,-4.74,False,False
North Platte,2026-09-24,Lathrop,,6,13,L,6.61,11.99,-0.61,-1.01,-1.63,False,False
North Platte,2026-09-28,South Harrison,,4,14,L,4.97,10.36,-0.97,-3.64,-4.61,False,False
North Platte,2026-10-01,Mid-Buchanan,,,,,5.12,9.98,,,,False,False
North Platte,2026-10-03,Benton,,,,,5.85,8.88,,,,False,False
North Platte,2026-10-05,Maryville,,,,,19.09,-0.12,,,,False,False
North Platte,2026-10-06,Plattsburg,,,,,21.77,-2.27,,,,False,False
North Platte,2026-10-07,West Platte,,,,,4.67,8.03,,,,False,False
North Platte,2026-10-08,East Buchanan,,,,,14.96,2.71,,,,False,False
North Point,2026-08-27,Parkway North with Principia,,22,1,W,15.3,0.35,6.7,-0.65,6.05,False,False
North Point,2026-08-28,Francis Howell North,,1,4,L,1.14,9.61,-0.14,5.61,5.47,False,False
North Point,2026-08-28,Macon,,6,3,W,5.35,6.05,0.65,3.05,3.7,False,False
North Point,2026-08-29,Hickman,,0,12,L,1.99,10.19,-1.99,-1.81,-3.8,False,False
North Point,2026-08-29,St. Joseph's Academy,,9,7,W,4.01,5.6,4.99,-1.4,3.59,False,False
North Point,2026-08-31,Francis Howell,,1,10,L,-1.7,9.18,2.7,-0.82,1.88,False,False
North Point,2026-09-01,Ft. Zumwalt East,,2,7,L,6.53,3.76,-4.53,-3.24,-7.77,False,False
North Point,2026-09-02,Francis Howell Central,,8,10,L,5.8,7.96,2.2,-2.04,0.16,False,False
North Point,2026-09-03,Timberland,,1,15,L,-0.28,9.69,1.28,-5.31,-4.03,False,False
North Point,2026-09-08,Ft. Zumwalt North,,6,2,W,8.4,7.04,-2.4,5.04,2.64,False,False
North Point,2026-09-10,Washington,,2,13,L,1.44,9.89,0.56,-3.11,-2.56,False,False
North Point,2026-09-16,Ft. Zumwalt South,,8,0,W,8.51,7.26,-0.51,7.26,6.75,False,False
North Point,2026-09-19,Helias Catholic,,0,3,L,-0.73,11.36,0.73,8.36,9.09,False,False
North Point,2026-09-19,Troy Buchanan,,2,8,L,-2.2,9.77,4.2,1.77,5.97,False,False
North Point,2026-09-21,Ft. Zumwalt East,,2,3,L,6.53,3.76,-4.53,0.76,-3.77,False,False
North Point,2026-09-22,Timberland,,0,10,L,-0.28,9.69,0.28,-0.31,-0.03,False,False
North Point,2026-09-24,Ft. Zumwalt North,,13,14,L,8.4,7.04,4.6,-6.96,-2.36,False,False
North Point,2026-09-25,St. Charles West with St. Charles,,1,7,L,6.14,5.27,-5.14,-1.73,-6.88,False,False
North Point,2026-09-28,Francis Howell North,,0,9,L,1.14,9.61,-1.14,0.61,-0.53,False,False
North Point,2026-09-29,Washington,,1,14,L,1.44,9.89,-0.44,-4.11,-4.56,False,False
North Point,2026-10-01,Ft. Zumwalt South,,,,,8.51,7.26,,,,False,False
North Point,2026-10-05,Warrenton,,,,,5.37,4.65,,,,False,False
North Point,2026-10-06,Battle,,,,,6.16,6.49,,,,False,False
North Point,2026-10-08,Liberty (Wentzville),,,,,5.67,10.21,,,,False,False
North Shelby,2026-08-27,Macon,,0,1,L,5.56,2.64,-5.56,1.64,-3.92,False,False
North Shelby,2026-08-29,Marceline,,0,4,L,0.93,5.71,-0.93,1.71,0.78,False,False
North Shelby,2026-08-29,Monroe City,,10,9,W,6.02,3.81,3.98,-5.19,-1.21,False,False
North Shelby,2026-08-29,Palmyra,,8,1,W,6.82,2.05,1.18,1.05,2.24,False,False
North Shelby,2026-09-01,Knox County,,10,0,W,10.8,-0.86,-0.8,-0.86,-1.65,False,False
North Shelby,2026-09-02,Highland,,2,0,W,3.46,6.17,-1.46,6.17,4.7,False,False
North Shelby,2026-09-03,Brashear,,16,2,W,17.25,-4.91,-1.25,-6.91,-8.17,False,False
North Shelby,2026-09-08,Paris,,11,3,W,6.01,0.62,4.99,-2.38,2.61,False,False
North Shelby,2026-09-10,Canton,,5,0,W,7.74,0.62,-2.74,0.62,-2.12,False,False
North Shelby,2026-09-15,Northeast (Cairo),,15,3,W,8.25,1.25,6.75,-1.75,5.0,False,False
North Shelby,2026-09-17,Clark County,,4,0,W,7.07,1.11,-3.07,1.11,-1.96,False,False
North Shelby,2026-09-19,Bevier,,24,0,W,17.72,-10.74,6.28,-10.74,-4.47,False,False
North Shelby,2026-09-19,Van-Far,,12,2,W,10.29,1.07,1.71,-0.93,0.79,False,False
North Shelby,2026-09-19,Paris,,2,0,W,6.01,0.62,-4.01,0.62,-3.39,False,False
North Shelby,2026-09-21,Westran,,10,0,W,12.38,1.51,-2.38,1.51,-0.87,False,False
North Shelby,2026-09-22,Marion County,,17,2,W,20.97,-7.33,-3.97,-9.33,-13.3,False,False
North Shelby,2026-09-24,Scotland County,,6,1,W,8.1,-1.14,-2.1,-2.14,-4.23,False,False
North Shelby,2026-09-26,Canton,,10,1,W,7.74,0.62,2.26,-0.38,1.88,False,False
North Shelby,2026-09-26,Sturgeon,,7,3,W,9.04,-1.76,-2.04,-4.76,-6.8,False,False
North Shelby,2026-09-26,Salisbury,,5,0,W,3.38,4.06,1.62,4.06,5.67,False,False
North Shelby,2026-09-28,Schuyler County,,8,0,W,7.46,0.38,0.54,0.38,0.92,False,False
North Shelby,2026-09-29,New Franklin,,11,0,W,10.23,-0.85,0.77,-0.85,-0.08,False,False
North Shelby,2026-10-01,South Shelby,,,,,12.9,-2.07,,,,False,False
North Shelby,2026-10-05,Atlanta,,,,,16.36,0.75,,,,False,False
North Shelby,2026-10-07,Salisbury,,,,,3.38,4.06,,,,False,False
North Shelby,2026-10-12,Harrisburg,,,,,1.67,5.42,,,,False,False
Northeast (Cairo),2026-08-27,Southern Boone,,2,11,L,0.62,12.29,1.38,1.29,2.67,False,False
Northeast (Cairo),2026-08-28,"Brunswick with Keytesville, Northwestern (Mendon)",,4,3,W,6.91,3.96,-2.91,0.96,-1.95,False,False
Northeast (Cairo),2026-08-29,Van-Far,,3,6,L,9.59,7.38,-6.59,1.38,-5.21,False,False
Northeast (Cairo),2026-09-01,Westran,,18,2,W,11.68,7.82,6.32,5.82,12.13,False,False
Northeast (Cairo),2026-09-03,Paris,,10,9,W,5.31,6.92,4.69,-2.08,2.61,False,False
Northeast (Cairo),2026-09-04,New Bloomfield,,5,10,L,6.96,7.22,-1.96,-2.78,-4.74,False,False
Northeast (Cairo),2026-09-08,New Franklin,,2,3,L,9.54,5.46,-7.54,2.46,-5.08,False,False
Northeast (Cairo),2026-09-14,Community,,0,9,L,5.6,6.32,-5.6,-2.68,-8.28,False,False
Northeast (Cairo),2026-09-15,North Shelby,,3,15,L,1.25,8.25,1.75,-6.75,-5.0,False,False
Northeast (Cairo),2026-09-17,Glasgow,,1,12,L,5.55,8.91,-4.55,-3.09,-7.64,False,False
Northeast (Cairo),2026-09-19,Community,,15,4,W,5.6,6.32,9.4,2.32,11.72,False,False
Northeast (Cairo),2026-09-19,North Callaway,,1,7,L,0.94,8.8,0.06,1.8,1.86,False,False
Northeast (Cairo),2026-09-19,Putnam County,,12,8,W,3.7,5.62,8.3,-2.38,5.92,False,False
Northeast (Cairo),2026-09-22,Sturgeon,,9,5,W,8.34,4.55,0.66,-0.45,0.2,False,False
Northeast (Cairo),2026-09-24,Salisbury,,4,14,L,2.69,10.36,1.31,-3.64,-2.32,False,False
Northeast (Cairo),2026-09-25,Pilot Grove,,12,2,W,12.88,4.28,-0.88,2.28,1.39,False,False
Northeast (Cairo),2026-09-28,Fayette,,1,5,L,2.24,7.01,-1.24,2.01,0.77,False,False
Northeast (Cairo),2026-09-29,Moberly,,2,5,L,4.52,9.23,-2.52,4.23,1.72,False,False
Northeast (Cairo),2026-10-01,Madison,,,,,11.34,3.22,,,,False,False
Northeast (Cairo),2026-10-05,La Plata,,,,,14.21,3.78,,,,False,False
Northeast (Cairo),2026-10-06,Slater with Malta Bend,,,,,6.47,5.26,,,,False,False
Northeast (Cairo),2026-10-08,Harrisburg,,,,,0.98,11.72,,,,False,False
Northeast (Cairo),2026-10-12,South Shelby,,,,,12.21,4.23,,,,False,False
Northeast Nodaway,2026-08-27,Albany,,0,11,L,0.84,11.53,-0.84,0.53,-0.31,False,False
Northeast Nodaway,2026-09-01,Stewartsville with Osborn,,18,7,W,10.17,7.28,7.83,0.28,8.11,False,False
Northeast Nodaway,2026-09-03,Maryville,,17,2,W,14.53,5.15,2.47,3.15,5.62,False,False
Northeast Nodaway,2026-09-08,Jefferson (Conception) with South Nodaway,,10,17,L,7.04,12.62,2.96,-4.38,-1.42,False,False
Northeast Nodaway,2026-09-17,Stewartsville with Osborn,,7,8,L,10.17,7.28,-3.17,-0.72,-3.89,False,False
Northeast Nodaway,2026-09-22,Plattsburg,,18,8,W,17.21,3.0,0.79,-5.0,-4.21,False,False
Northeast Nodaway,2026-09-24,Stanberry,,0,15,L,1.89,14.26,-1.89,-0.74,-2.63,False,False
Northeast Nodaway,2026-09-28,East Buchanan,,3,4,L,10.4,7.98,-7.4,3.98,-3.42,False,False
Northeast Nodaway,2026-09-29,Jefferson (Conception) with South Nodaway,,,,,7.04,12.62,,,,False,False
Northeast Nodaway,2026-09-30,DeKalb,,,,,7.48,10.86,,,,False,False
Northeast Nodaway,2026-10-01,DeKalb,,,,,7.48,10.86,,,,False,False
Northeast Nodaway,2026-10-05,Worth County,,,,,0.98,11.77,,,,False,False
Northeast Nodaway,2026-10-06,Bishop LeBlond,,,,,14.04,10.92,,,,False,False
Northeast Nodaway,2026-10-08,Jefferson (Conception) with South Nodaway,,,,,7.04,12.62,,,,False,False
Northwest (Cedar Hill),2026-08-27,DeSoto,,11,1,W,10.86,1.45,0.14,0.45,0.6,False,False
Northwest (Cedar Hill),2026-08-28,Parkway West,,6,11,L,3.19,7.55,2.81,-3.45,-0.64,False,False
Northwest (Cedar Hill),2026-08-31,Farmington,,12,1,W,8.59,5.63,3.41,4.63,8.04,False,False
Northwest (Cedar Hill),2026-09-01,Rockwood Summit,,8,9,L,7.33,5.16,0.67,-3.84,-3.17,False,False
Northwest (Cedar Hill),2026-09-02,Festus,,4,10,L,3.39,6.41,0.61,-3.59,-2.98,False,False
Northwest (Cedar Hill),2026-09-03,Marquette,,5,8,L,3.4,6.93,1.6,-1.07,0.53,False,False
Northwest (Cedar Hill),2026-09-09,Parkway Central,,1,11,L,4.15,7.97,-3.15,-3.03,-6.17,False,False
Northwest (Cedar Hill),2026-09-11,St. Francis Borgia,,10,6,W,6.73,6.33,3.27,0.33,3.59,False,False
Northwest (Cedar Hill),2026-09-11,Smith-Cotton,,10,0,W,7.14,2.95,2.86,2.95,5.81,False,False
Northwest (Cedar Hill),2026-09-12,Staley,,2,6,L,2.94,5.7,-0.94,-0.3,-1.23,False,False
Northwest (Cedar Hill),2026-09-12,Bolivar,,6,2,W,6.69,7.13,-0.69,5.13,4.44,False,False
Northwest (Cedar Hill),2026-09-14,Lafayette (Wildwood),,1,4,L,3.52,8.09,-2.52,4.09,1.57,False,False
Northwest (Cedar Hill),2026-09-15,Fox,,3,0,W,6.44,5.21,-3.44,5.21,1.76,False,False
Northwest (Cedar Hill),2026-09-18,Jackson,,4,10,L,4.41,6.71,-0.41,-3.29,-3.71,False,False
Northwest (Cedar Hill),2026-09-21,Kirkwood,,,,,7.9,2.04,,,,False,False
Northwest (Cedar Hill),2026-09-22,Seckman,,8,9,L,7.51,5.28,0.49,-3.72,-3.24,False,False
Northwest (Cedar Hill),2026-09-23,Pacific,,4,9,L,7.62,3.73,-3.62,-5.27,-8.89,False,False
Northwest (Cedar Hill),2026-09-25,Kirkwood,,9,0,W,7.9,2.04,1.1,2.04,3.14,False,False
Northwest (Cedar Hill),2026-09-28,Lutheran St. Charles with Veritas Christian Academy,,13,2,W,14.19,3.71,-1.19,1.71,0.52,False,False
Northwest (Cedar Hill),2026-09-29,Oakville,,3,2,W,4.29,3.69,-1.29,1.69,0.4,False,False
Northwest (Cedar Hill),2026-10-01,Webster Groves,,,,,8.21,3.55,,,,False,False
Northwest (Cedar Hill),2026-10-02,Hillsboro,,,,,6.17,5.78,,,,False,False
Northwest (Cedar Hill),2026-10-05,Eureka,,,,,1.94,8.8,,,,False,False
Northwest (Cedar Hill),2026-10-06,Parkway South,,,,,8.82,6.46,,,,False,False
Northwest (Cedar Hill),2026-10-08,Lindbergh,,,,,3.85,8.36,,,,False,False
Northwest (Cedar Hill),2026-10-09,Poplar Bluff,,,,,10.11,5.87,,,,False,False
Norwood,2026-08-28,Walnut Grove,,14,2,W,17.14,4.35,-3.14,2.35,-0.79,False,False
Norwood,2026-08-29,Halfway,,0,10,L,2.64,9.34,-2.64,-0.66,-3.3,False,False
Norwood,2026-08-29,"Ozark  (JV)(Ozark, MO)",,2,6,L,,,,,,False,False
Norwood,2026-09-01,Hillcrest,,22,10,W,15.15,6.9,6.85,-3.1,3.75,False,False
Norwood,2026-09-03,Walnut Grove,,22,2,W,17.14,4.35,4.86,2.35,7.21,False,False
Norwood,2026-09-04,Wheatland,,3,2,W,6.26,6.97,-3.26,4.97,1.71,False,False
Norwood,2026-09-08,Marshfield,,0,14,L,-1.9,13.35,1.9,-0.65,1.26,False,False
Norwood,2026-09-10,Hartville,,5,8,L,5.63,8.7,-0.63,0.7,0.07,False,False
Norwood,2026-09-11,Dadeville with Everton,,7,12,L,2.33,8.94,4.67,-3.06,1.61,False,False
Norwood,2026-09-12,Aurora,,6,11,L,3.12,8.44,2.88,-2.56,0.32,False,False
Norwood,2026-09-12,Walnut Grove,,7,0,W,17.14,4.35,-10.14,4.35,-5.79,False,False
Norwood,2026-09-14,Laquey,,18,1,W,17.88,-0.91,0.12,-1.91,-1.8,False,False
Norwood,2026-09-17,Hartville,,4,16,L,5.63,8.7,-1.63,-7.3,-8.93,False,False
Norwood,2026-09-18,Van Buren,,,,,,,,,,False,False
Norwood,2026-09-21,East Carter,,2,3,L,6.61,6.86,-4.61,3.86,-0.75,False,False
Norwood,2026-09-25,Hartville,,9,6,W,5.63,8.7,3.37,2.7,6.07,False,False
Norwood,2026-09-25,Naylor,,1,0,W,5.1,5.29,-4.1,5.29,1.19,False,False
Norwood,2026-09-25,Weaubleau,,8,5,W,9.12,5.87,-1.12,0.87,-0.25,False,False
Norwood,2026-09-28,Stoutland,,10,14,L,7.02,7.9,2.98,-6.1,-3.12,False,False
Norwood,2026-10-01,Twin Rivers,,,,,4.45,12.01,,,,False,False
Norwood,2026-10-05,Van Buren,,,,,,,,,,False,False
Norwood,2026-10-09,East Carter,,,,,6.61,6.86,,,,False,False
Norwood,2026-10-09,Dadeville with Everton,,,,,2.33,8.94,,,,False,False
Norwood,2026-10-12,Halfway,,,,,2.64,9.34,,,,False,False
Notre Dame (Cape Girardeau),2026-08-28,Lindbergh,,3,4,L,4.19,8.33,-1.19,4.33,3.15,False,False
Notre Dame (Cape Girardeau),2026-08-28,Marquette,,2,5,L,3.74,6.91,-1.74,1.91,0.17,False,False
Notre Dame (Cape Girardeau),2026-08-29,Silex,,1,10,L,3.0,6.17,-2.0,-3.83,-5.83,False,False
Notre Dame (Cape Girardeau),2026-08-29,West Platte,,7,4,W,5.52,4.94,1.48,0.94,2.42,False,False
Notre Dame (Cape Girardeau),2026-09-02,Chaffee,,5,7,L,3.73,9.8,1.27,2.8,4.07,False,False
Notre Dame (Cape Girardeau),2026-09-03,Central (Cape Girardeau),,15,0,W,16.12,1.79,-1.12,1.79,0.67,False,False
Notre Dame (Cape Girardeau),2026-09-03,Kelly,,2,0,W,5.42,4.41,-3.42,4.41,0.99,False,False
Notre Dame (Cape Girardeau),2026-09-08,Neelyville,,14,1,W,10.26,1.54,3.74,0.54,4.28,False,False
Notre Dame (Cape Girardeau),2026-09-09,Farmington,,11,10,W,8.92,5.6,2.08,-4.4,-2.32,False,False
Notre Dame (Cape Girardeau),2026-09-14,Doniphan,,6,14,L,4.08,7.38,1.92,-6.62,-4.7,False,False
Notre Dame (Cape Girardeau),2026-09-16,North County,,11,8,W,6.62,5.23,4.38,-2.77,1.61,False,False
Notre Dame (Cape Girardeau),2026-09-18,Blair Oaks,,11,6,W,5.61,5.31,5.39,-0.69,4.7,False,False
Notre Dame (Cape Girardeau),2026-09-18,Hickman,,1,13,L,4.53,8.86,-3.53,-4.14,-7.67,False,False
Notre Dame (Cape Girardeau),2026-09-19,Jefferson City,,14,10,W,10.97,4.25,3.03,-5.75,-2.72,False,False
Notre Dame (Cape Girardeau),2026-09-21,Sikeston,,27,4,W,18.2,-0.81,8.8,-4.81,3.99,False,False
Notre Dame (Cape Girardeau),2026-09-23,Festus,,2,3,L,3.72,6.39,-1.72,3.39,1.67,False,False
Notre Dame (Cape Girardeau),2026-09-24,Jackson,,0,5,L,4.75,6.68,-4.75,1.68,-3.07,False,False
Notre Dame (Cape Girardeau),2026-09-25,Rockwood Summit,,8,4,W,7.67,5.14,0.33,1.14,1.47,False,False
Notre Dame (Cape Girardeau),2026-09-25,Windsor (Imperial),,2,1,W,4.85,6.3,-2.85,5.3,2.45,False,False
Notre Dame (Cape Girardeau),2026-09-29,Central (Cape Girardeau),,10,0,W,16.12,1.79,-6.12,1.79,-4.33,False,False
Notre Dame (Cape Girardeau),2026-10-03,Kelly,,,,,5.42,4.41,,,,False,False
Notre Dame (Cape Girardeau),2026-10-05,Fredericktown,,,,,8.95,2.51,,,,False,False
Notre Dame (Cape Girardeau),2026-10-06,Poplar Bluff,,,,,10.44,5.84,,,,False,False
Notre Dame (Cape Girardeau),2026-10-08,Kelly,,,,,5.42,4.41,,,,False,False
Notre Dame (St. Louis),2026-08-28,Ursuline Academy,,5,9,L,9.88,12.15,-4.88,3.15,-1.74,False,False
Notre Dame (St. Louis),2026-09-03,St. Dominic,,0,15,L,-0.64,16.5,0.64,1.5,2.14,False,False
Notre Dame (St. Louis),2026-09-08,Pattonville,,2,18,L,6.61,14.74,-4.61,-3.26,-7.87,False,False
Notre Dame (St. Louis),2026-09-15,St. Joseph's Academy,,4,15,L,0.62,17.19,3.38,2.19,5.57,False,False
Notre Dame (St. Louis),2026-09-17,St. Pius X (Festus),,7,22,L,9.52,13.68,-2.52,-8.32,-10.84,False,False
Notre Dame (St. Louis),2026-09-22,Herculaneum with Crystal City,,18,14,W,13.84,10.87,4.16,-3.13,1.03,False,False
Notre Dame (St. Louis),2026-09-24,St. Louis Patriots Sr.,,17,8,W,,,,,,False,False
Notre Dame (St. Louis),2026-09-28,Affton,,17,6,W,12.11,12.99,4.89,6.99,11.88,False,False
Notre Dame (St. Louis),2026-09-30,Incarnate Word Academy,,0,14,L,0.7,18.23,-0.7,4.23,3.54,False,False
Notre Dame (St. Louis),2026-10-01,Cor Jesu Academy,,,,,-1.18,21.7,,,,False,False
Notre Dame (St. Louis),2026-10-02,Bayless,,,,,14.3,10.41,,,,False,False
Notre Dame (St. Louis),2026-10-05,Mehlville,,,,,8.02,11.19,,,,False,False
Notre Dame (St. Louis),2026-10-06,Hancock,,,,,8.52,12.79,,,,False,False
Notre Dame (St. Louis),2026-10-09,Parkway North with Principia,,,,,11.91,11.94,,,,False,False
Notre Dame (St. Louis),2026-10-12,Lutheran South,,,,,5.58,14.86,,,,False,False
Notre Dame (St. Louis),2026-10-13,St. Louis Patriots Sr.,,,,,,,,,,False,False
Notre Dame de Sion,2026-08-27,Raytown South,,13,3,W,17.53,4.23,-4.53,1.23,-3.29,False,False
Notre Dame de Sion,2026-08-29,St. Pius X (Kansas City),,0,12,L,4.52,9.5,-4.52,-2.5,-7.02,False,False
Notre Dame de Sion,2026-09-02,North Kansas City,,22,3,W,13.8,7.97,8.2,4.97,13.17,False,False
Notre Dame de Sion,2026-09-04,Lincoln College Prep,,20,5,W,21.42,2.63,-1.42,-2.37,-3.79,False,False
Notre Dame de Sion,2026-09-15,St. Teresa's Academy,,0,9,L,4.99,10.43,-4.99,1.43,-3.56,False,False
Notre Dame de Sion,2026-09-29,Lincoln College Prep,,37,15,W,21.42,2.63,15.58,-12.37,3.21,False,False
Notre Dame de Sion,2026-10-01,Ruskin,,,,,21.39,1.45,,,,False,False
Notre Dame de Sion,2026-10-02,Grandview,,,,,10.13,8.37,,,,False,False
Notre Dame de Sion,2026-10-05,Knob Noster,,,,,10.01,6.98,,,,False,False
Notre Dame de Sion,2026-10-13,St. Michael the Archangel,,,,,5.84,13.34,,,,False,False
Novinger,2026-08-27,Princeton,,0,15,L,-6.56,19.05,6.56,4.05,10.61,False,False
Novinger,2026-08-28,Madison,,1,2,L,2.64,10.37,-1.64,8.37,6.73,False,False
Novinger,2026-08-29,Clark County,,3,18,L,-2.32,14.57,5.32,-3.43,1.89,False,False
Novinger,2026-08-29,La Plata,,4,15,L,5.51,10.93,-1.51,-4.07,-5.58,False,False
Novinger,2026-08-29,Milan,,8,3,W,6.97,7.52,1.03,4.52,5.55,False,False
Novinger,2026-08-29,Putnam County,,4,17,L,-5.0,12.78,9.0,-4.22,4.77,False,False
Novinger,2026-09-01,Marion County,,18,3,W,11.58,6.13,6.42,3.13,9.55,False,False
Novinger,2026-09-03,Milan,,10,9,W,6.97,7.52,3.03,-1.48,1.55,False,False
Novinger,2026-09-15,Brashear,,8,7,W,7.86,8.55,0.14,1.55,1.69,False,False
Novinger,2026-09-17,Grundy County with Newtown-Harris,,4,16,L,8.73,8.0,-4.73,-8.0,-12.73,False,False
Novinger,2026-09-18,Linn County,,9,10,L,8.86,9.25,0.14,-0.75,-0.61,False,False
Novinger,2026-09-22,Bucklin with Macon County,,17,7,W,15.3,5.08,1.7,-1.92,-0.22,False,False
Novinger,2026-09-25,Meadville,,11,7,W,16.16,8.87,-5.16,1.87,-3.29,False,False
Novinger,2026-09-29,La Plata,,0,10,L,5.51,10.93,-5.51,0.93,-4.58,False,False
Novinger,2026-10-02,Atlanta,,,,,6.96,14.21,,,,False,False
Novinger,2026-10-05,Bevier,,,,,8.33,2.72,,,,False,False
Novinger,2026-10-07,Grundy County with Newtown-Harris,,,,,8.73,8.0,,,,False,False
Novinger,2026-10-08,Green City,,,,,6.89,11.89,,,,False,False
Novinger,2026-10-13,Scotland County,,,,,-1.3,12.32,,,,False,False
Oak Grove,2026-08-28,Grain Valley,,1,3,L,0.48,6.55,0.52,3.55,4.07,False,False
Oak Grove,2026-08-28,South Harrison,,4,3,W,6.09,4.27,-2.09,1.27,-0.82,False,False
Oak Grove,2026-08-29,Chillicothe,,0,4,L,0.61,5.59,-0.61,1.59,0.98,False,False
Oak Grove,2026-08-29,Kearney,,1,11,L,5.34,3.38,-4.34,-7.62,-11.96,False,False
Oak Grove,2026-08-29,Truman,,12,2,W,6.87,2.54,5.13,0.54,5.67,False,False
Oak Grove,2026-09-01,Holden,,11,0,W,9.28,1.22,1.72,1.22,2.94,False,False
Oak Grove,2026-09-02,Marshall,,11,0,W,11.76,-2.79,-0.76,-2.79,-3.55,False,False
Oak Grove,2026-09-08,Summit Christian Academy,,10,0,W,9.63,0.02,0.37,0.02,0.38,False,False
Oak Grove,2026-09-10,Odessa,,6,1,W,8.89,2.47,-2.89,1.47,-1.42,False,False
Oak Grove,2026-09-15,Clinton,,23,0,W,14.87,-2.58,8.13,-2.58,5.55,False,False
Oak Grove,2026-09-16,Savannah,,3,2,W,5.75,6.9,-2.75,4.9,2.16,False,False
Oak Grove,2026-09-17,Pleasant Hill,,2,3,L,3.71,4.1,-1.71,1.1,-0.61,False,False
Oak Grove,2026-09-22,Harrisonville,,14,0,W,12.89,-0.91,1.11,-0.91,0.21,False,False
Oak Grove,2026-09-24,Warrensburg,,15,0,W,8.14,2.67,6.86,2.67,9.53,False,False
Oak Grove,2026-09-25,Lee's Summit,,8,5,W,4.74,2.92,3.26,-2.08,1.18,False,False
Oak Grove,2026-09-25,Webb City,,1,11,L,3.38,5.42,-2.38,-5.58,-7.97,False,False
Oak Grove,2026-09-26,Holden,,14,1,W,9.28,1.22,4.72,0.22,4.94,False,False
Oak Grove,2026-09-26,Warrensburg,,7,2,W,8.14,2.67,-1.14,0.67,-0.47,False,False
Oak Grove,2026-09-28,St. Michael the Archangel,,13,4,W,10.99,1.86,2.01,-2.14,-0.13,False,False
Oak Grove,2026-09-29,Odessa,,3,0,W,8.89,2.47,-5.89,2.47,-3.42,False,False
Oak Grove,2026-10-01,Clinton,,,,,14.87,-2.58,,,,False,False
Oak Grove,2026-10-02,Liberty,,,,,4.8,4.98,,,,False,False
Oak Grove,2026-10-02,Blair Oaks,,,,,5.88,2.31,,,,False,False
Oak Grove,2026-10-06,Pleasant Hill,,,,,3.71,4.1,,,,False,False
Oak Grove,2026-10-07,Clinton,,,,,14.87,-2.58,,,,False,False
Oak Grove,2026-10-08,Harrisonville,,,,,12.89,-0.91,,,,False,False
Oak Grove,2026-10-13,Warrensburg,,,,,8.14,2.67,,,,False,False
Oak Park,2026-08-28,Holden,,5,6,L,6.35,8.24,-1.35,2.24,0.89,False,False
Oak Park,2026-08-28,Mid-Buchanan,,3,16,L,3.33,10.91,-0.33,-5.09,-5.42,False,False
Oak Park,2026-08-29,Harrisonville,,0,7,L,9.96,6.11,-9.96,-0.89,-10.85,False,False
Oak Park,2026-08-29,Odessa,,3,14,L,5.97,9.49,-2.97,-4.51,-7.47,False,False
Oak Park,2026-08-29,Smith-Cotton,,6,7,L,4.82,6.94,1.18,-0.06,1.12,False,False
Oak Park,2026-08-31,Raytown South,,15,0,W,19.75,-0.23,-4.75,-0.23,-4.98,False,False
Oak Park,2026-09-02,Benton,,2,17,L,4.06,9.81,-2.06,-7.19,-9.25,False,False
Oak Park,2026-09-03,Raytown,,7,1,W,8.92,3.79,-1.92,2.79,0.87,False,False
Oak Park,2026-09-08,Liberty,,3,13,L,1.87,12.0,1.13,-1.0,0.12,False,False
Oak Park,2026-09-11,Marshfield,,0,18,L,0.86,11.08,-0.86,-6.92,-7.78,False,False
Oak Park,2026-09-11,Southern Boone,,0,10,L,1.0,12.07,-1.0,2.07,1.08,False,False
Oak Park,2026-09-12,Iberia,,8,7,W,4.19,9.14,3.81,2.14,5.95,False,False
Oak Park,2026-09-12,Montgomery County,,8,4,W,1.62,8.76,6.38,4.76,11.13,False,False
Oak Park,2026-09-14,North Kansas City,,21,3,W,16.03,3.5,4.97,0.5,5.48,False,False
Oak Park,2026-09-15,Park Hill,,0,6,L,0.13,10.31,-0.13,4.31,4.18,False,False
Oak Park,2026-09-16,Lee's Summit North,,3,13,L,0.78,10.92,2.22,-2.08,0.15,False,False
Oak Park,2026-09-17,Grandview,,10,5,W,12.36,3.91,-2.36,-1.09,-3.45,False,False
Oak Park,2026-09-21,Central (St. Joseph),,5,7,L,7.16,8.11,-2.16,1.11,-1.05,False,False
Oak Park,2026-09-22,Park Hill South,,0,11,L,4.76,10.74,-4.76,-0.26,-5.01,False,False
Oak Park,2026-09-24,Liberty,,4,7,L,1.87,12.0,2.13,5.0,7.12,False,False
Oak Park,2026-09-28,Lee's Summit North,,7,6,W,0.78,10.92,6.22,4.92,11.15,False,False
Oak Park,2026-09-29,North Kansas City,,,,,16.03,3.5,,,,False,False
Oak Park,2026-10-01,Park Hill,,,,,0.13,10.31,,,,False,False
Oak Park,2026-10-05,Winnetonka,,,,,14.76,3.49,,,,False,False
Oak Park,2026-10-06,Central (St. Joseph),,,,,7.16,8.11,,,,False,False
Oak Park,2026-10-07,St. Michael the Archangel,,,,,8.06,8.88,,,,False,False
Oak Park,2026-10-08,Park Hill South,,,,,4.76,10.74,,,,False,False
Oak Park,2026-10-13,Truman,,,,,3.94,9.56,,,,False,False
Oakville,2026-08-27,Hillsboro,,5,1,W,3.83,4.03,1.17,3.03,4.2,False,False
Oakville,2026-08-28,Timberland,,2,3,L,-0.42,6.63,2.42,3.63,6.06,False,False
Oakville,2026-08-28,Parkway South,,4,5,L,6.47,4.71,-2.47,-0.29,-2.76,False,False
Oakville,2026-08-31,Lindbergh,,2,14,L,1.5,6.61,0.5,-7.39,-6.89,False,False
Oakville,2026-09-02,Lutheran South,,17,6,W,8.82,0.21,8.18,-5.79,2.39,False,False
Oakville,2026-09-09,Cor Jesu Academy,,1,3,L,2.07,7.06,-1.07,4.06,2.99,False,False
Oakville,2026-09-10,Fox,,3,9,L,4.1,3.46,-1.1,-5.54,-6.64,False,False
Oakville,2026-09-11,Rockwood Summit,,3,6,L,4.98,3.41,-1.98,-2.59,-4.57,False,False
Oakville,2026-09-14,Farmington,,6,5,W,6.24,3.88,-0.24,-1.12,-1.36,False,False
Oakville,2026-09-17,Parkway South,,8,0,W,6.47,4.71,1.53,4.71,6.24,False,False
Oakville,2026-09-21,Incarnate Word Academy,,2,1,W,3.94,3.58,-1.94,2.58,0.65,False,False
Oakville,2026-09-23,Parkway West,,3,0,W,0.84,5.8,2.16,5.8,7.96,False,False
Oakville,2026-09-25,Mehlville,,17,0,W,11.27,-3.46,5.73,-3.46,2.27,False,False
Oakville,2026-09-28,Kirkwood,,2,3,L,5.55,0.3,-3.55,-2.7,-6.26,False,False
Oakville,2026-09-29,Northwest (Cedar Hill),,2,3,L,3.69,4.29,-1.69,1.29,-0.4,False,False
Oakville,2026-09-30,Windsor (Imperial),,,,,2.17,4.57,,,,False,False
Oakville,2026-10-01,Parkway Central,,,,,1.8,6.23,,,,False,False
Oakville,2026-10-02,Lutheran St. Charles with Veritas Christian Academy,,,,,11.84,1.96,,,,False,False
Oakville,2026-10-05,Festus,,,,,1.04,4.67,,,,False,False
Oakville,2026-10-06,Seckman,,,,,5.16,3.53,,,,False,False
Oakville,2026-10-07,Lindbergh,,,,,1.5,6.61,,,,False,False
Oakville,2026-10-08,Webster Groves,,,,,5.86,1.8,,,,False,False
Oakville,2026-10-12,St. Joseph's Academy,,,,,3.86,2.54,,,,False,False
Odessa,2026-08-28,Centralia,,0,13,L,1.41,10.23,-1.41,-2.77,-4.18,False,False
Odessa,2026-08-28,Truman,,6,10,L,5.72,7.81,0.28,-2.19,-1.91,False,False
Odessa,2026-08-29,Oak Park,,14,3,W,9.49,5.97,4.51,2.97,7.47,False,False
Odessa,2026-08-29,Fort Osage,,2,7,L,1.94,6.65,0.06,-0.35,-0.29,False,False
Odessa,2026-08-29,William Chrisman,,22,2,W,15.35,4.09,6.65,2.09,8.75,False,False
Odessa,2026-09-01,Smith-Cotton,,4,9,L,6.6,5.19,-2.6,-3.81,-6.41,False,False
Odessa,2026-09-02,St. Michael the Archangel,,9,6,W,9.84,7.13,-0.84,1.13,0.29,False,False
Odessa,2026-09-03,Harrisonville,,15,6,W,11.74,4.37,3.26,-1.63,1.62,False,False
Odessa,2026-09-08,Excelsior Springs,,7,6,W,6.0,7.14,1.0,1.14,2.14,False,False
Odessa,2026-09-10,Oak Grove,,1,6,L,2.47,8.89,-1.47,2.89,1.42,False,False
Odessa,2026-09-11,Centralia,,6,4,W,1.41,10.23,4.59,6.23,10.82,False,False
Odessa,2026-09-11,Helias Catholic,,2,17,L,0.94,12.3,1.06,-4.7,-3.64,False,False
Odessa,2026-09-15,Warrensburg,,3,8,L,6.99,7.94,-3.99,-0.06,-4.05,False,False
Odessa,2026-09-16,Marshall,,11,3,W,10.62,2.48,0.38,-0.52,-0.13,False,False
Odessa,2026-09-17,Harrisonville,,11,8,W,11.74,4.37,-0.74,-3.63,-4.38,False,False
Odessa,2026-09-21,Holden,,9,8,W,8.13,6.49,0.87,-1.51,-0.64,False,False
Odessa,2026-09-22,Clinton,,14,4,W,13.73,2.69,0.27,-1.31,-1.04,False,False
Odessa,2026-09-24,Pleasant Hill,,3,13,L,2.56,9.37,0.44,-3.63,-3.19,False,False
Odessa,2026-09-28,St. Pius X (Kansas City),,4,0,W,8.53,3.29,-4.53,3.29,-1.24,False,False
Odessa,2026-09-29,Oak Grove,,0,3,L,2.47,8.89,-2.47,5.89,3.42,False,False
Odessa,2026-10-01,Warrensburg,,,,,6.99,7.94,,,,False,False
Odessa,2026-10-06,Summit Christian Academy,,,,,8.49,5.29,,,,False,False
Odessa,2026-10-08,Clinton,,,,,13.73,2.69,,,,False,False
Odessa,2026-10-13,Pleasant Hill,,,,,2.56,9.37,,,,False,False
"Omaha Central H.S.(Omaha, NE)",2026-09-19,St. Teresa's Academy,,0,6,L,,,,,,False,False
"Omaha Central(Omaha, NE)",2026-09-18,Grandview,,3,2,W,,,,,,False,False
"Omaha Central(Omaha, NE)",2026-09-18,Winnetonka,,9,8,W,,,,,,False,False
Orchard Farm,2026-09-02,Ft. Zumwalt North,,3,18,L,6.11,11.42,-3.11,-6.58,-9.69,False,False
Orchard Farm,2026-09-03,St. Charles West with St. Charles,,1,11,L,3.85,9.65,-2.85,-1.35,-4.2,False,False
Orchard Farm,2026-09-08,Warrenton,,3,6,L,3.08,9.03,-0.08,3.03,2.95,False,False
Orchard Farm,2026-09-10,Hazelwood West,,6,0,W,10.27,6.03,-4.27,6.03,1.75,False,False
Orchard Farm,2026-09-11,Ft. Zumwalt East,,3,5,L,4.23,8.14,-1.23,3.14,1.91,False,False
Orchard Farm,2026-09-14,Ft. Zumwalt South,,12,13,L,6.22,11.64,5.78,-1.36,4.42,False,False
Orchard Farm,2026-09-15,Holt,,7,13,L,6.99,10.83,0.01,-2.17,-2.15,False,False
Orchard Farm,2026-09-17,Winfield,,1,11,L,-1.48,11.64,2.48,0.64,3.12,False,False
Orchard Farm,2026-09-21,Bowling Green,,4,12,L,5.91,11.45,-1.91,-0.55,-2.46,False,False
Orchard Farm,2026-09-22,St. Charles West with St. Charles,,6,5,W,3.85,9.65,2.15,4.65,6.8,False,False
Orchard Farm,2026-09-24,Warrenton,,0,13,L,3.08,9.03,-3.08,-3.97,-7.05,False,False
Orchard Farm,2026-09-29,St. Louis Patriots Sr.,,11,1,W,,,,,,False,False
Orchard Farm,2026-09-30,Valley Park,,14,14,T,4.96,12.0,9.04,-2.0,7.04,False,False
Orchard Farm,2026-10-01,Holt,,,,,6.99,10.83,,,,False,False
Orchard Farm,2026-10-05,Westminster Christian Academy,,,,,-1.43,13.49,,,,False,False
Orchard Farm,2026-10-07,Ladue Horton Watkins,,,,,9.99,4.59,,,,False,False
Osage,2026-08-27,Eugene,,2,12,L,4.64,7.76,-2.64,-4.24,-6.88,False,False
Osage,2026-08-28,Lebanon,,12,2,W,11.14,5.22,0.86,3.22,4.09,False,False
Osage,2026-08-29,Camdenton,,13,2,W,14.11,1.37,-1.11,-0.63,-1.74,False,False
Osage,2026-08-29,Waynesville,,12,2,W,12.85,1.97,-0.85,-0.03,-0.87,False,False
Osage,2026-08-31,West Plains,,12,2,W,10.89,3.35,1.11,1.35,2.46,False,False
Osage,2026-09-01,Halfway,,7,9,L,7.12,3.81,-0.12,-5.19,-5.31,False,False
Osage,2026-09-03,Fulton,,17,5,W,14.98,3.22,2.02,-1.78,0.24,False,False
Osage,2026-09-08,Boonville,,15,8,W,7.7,4.04,7.3,-3.96,3.34,False,False
Osage,2026-09-10,South Callaway,,17,3,W,9.76,2.22,7.24,-0.78,6.46,False,False
Osage,2026-09-12,Hartville,,6,1,W,10.11,3.17,-4.11,2.17,-1.94,False,False
Osage,2026-09-12,Vienna,,7,3,W,7.18,3.83,-0.18,0.83,0.66,False,False
Osage,2026-09-12,Waynesville,,12,3,W,12.85,1.97,-0.85,-1.03,-1.87,False,False
Osage,2026-09-14,Stoutland,,12,6,W,11.5,2.37,0.5,-3.63,-3.13,False,False
Osage,2026-09-17,Eldon,,0,4,L,3.62,4.1,-3.62,0.1,-3.52,False,False
Osage,2026-09-21,Russellville,,9,2,W,7.48,5.92,1.52,3.92,5.44,False,False
Osage,2026-09-22,Blair Oaks,,4,1,W,4.67,6.07,-0.67,5.07,4.4,False,False
Osage,2026-09-24,Jamestown,,4,2,W,11.4,3.85,-7.4,1.85,-5.56,False,False
Osage,2026-09-25,Iberia,,5,7,L,5.9,5.89,-0.9,-1.11,-2.02,False,False
Osage,2026-09-28,Hallsville with Christian Fellowship Sr.,,10,6,W,6.47,5.09,3.53,-0.91,2.62,False,False
Osage,2026-09-29,Crocker,,9,0,W,12.24,4.08,-3.24,4.08,0.84,False,False
Osage,2026-10-01,Harrisburg,,,,,3.06,8.25,,,,False,False
Osage,2026-10-05,Richland,,,,,17.73,-0.95,,,,False,False
Osage,2026-10-06,California,,,,,9.71,3.6,,,,False,False
Osage,2026-10-08,Southern Boone,,,,,2.71,8.82,,,,False,False
"Owasso(Owasso , OK)",2026-09-05,Webb City,,6,4,W,,,,,,False,False
"Owasso(Owasso , OK)",2026-09-26,Troy Buchanan,,6,3,W,,,,,,False,False
"Owasso(Owasso, OK)",2026-09-03,Ozark,,14,3,W,,,,,,False,False
"Owasso(Owasso, OK)",2026-09-04,Blue Springs,,0,5,L,,,,,,False,False
"Owasso(Owasso, OK)",2026-09-04,Carthage,,8,4,W,,,,,,False,False
"Owasso(Owasso, OK)",2026-09-04,McDonald County,,9,6,W,,,,,,False,False
"Owasso(Owasso, OK)",2026-09-05,Ozark,,0,9,L,,,,,,False,False
"Owasso(Owasso, OK)",2026-09-25,Fort Osage,,5,2,W,,,,,,False,False
"Owasso(Owasso, OK)",2026-09-26,Grain Valley,,2,13,L,,,,,,False,False
Owensville,2026-08-28,Dixon,,14,8,W,10.34,8.86,3.66,0.86,4.52,False,False
Owensville,2026-08-29,Marceline,,1,11,L,1.4,11.38,-0.4,0.38,-0.02,False,False
Owensville,2026-08-29,Westran,,15,9,W,12.85,7.18,2.15,-1.82,0.33,False,False
Owensville,2026-08-29,Palmyra,,11,15,L,7.29,7.73,3.71,-7.27,-3.56,False,False
Owensville,2026-09-01,St. Francis Borgia,,2,9,L,5.21,9.9,-3.21,0.9,-2.31,False,False
Owensville,2026-09-03,Linn,,11,7,W,3.26,10.41,7.74,3.41,11.15,False,False
Owensville,2026-09-08,St. Clair,,18,7,W,13.42,2.21,4.58,-4.79,-0.21,False,False
Owensville,2026-09-10,Pacific,,2,16,L,6.09,7.31,-4.09,-8.69,-12.79,False,False
Owensville,2026-09-11,Harrisonville,,6,0,W,10.75,5.7,-4.75,5.7,0.94,False,False
Owensville,2026-09-11,St. Michael the Archangel,,6,7,L,8.85,8.46,-2.85,1.46,-1.39,False,False
Owensville,2026-09-12,Lafayette County,,7,12,L,4.26,6.66,2.74,-5.34,-2.6,False,False
Owensville,2026-09-15,Hermann with New Haven,,16,0,W,15.56,8.43,0.44,8.43,8.87,False,False
Owensville,2026-09-17,Union,,10,5,W,10.0,8.91,-0.0,3.91,3.9,False,False
Owensville,2026-09-19,Vienna,,6,5,W,6.26,6.67,-0.26,1.67,1.42,False,False
Owensville,2026-09-19,Pacific,,5,6,L,6.09,7.31,-1.09,1.31,0.21,False,False
Owensville,2026-09-22,Sullivan,,3,13,L,5.02,10.04,-2.02,-2.96,-4.98,False,False
Owensville,2026-09-26,Russellville,,2,7,L,6.56,8.75,-4.56,1.75,-2.8,False,False
Owensville,2026-09-26,Eugene,,5,12,L,3.72,10.59,1.28,-1.41,-0.12,False,False
Owensville,2026-09-28,Eldon,,2,4,L,2.7,6.94,-0.7,2.94,2.24,False,False
Owensville,2026-09-29,St. James,,15,0,W,11.92,2.15,3.08,2.15,5.22,False,False
Owensville,2026-10-01,Rolla,,,,,4.6,8.37,,,,False,False
Owensville,2026-10-05,Cuba,,,,,23.96,1.01,,,,False,False
Owensville,2026-10-06,South Callaway,,,,,8.84,5.06,,,,False,False
Owensville,2026-10-08,Montgomery County,,,,,2.41,8.34,,,,False,False
Owensville,2026-10-12,Wright City,,,,,6.65,7.88,,,,False,False
Ozark,2026-08-27,Helias Catholic,,2,12,L,2.76,8.0,-0.76,-4.0,-4.76,False,False
Ozark,2026-08-29,Halfway,,3,2,W,9.0,1.01,-6.0,-0.99,-6.99,False,False
Ozark,2026-09-01,Willard,,2,12,L,4.12,8.33,-2.12,-3.67,-5.79,False,False
Ozark,2026-09-03,"Owasso(Owasso, OK)",,3,14,L,,,,,,False,False
Ozark,2026-09-04,"Broken Arrow(Joplin, MO)",,2,10,L,,,,,,False,False
Ozark,2026-09-04,Joplin,,9,1,W,6.85,3.59,2.15,2.59,4.73,False,False
Ozark,2026-09-04,Lee's Summit North,,8,6,W,4.37,4.87,3.63,-1.13,2.5,False,False
Ozark,2026-09-05,"Owasso(Owasso, OK)",,9,0,W,,,,,,False,False
Ozark,2026-09-05,Webb City,,3,7,L,4.05,6.38,-1.05,-0.62,-1.67,False,False
Ozark,2026-09-08,Carthage,,11,1,W,8.11,3.88,2.89,2.88,5.76,False,False
Ozark,2026-09-10,Neosho,,8,4,W,7.11,5.14,0.89,1.14,2.03,False,False
Ozark,2026-09-11,Lee's Summit West,,9,2,W,7.16,6.25,1.84,4.25,6.09,False,False
Ozark,2026-09-11,Truman,,7,6,W,7.54,3.51,-0.54,-2.49,-3.03,False,False
Ozark,2026-09-11,Smithville,,8,1,W,7.65,5.58,0.35,4.58,4.93,False,False
Ozark,2026-09-12,Carthage,,12,1,W,8.11,3.88,3.89,2.88,6.76,False,False
Ozark,2026-09-12,Ft. Zumwalt West,,3,9,L,2.99,7.7,0.01,-1.3,-1.29,False,False
Ozark,2026-09-14,McDonald County,,7,8,L,7.27,5.48,-0.27,-2.52,-2.79,False,False
Ozark,2026-09-15,Joplin,,1,2,L,6.85,3.59,-5.85,1.59,-4.27,False,False
Ozark,2026-09-17,Republic,,8,6,W,7.72,2.95,0.28,-3.05,-2.77,False,False
Ozark,2026-09-18,"Roff Public Schools(Roff, OK)",,1,2,L,,,,,,False,False
Ozark,2026-09-18,"Silo Public Schools(Durant, OK)",,2,6,L,,,,,,False,False
Ozark,2026-09-19,"Pryor Public Schools(Pryor, OK)",,1,5,L,,,,,,False,False
Ozark,2026-09-19,"West Moore Public School(Western Oklahoma City, OK)",,3,8,L,,,,,,False,False
Ozark,2026-09-22,Webb City,,2,7,L,4.05,6.38,-2.05,-0.62,-2.67,False,False
Ozark,2026-09-24,Kickapoo,,9,7,W,7.88,6.11,1.12,-0.89,0.23,False,False
Ozark,2026-09-28,Branson,,5,1,W,8.62,3.21,-3.62,2.21,-1.41,False,False
Ozark,2026-09-29,Waynesville,,8,1,W,14.73,-0.82,-6.73,-1.82,-8.55,False,False
Ozark,2026-09-30,Logan-Rogersville,,11,5,W,6.47,3.49,4.53,-1.51,3.02,False,False
Ozark,2026-10-01,Glendale,,,,,9.54,2.23,,,,False,False
Ozark,2026-10-06,Lebanon,,,,,13.02,2.43,,,,False,False
Ozark,2026-10-07,Marshfield,,,,,4.46,5.03,,,,False,False
Ozark,2026-10-08,Nixa,,,,,8.63,7.13,,,,False,False
"Ozark  (JV)(Ozark, MO)",2026-08-29,Norwood,,6,2,W,,,,,,False,False
"Ozark JV(Ozark , MO)",2026-08-28,Walnut Grove,,12,0,W,,,,,,False,False
Pacific,2026-08-28,Fatima,,1,14,L,1.79,8.28,-0.79,-5.72,-6.51,False,False
Pacific,2026-08-28,Liberty,,4,9,L,1.88,9.59,2.12,0.59,2.7,False,False
Pacific,2026-08-28,Liberty (Wentzville),,4,10,L,5.57,10.48,-1.57,0.48,-1.08,False,False
Pacific,2026-08-28,Webster Groves,,10,7,W,5.91,5.13,4.09,-1.87,2.23,False,False
Pacific,2026-08-29,Chaffee,,12,5,W,1.09,11.4,10.91,6.4,17.31,False,False
Pacific,2026-08-29,Logan-Rogersville,,3,5,L,2.88,7.13,0.12,2.13,2.25,False,False
Pacific,2026-08-31,Affton,,14,4,W,15.4,1.67,-1.4,-2.33,-3.72,False,False
Pacific,2026-09-01,Cuba,,18,0,W,23.18,-0.98,-5.18,-0.98,-6.16,False,False
Pacific,2026-09-08,Union,,4,5,L,9.22,6.92,-5.22,1.92,-3.31,False,False
Pacific,2026-09-10,Owensville,,16,2,W,7.31,6.09,8.69,4.09,12.79,False,False
Pacific,2026-09-12,Francis Howell North,,3,18,L,1.04,9.89,1.96,-8.11,-6.15,False,False
Pacific,2026-09-12,Seckman,,2,1,W,5.21,6.86,-3.21,5.86,2.65,False,False
Pacific,2026-09-15,Sullivan,,0,14,L,4.24,8.04,-4.24,-5.96,-10.2,False,False
Pacific,2026-09-19,Owensville,,6,5,W,7.31,6.09,-1.31,1.09,-0.21,False,False
Pacific,2026-09-19,Vienna,,0,3,L,5.47,4.68,-5.47,1.68,-3.79,False,False
Pacific,2026-09-21,Washington,,6,11,L,1.34,10.16,4.66,-0.84,3.82,False,False
Pacific,2026-09-22,St. James,,8,3,W,11.14,0.15,-3.14,-2.85,-5.99,False,False
Pacific,2026-09-23,Northwest (Cedar Hill),,9,4,W,3.73,7.62,5.27,3.62,8.89,False,False
Pacific,2026-09-24,St. Clair,,12,0,W,12.64,0.22,-0.64,0.22,-0.42,False,False
Pacific,2026-09-28,St. Francis Borgia,,0,11,L,4.43,7.91,-4.43,-3.09,-7.52,False,False
Pacific,2026-09-29,Hermann with New Haven,,14,10,W,14.78,6.44,-0.78,-3.56,-4.34,False,False
Pacific,2026-10-01,Windsor (Imperial),,,,,2.21,7.9,,,,False,False
Pacific,2026-10-05,Linn,,,,,2.48,8.42,,,,False,False
Pacific,2026-10-08,Valley Park,,,,,7.15,7.9,,,,False,False
Pacific,2026-10-12,Rockwood Summit,,,,,5.03,6.74,,,,False,False
Palmyra,2026-08-29,Owensville,,15,11,W,7.73,7.29,7.27,-3.71,3.56,False,False
Palmyra,2026-08-29,Mark Twain,,10,7,W,5.9,6.74,4.1,-0.26,3.84,False,False
Palmyra,2026-08-29,North Shelby,,1,8,L,2.05,6.82,-1.05,-1.18,-2.24,False,False
Palmyra,2026-09-01,Louisiana,,13,2,W,13.29,5.19,-0.29,3.19,2.9,False,False
Palmyra,2026-09-03,Mark Twain,,0,10,L,5.9,6.74,-5.9,-3.26,-9.16,False,False
Palmyra,2026-09-14,Moberly,,7,5,W,5.32,7.8,1.68,2.8,4.48,False,False
Palmyra,2026-09-15,Clark County,,,,,7.18,5.98,,,,False,False
Palmyra,2026-09-17,Bowling Green,,5,7,L,8.52,8.54,-3.52,1.54,-1.98,False,False
Palmyra,2026-09-19,Moberly,,2,8,L,5.32,7.8,-3.32,-0.2,-3.52,False,False
Palmyra,2026-09-19,Community,,8,7,W,6.4,4.88,1.6,-2.12,-0.52,False,False
Palmyra,2026-09-19,Marceline,,0,15,L,1.04,10.58,-1.04,-4.42,-5.46,False,False
Palmyra,2026-09-21,Elsberry,,5,10,L,2.26,9.54,2.74,-0.46,2.28,False,False
Palmyra,2026-09-22,South Shelby,,14,2,W,13.01,2.8,0.99,0.8,1.79,False,False
Palmyra,2026-09-24,Macon,,2,1,W,5.67,7.51,-3.67,6.51,2.85,False,False
Palmyra,2026-09-26,Mexico,,3,8,L,3.56,9.81,-0.56,1.81,1.25,False,False
Palmyra,2026-09-26,Montgomery County,,5,3,W,2.05,7.54,2.95,4.54,7.49,False,False
Palmyra,2026-09-28,Highland,,5,16,L,3.57,11.04,1.43,-4.96,-3.53,False,False
Palmyra,2026-09-29,Kirksville,,2,10,L,4.23,8.41,-2.23,-1.59,-3.83,False,False
Palmyra,2026-10-03,Clark County,,,,,7.18,5.98,,,,False,False
Palmyra,2026-10-05,Canton,,,,,7.85,5.49,,,,False,False
Palmyra,2026-10-06,Monroe City,,,,,6.13,8.69,,,,False,False
Palmyra,2026-10-08,Centralia,,,,,0.06,10.76,,,,False,False
Palmyra,2026-10-12,Hannibal,,,,,6.09,5.95,,,,False,False
"Papillion La Vista South(Papillion, NE)",2026-09-25,Rock Bridge,,3,6,L,,,,,,False,False
"Papillion La Vista South(Papillion, NE)",2026-09-26,Liberty North,,6,5,W,,,,,,False,False
"Papillion La Vista(Papillion, NE)",2026-09-04,Rock Bridge,,11,9,W,,,,,,False,False
"Papillion LaVista(Papillion LaVista, NE)",2026-08-28,Park Hill,,9,3,W,,,,,,False,False
"Papillion- La Vista(Papillion, NE)",2026-08-28,Raymore-Peculiar,,5,1,W,,,,,,False,False
"Papillion-La Vista South(Papillion, NE)",2026-09-04,Staley,,6,5,W,,,,,,False,False
"Papillion-La Vista South(Papillion, NE)",2026-09-25,Liberty,,8,2,W,,,,,,False,False
"Papillion-La Vista(Papillion, NE)",2026-08-29,Blue Springs,,10,3,W,,,,,,False,False
"Papillion-LaVista South(Papillion , NE)",2026-09-05,Blue Springs South,,6,7,L,,,,,,False,False
"Papillion-LaVista South(Papillion, NE)",2026-09-26,Grain Valley,,7,8,L,,,,,,False,False
"Papillion-LaVista(Papillion, NE)",2026-09-03,Blue Springs South,,4,7,L,,,,,,False,False
"Papio South(Papillion, NE)",2026-09-03,Rock Bridge,,11,23,L,,,,,,False,False
Paris,2026-08-27,Highland,,7,12,L,2.13,10.23,4.87,-1.77,3.1,False,False
Paris,2026-09-01,Mark Twain,,1,3,L,4.46,5.93,-3.46,2.93,-0.53,False,False
Paris,2026-09-02,South Shelby,,12,6,W,11.58,1.99,0.42,-4.01,-3.59,False,False
Paris,2026-09-03,Northeast (Cairo),,9,10,L,6.92,5.31,2.08,-4.69,-2.61,False,False
Paris,2026-09-07,Wellsville-Middletown,,15,1,W,18.69,0.4,-3.69,-0.6,-4.29,False,False
Paris,2026-09-08,North Shelby,,3,11,L,0.62,6.01,2.38,-4.99,-2.61,False,False
Paris,2026-09-09,Van-Far,,6,4,W,8.96,5.14,-2.96,1.14,-1.82,False,False
Paris,2026-09-12,Hannibal,,8,5,W,4.65,5.15,3.35,0.15,3.49,False,False
Paris,2026-09-12,New Bloomfield,,4,5,L,6.33,4.98,-2.33,-0.02,-2.35,False,False
Paris,2026-09-14,Bevier,,14,0,W,16.39,-6.68,-2.39,-6.68,-9.07,False,False
Paris,2026-09-15,Salisbury,,2,12,L,2.05,8.12,-0.05,-3.88,-3.93,False,False
Paris,2026-09-19,Knox County,,10,8,W,9.47,3.2,0.53,-4.8,-4.26,False,False
Paris,2026-09-19,Mark Twain,,4,3,W,4.46,5.93,-0.46,2.93,2.47,False,False
Paris,2026-09-19,North Shelby,,0,2,L,0.62,6.01,-0.62,4.01,3.39,False,False
Paris,2026-09-21,Glasgow,,1,11,L,4.92,6.66,-3.92,-4.34,-8.25,False,False
Paris,2026-09-22,Scotland County,,5,3,W,6.77,2.93,-1.77,-0.07,-1.84,False,False
Paris,2026-09-24,Schuyler County,,3,0,W,6.14,4.45,-3.14,4.45,1.31,False,False
Paris,2026-09-26,Community,,4,0,W,4.96,4.07,-0.96,4.07,3.11,False,False
Paris,2026-09-26,Canton,,5,2,W,6.41,4.68,-1.41,2.68,1.27,False,False
Paris,2026-09-26,Salisbury,,0,6,L,2.05,8.12,-2.05,2.12,0.07,False,False
Paris,2026-09-28,Madison,,16,6,W,10.71,0.98,5.29,-5.02,0.27,False,False
Paris,2026-09-29,Fayette,,5,4,W,1.61,4.77,3.39,0.77,4.16,False,False
Paris,2026-09-30,Westran,,,,,11.05,5.57,,,,False,False
Paris,2026-10-01,Westran,,19,2,W,11.05,5.57,7.95,3.57,11.52,False,False
Paris,2026-10-05,Knox County,,,,,9.47,3.2,,,,False,False
Paris,2026-10-06,Canton,,,,,6.41,4.68,,,,False,False
Paris,2026-10-08,Sturgeon,,,,,7.71,2.3,,,,False,False
Paris,2026-10-09,Community,,,,,4.96,4.07,,,,False,False
Park Hill,2026-08-28,"Gretna(Gretna, NE)",,6,9,L,,,,,,False,False
Park Hill,2026-08-28,"Papillion LaVista(Papillion LaVista, NE)",,3,9,L,,,,,,False,False
Park Hill,2026-08-29,"Cherokee Trails(Aurora, CO)",,6,7,L,,,,,,False,False
Park Hill,2026-08-29,"Eaton(Eaton, CO)",,8,5,W,,,,,,False,False
Park Hill,2026-08-31,Liberty North,,2,0,W,3.52,5.48,-1.52,5.48,3.97,False,False
Park Hill,2026-09-01,Blue Springs South,,5,17,L,3.13,8.96,1.87,-8.04,-6.16,False,False
Park Hill,2026-09-08,Central (St. Joseph),,12,0,W,9.76,0.53,2.24,0.53,2.77,False,False
Park Hill,2026-09-09,Park Hill South,,15,3,W,7.36,3.16,7.64,0.16,7.8,False,False
Park Hill,2026-09-11,Lee's Summit,,4,2,W,4.41,2.36,-0.41,0.36,-0.06,False,False
Park Hill,2026-09-11,St. Elizabeth,,4,0,W,5.1,2.78,-1.1,2.78,1.68,False,False
Park Hill,2026-09-12,Capital City,,1,11,L,4.34,2.1,-3.34,-8.9,-12.24,False,False
Park Hill,2026-09-14,Liberty,,2,1,W,4.47,4.41,-2.47,3.41,0.94,False,False
Park Hill,2026-09-15,Oak Park,,6,0,W,10.31,0.13,-4.31,0.13,-4.18,False,False
Park Hill,2026-09-17,North Kansas City,,16,0,W,18.62,-4.08,-2.62,-4.08,-6.71,False,False
Park Hill,2026-09-18,Fort Osage,,2,0,W,2.76,0.81,-0.76,0.81,0.06,False,False
Park Hill,2026-09-18,Harrisburg,,1,11,L,3.95,3.92,-2.95,-7.08,-10.03,False,False
Park Hill,2026-09-19,Boonville,,16,1,W,8.59,-0.28,7.41,-1.28,6.13,False,False
Park Hill,2026-09-19,William Chrisman,,18,3,W,16.17,-1.74,1.83,-4.74,-2.91,False,False
Park Hill,2026-09-21,Lee's Summit North,,2,0,W,3.37,3.34,-1.37,3.34,1.96,False,False
Park Hill,2026-09-22,Platte County,,3,2,W,3.87,7.42,-0.87,5.42,4.55,False,False
Park Hill,2026-09-24,Central (St. Joseph),,10,0,W,9.76,0.53,0.24,0.53,0.77,False,False
Park Hill,2026-09-28,Park Hill South,,11,0,W,7.36,3.16,3.64,3.16,6.8,False,False
Park Hill,2026-10-01,Oak Park,,,,,10.31,0.13,,,,False,False
Park Hill,2026-10-05,North Kansas City,,,,,18.62,-4.08,,,,False,False
Park Hill,2026-10-06,Lee's Summit North,,,,,3.37,3.34,,,,False,False
Park Hill,2026-10-08,Staley,,,,,3.22,2.11,,,,False,False
Park Hill,2026-10-12,Savannah,,,,,5.42,6.34,,,,False,False
Park Hill South,2026-08-31,Staley,,3,14,L,3.65,6.74,-0.65,-7.26,-7.91,False,False
Park Hill South,2026-09-01,Liberty North,,5,6,L,3.95,10.11,1.05,4.11,5.16,False,False
Park Hill South,2026-09-02,Platte County,,6,16,L,4.3,12.05,1.7,-3.95,-2.25,False,False
Park Hill South,2026-09-04,Webb City,,5,8,L,3.49,9.48,1.51,1.48,2.99,False,False
Park Hill South,2026-09-04,Neosho,,7,8,L,6.55,8.23,0.45,0.23,0.69,False,False
Park Hill South,2026-09-04,Raymore-Peculiar,,1,15,L,4.99,12.04,-3.99,-2.96,-6.95,False,False
Park Hill South,2026-09-05,Carthage,,9,8,W,7.55,6.97,1.45,-1.03,0.42,False,False
Park Hill South,2026-09-05,Joplin,,6,4,W,6.29,6.69,-0.29,2.69,2.4,False,False
Park Hill South,2026-09-08,North Kansas City,,15,0,W,19.06,0.55,-4.06,0.55,-3.51,False,False
Park Hill South,2026-09-09,Park Hill,,3,15,L,3.16,7.36,-0.16,-7.64,-7.8,False,False
Park Hill South,2026-09-14,Raymore-Peculiar,,4,9,L,4.99,12.04,-0.99,3.04,2.05,False,False
Park Hill South,2026-09-18,William Chrisman,,15,0,W,16.6,2.89,-1.6,2.89,1.29,False,False
Park Hill South,2026-09-19,Harrisburg,,4,0,W,4.38,8.55,-0.38,8.55,8.17,False,False
Park Hill South,2026-09-19,West Platte,,6,2,W,5.9,6.01,0.1,4.01,4.1,False,False
Park Hill South,2026-09-21,Liberty,,10,15,L,4.9,9.04,5.1,-5.96,-0.86,False,False
Park Hill South,2026-09-22,Oak Park,,11,0,W,10.74,4.76,0.26,4.76,5.01,False,False
Park Hill South,2026-09-24,North Kansas City,,17,0,W,19.06,0.55,-2.06,0.55,-1.51,False,False
Park Hill South,2026-09-28,Park Hill,,0,11,L,3.16,7.36,-3.16,-3.64,-6.8,False,False
Park Hill South,2026-09-29,Fort Osage,,,,,3.19,5.44,,,,False,False
Park Hill South,2026-09-30,Central (St. Joseph),,10,3,W,10.19,5.16,-0.19,2.16,1.97,False,False
Park Hill South,2026-10-02,Joplin,,,,,6.29,6.69,,,,False,False
Park Hill South,2026-10-02,Marshfield,,,,,3.89,8.13,,,,False,False
Park Hill South,2026-10-03,Kickapoo,,,,,7.31,9.21,,,,False,False
Park Hill South,2026-10-03,Bolivar,,,,,7.4,8.17,,,,False,False
Park Hill South,2026-10-05,Lee's Summit North,,,,,3.81,7.97,,,,False,False
Park Hill South,2026-10-06,Liberty,,,,,4.9,9.04,,,,False,False
Park Hill South,2026-10-07,Battle,,,,,9.08,6.22,,,,False,False
Park Hill South,2026-10-08,Oak Park,,,,,10.74,4.76,,,,False,False
Parkview,2026-09-08,Hillcrest,,4,19,L,8.32,15.71,-4.32,-3.29,-7.6,False,False
Parkview,2026-09-10,Fair Play,,20,5,W,14.62,4.99,5.38,-0.01,5.37,False,False
Parkview,2026-09-11,Climax Springs,,,,,12.05,10.7,,,,False,False
Parkview,2026-09-14,Wheatland,,0,14,L,-0.57,15.79,0.57,1.79,2.36,False,False
Parkview,2026-09-21,Glendale,,1,21,L,-3.66,19.37,4.66,-1.63,3.03,False,False
Parkview,2026-09-22,Dadeville with Everton,,0,19,L,-4.51,17.75,4.51,-1.25,3.26,False,False
Parkview,2026-09-23,Bolivar,,4,19,L,-5.23,22.21,9.23,3.21,12.43,False,False
Parkview,2026-09-25,Humansville,,2,12,L,5.94,13.02,-3.94,1.02,-2.91,False,False
Parkview,2026-09-28,Weaubleau,,2,12,L,2.29,14.69,-0.29,2.69,2.4,False,False
Parkview,2026-09-30,Climax Springs,,,,,12.05,10.7,,,,False,False
Parkview,2026-10-01,Laquey,,,,,11.05,7.9,,,,False,False
Parkview,2026-10-05,Walnut Grove,,,,,10.3,13.16,,,,False,False
Parkview,2026-10-06,Central (Springfield),,,,,,,,,,False,False
Parkview,2026-10-07,Branson,,,,,-4.57,20.34,,,,False,False
Parkview,2026-10-12,Hermitage,,,,,3.99,12.71,,,,False,False
Parkview,2026-10-13,Nevada,,,,,9.55,12.23,,,,False,False
Parkway Central,2026-08-27,Ft. Zumwalt East,,15,5,W,10.67,0.56,4.33,-4.44,-0.1,False,False
Parkway Central,2026-08-28,Ft. Zumwalt North,,15,4,W,12.54,3.84,2.46,-0.16,2.3,False,False
Parkway Central,2026-08-28,Lafayette (Wildwood),,13,9,W,5.46,6.21,7.54,-2.79,4.74,False,False
Parkway Central,2026-08-29,Francis Howell,,1,5,L,2.44,5.99,-1.44,0.99,-0.45,False,False
Parkway Central,2026-08-29,Jackson,,10,3,W,6.35,4.82,3.65,1.82,5.47,False,False
Parkway Central,2026-08-29,Marquette,,3,2,W,5.34,5.05,-2.34,3.05,0.71,False,False
Parkway Central,2026-08-31,Hillsboro,,2,3,L,8.11,3.89,-6.11,0.89,-5.22,False,False
Parkway Central,2026-08-31,Cor Jesu Academy,,6,2,W,6.36,6.92,-0.36,4.92,4.56,False,False
Parkway Central,2026-09-01,Francis Howell North,,2,12,L,5.28,6.42,-3.28,-5.58,-8.86,False,False
Parkway Central,2026-09-01,Kirkwood,,20,2,W,9.84,0.16,10.16,-1.84,8.32,False,False
Parkway Central,2026-09-02,Parkway West,,8,10,L,5.13,5.66,2.87,-4.34,-1.47,False,False
Parkway Central,2026-09-08,Seckman,,8,5,W,9.45,3.39,-1.45,-1.61,-3.06,False,False
Parkway Central,2026-09-09,Northwest (Cedar Hill),,11,1,W,7.97,4.15,3.03,3.15,6.17,False,False
Parkway Central,2026-09-14,Parkway North with Principia,,11,4,W,19.44,-2.84,-8.44,-6.84,-15.28,False,False
Parkway Central,2026-09-17,Windsor (Imperial),,3,2,W,6.45,4.43,-3.45,2.43,-1.02,False,False
Parkway Central,2026-09-23,Webster Groves,,4,2,W,10.15,1.66,-6.15,-0.34,-6.49,False,False
Parkway Central,2026-09-24,Marquette,,3,8,L,5.34,5.05,-2.34,-2.95,-5.29,False,False
Parkway Central,2026-09-25,Lutheran South,,13,2,W,13.11,0.07,-0.11,-1.93,-2.04,False,False
Parkway Central,2026-09-28,Lafayette (Wildwood),,7,1,W,5.46,6.21,1.54,5.21,6.74,False,False
Parkway Central,2026-09-30,Parkway South,,7,4,W,10.76,4.57,-3.76,0.57,-3.19,False,False
Parkway Central,2026-10-01,Oakville,,,,,6.23,1.8,,,,False,False
Parkway Central,2026-10-02,Rolla,,,,,8.06,2.91,,,,False,False
Parkway Central,2026-10-03,Kickapoo,,,,,8.54,6.28,,,,False,False
Parkway Central,2026-10-03,Willard,,,,,4.78,8.5,,,,False,False
Parkway Central,2026-10-06,Parkway West,,,,,5.13,5.66,,,,False,False
Parkway Central,2026-10-07,Rockwood Summit,,,,,9.27,3.28,,,,False,False
Parkway Central,2026-10-08,Fox,,,,,8.38,3.32,,,,False,False
Parkway Central,2026-10-12,Ladue Horton Watkins,,,,,16.43,-2.98,,,,False,False
Parkway Central,2026-10-14,Parkway North with Principia,,,,,19.44,-2.84,,,,False,False
Parkway North with Principia,2026-08-27,North Point,,1,22,L,0.35,15.3,0.65,-6.7,-6.05,False,False
Parkway North with Principia,2026-08-31,Eureka,,1,18,L,-5.04,20.27,6.04,2.27,8.32,False,False
Parkway North with Principia,2026-08-31,Holt,,0,17,L,4.49,16.61,-4.49,-0.39,-4.88,False,False
Parkway North with Principia,2026-09-02,Hillsboro,,0,15,L,-0.82,17.25,0.82,2.25,3.06,False,False
Parkway North with Principia,2026-09-02,Seckman,,5,17,L,0.52,16.74,4.48,-0.26,4.22,False,False
Parkway North with Principia,2026-09-03,STEAM Academy,,16,1,W,20.49,1.88,-4.49,0.88,-3.61,False,False
Parkway North with Principia,2026-09-04,Parkway South,,,,,1.83,17.93,,,,False,False
Parkway North with Principia,2026-09-10,Pattonville,,2,13,L,5.21,13.31,-3.21,0.31,-2.9,False,False
Parkway North with Principia,2026-09-14,Parkway Central,,4,11,L,-2.84,19.44,6.84,8.44,15.28,False,False
Parkway North with Principia,2026-09-15,University City,,16,6,W,13.0,7.94,3.0,1.94,4.94,False,False
Parkway North with Principia,2026-09-17,Mehlville,,1,8,L,6.63,9.76,-5.63,1.76,-3.87,False,False
Parkway North with Principia,2026-09-22,Kirkwood,,0,18,L,0.91,13.51,-0.91,-4.49,-5.4,False,False
Parkway North with Principia,2026-09-23,Valley Park,,0,7,L,2.47,17.78,-2.47,10.78,8.31,False,False
Parkway North with Principia,2026-09-24,Ritenour,,7,13,L,5.29,14.23,1.71,1.23,2.94,False,False
Parkway North with Principia,2026-09-25,Parkway West,,1,19,L,-3.8,19.02,4.8,0.02,4.82,False,False
Parkway North with Principia,2026-09-28,Incarnate Word Academy,,0,7,L,-0.7,16.8,0.7,9.8,10.5,False,False
Parkway North with Principia,2026-09-29,Affton,,13,18,L,10.71,11.56,2.29,-6.44,-4.16,False,False
Parkway North with Principia,2026-09-30,St. Joseph's Academy,,3,13,L,-0.78,15.76,3.78,2.76,6.54,False,False
Parkway North with Principia,2026-10-01,Hazelwood West,,,,,7.78,11.81,,,,False,False
Parkway North with Principia,2026-10-06,Clayton,,,,,10.51,10.17,,,,False,False
Parkway North with Principia,2026-10-07,Lutheran South,,,,,4.18,13.43,,,,False,False
Parkway North with Principia,2026-10-08,Ladue Horton Watkins,,,,,7.5,10.37,,,,False,False
Parkway North with Principia,2026-10-09,Notre Dame (St. Louis),,,,,11.94,11.91,,,,False,False
Parkway North with Principia,2026-10-12,Webster Groves,,,,,1.22,15.02,,,,False,False
Parkway North with Principia,2026-10-14,Parkway Central,,,,,-2.84,19.44,,,,False,False
Parkway South,2026-08-27,Westminster Christian Academy,,10,8,W,3.49,10.59,6.51,2.59,9.1,False,False
Parkway South,2026-08-28,Oakville,,5,4,W,4.71,6.47,0.29,2.47,2.76,False,False
Parkway South,2026-08-28,Cor Jesu Academy,,3,11,L,4.84,11.59,-1.84,0.59,-1.25,False,False
Parkway South,2026-08-31,Kirkwood,,5,7,L,8.32,4.83,-3.32,-2.17,-5.49,False,False
Parkway South,2026-08-31,Westminster Christian Academy,,1,16,L,3.49,10.59,-2.49,-5.41,-7.9,False,False
Parkway South,2026-09-02,Hillsboro,,7,10,L,6.59,8.56,0.41,-1.44,-1.03,False,False
Parkway South,2026-09-02,Seckman,,11,10,W,7.93,8.06,3.07,-1.94,1.13,False,False
Parkway South,2026-09-04,Parkway North with Principia,,,,,17.93,1.83,,,,False,False
Parkway South,2026-09-09,Lindbergh,,0,15,L,4.27,11.14,-4.27,-3.86,-8.13,False,False
Parkway South,2026-09-10,Webster Groves,,8,4,W,8.63,6.33,-0.63,2.33,1.7,False,False
Parkway South,2026-09-14,Rockwood Summit,,13,1,W,7.75,7.94,5.25,6.94,12.19,False,False
Parkway South,2026-09-15,Lafayette (Wildwood),,2,13,L,3.94,10.87,-1.94,-2.13,-4.07,False,False
Parkway South,2026-09-16,Incarnate Word Academy,,7,7,T,6.71,8.12,0.29,1.12,1.41,False,False
Parkway South,2026-09-17,Oakville,,0,8,L,4.71,6.47,-4.71,-1.53,-6.24,False,False
Parkway South,2026-09-25,Marquette,,0,9,L,3.83,9.72,-3.83,0.72,-3.11,False,False
Parkway South,2026-09-26,Jackson,,5,4,W,4.84,9.49,0.16,5.49,5.65,False,False
Parkway South,2026-09-26,Fox,,13,16,L,6.87,7.99,6.13,-8.01,-1.88,False,False
Parkway South,2026-09-29,Eureka,,0,12,L,2.37,11.59,-2.37,-0.41,-2.78,False,False
Parkway South,2026-09-30,Parkway Central,,4,7,L,4.57,10.76,-0.57,3.76,3.19,False,False
Parkway South,2026-10-01,Parkway West,,,,,3.61,10.33,,,,False,False
Parkway South,2026-10-05,DeSoto,,,,,11.28,4.24,,,,False,False
Parkway South,2026-10-06,Northwest (Cedar Hill),,,,,6.46,8.82,,,,False,False
Parkway South,2026-10-08,Seckman,,,,,7.93,8.06,,,,False,False
Parkway South,2026-10-10,Doniphan,,,,,4.16,10.19,,,,False,False
Parkway South,2026-10-12,Cor Jesu Academy,,,,,4.84,11.59,,,,False,False
Parkway West,2026-08-27,Union,,18,2,W,13.04,2.49,4.96,0.49,5.45,False,False
Parkway West,2026-08-28,Northwest (Cedar Hill),,11,6,W,7.55,3.19,3.45,-2.81,0.64,False,False
Parkway West,2026-08-31,Francis Howell North,,4,3,W,4.86,5.46,-0.86,2.46,1.6,False,False
Parkway West,2026-08-31,Seckman,,13,1,W,9.02,2.43,3.98,1.43,5.41,False,False
Parkway West,2026-09-01,Holt,,11,2,W,13.0,2.3,-2.0,0.3,-1.7,False,False
Parkway West,2026-09-01,Cor Jesu Academy,,1,3,L,5.93,5.96,-4.93,2.96,-1.97,False,False
Parkway West,2026-09-02,Parkway Central,,10,8,W,5.66,5.13,4.34,-2.87,1.47,False,False
Parkway West,2026-09-04,Winfield,,0,4,L,4.53,3.11,-4.53,-0.89,-5.43,False,False
Parkway West,2026-09-08,Lafayette (Wildwood),,4,3,W,5.04,5.25,-1.04,2.25,1.21,False,False
Parkway West,2026-09-09,Westminster Christian Academy,,1,4,L,4.58,4.96,-3.58,0.96,-2.62,False,False
Parkway West,2026-09-10,Seckman,,13,0,W,9.02,2.43,3.98,2.43,6.41,False,False
Parkway West,2026-09-11,Francis Howell,,2,3,L,2.02,5.03,-0.02,2.03,2.01,False,False
Parkway West,2026-09-14,Marquette,,2,1,W,4.92,4.09,-2.92,3.09,0.17,False,False
Parkway West,2026-09-15,Jackson,,13,6,W,5.93,3.86,7.07,-2.14,4.93,False,False
Parkway West,2026-09-16,Webster Groves,,12,3,W,9.72,0.7,2.28,-2.3,-0.02,False,False
Parkway West,2026-09-22,Eureka,,4,11,L,3.46,5.96,0.54,-5.04,-4.5,False,False
Parkway West,2026-09-23,Oakville,,0,3,L,5.8,0.84,-5.8,-2.16,-7.96,False,False
Parkway West,2026-09-24,St. Joseph's Academy,,7,1,W,7.72,1.45,-0.72,0.45,-0.28,False,False
Parkway West,2026-09-25,Parkway North with Principia,,19,1,W,19.02,-3.8,-0.02,-4.8,-4.82,False,False
Parkway West,2026-09-28,Lindbergh,,4,3,W,5.36,5.51,-1.36,2.51,1.15,False,False
Parkway West,2026-09-29,Fox,,10,6,W,7.96,2.36,2.04,-3.64,-1.6,False,False
Parkway West,2026-10-01,Parkway South,,,,,10.33,3.61,,,,False,False
Parkway West,2026-10-05,Ft. Zumwalt West,,,,,3.22,6.91,,,,False,False
Parkway West,2026-10-06,Parkway Central,,,,,5.66,5.13,,,,False,False
Parkway West,2026-10-07,St. Francis Borgia,,,,,8.25,3.48,,,,False,False
Parkway West,2026-10-12,Francis Howell North,,,,,4.86,5.46,,,,False,False
"Pattonsburg with North Daviess, Winston",2026-08-29,North Andrew,,7,6,W,5.63,5.95,1.37,-0.05,1.32,False,False
"Pattonsburg with North Daviess, Winston",2026-08-29,North Harrison,,9,5,W,12.23,8.13,-3.23,3.13,-0.1,False,False
"Pattonsburg with North Daviess, Winston",2026-08-29,Stanberry,,9,10,L,5.53,9.22,3.47,-0.78,2.69,False,False
"Pattonsburg with North Daviess, Winston",2026-09-01,North Harrison,,22,17,W,12.23,8.13,9.77,-8.87,0.9,False,False
"Pattonsburg with North Daviess, Winston",2026-09-03,Albany,,8,3,W,4.47,6.49,3.53,3.49,7.01,False,False
"Pattonsburg with North Daviess, Winston",2026-09-08,Princeton,,0,13,L,3.4,10.98,-3.4,-2.02,-5.42,False,False
"Pattonsburg with North Daviess, Winston",2026-09-14,Maysville,,1,7,L,6.82,6.96,-5.82,-0.04,-5.87,False,False
"Pattonsburg with North Daviess, Winston",2026-09-15,King City with Union Star,,,,,4.19,7.6,,,,False,False
"Pattonsburg with North Daviess, Winston",2026-09-22,Stanberry,,3,10,L,5.53,9.22,-2.53,-0.78,-3.31,False,False
"Pattonsburg with North Daviess, Winston",2026-09-24,Polo,,9,1,W,13.12,5.67,-4.12,4.67,0.55,False,False
"Pattonsburg with North Daviess, Winston",2026-09-28,Stewartsville with Osborn,,13,3,W,13.81,2.25,-0.81,-0.75,-1.57,False,False
"Pattonsburg with North Daviess, Winston",2026-09-29,"Mercer with Cainsville, Ridgeway",,12,1,W,12.37,3.81,-0.37,2.81,2.44,False,False
"Pattonsburg with North Daviess, Winston",2026-09-30,Worth County,,,,,4.62,6.73,,,,False,False
"Pattonsburg with North Daviess, Winston",2026-10-01,Gilman City with Tri-County,,,,,9.29,5.55,,,,False,False
"Pattonsburg with North Daviess, Winston",2026-10-05,"Braymer with Breckenridge, Southwest (Livingston County)",,,,,14.07,3.03,,,,False,False
"Pattonsburg with North Daviess, Winston",2026-10-06,Worth County,,,,,4.62,6.73,,,,False,False
"Pattonsburg with North Daviess, Winston",2026-10-07,North Andrew,,,,,5.63,5.95,,,,False,False
"Pattonsburg with North Daviess, Winston",2026-10-08,"Tina-Avalon with Bosworth, Hale",,,,,20.4,-1.31,,,,False,False
"Pattonsburg with North Daviess, Winston",2026-10-08,King City with Union Star,,,,,4.19,7.6,,,,False,False
"Pattonsburg with North Daviess, Winston",2026-10-12,Milan,,,,,16.92,-0.55,,,,False,False
Pattonville,2026-09-01,STEAM Academy,,16,1,W,23.29,-3.42,-7.29,-4.42,-11.71,False,False
Pattonville,2026-09-03,McCluer North,,17,0,W,17.87,2.86,-0.87,2.86,1.99,False,False
Pattonville,2026-09-08,Notre Dame (St. Louis),,18,2,W,14.74,6.61,3.26,4.61,7.87,False,False
Pattonville,2026-09-10,Parkway North with Principia,,13,2,W,13.31,5.21,-0.31,3.21,2.9,False,False
Pattonville,2026-09-15,Hazelwood West,,11,9,W,10.58,6.51,0.42,-2.49,-2.07,False,False
Pattonville,2026-09-17,Clayton,,11,1,W,13.31,4.86,-2.31,3.86,1.56,False,False
Pattonville,2026-09-21,Valley Park,,2,12,L,5.27,12.48,-3.27,0.48,-2.78,False,False
Pattonville,2026-09-22,Ladue Horton Watkins,,8,5,W,10.3,5.07,-2.3,0.07,-2.23,False,False
Pattonville,2026-09-24,Affton,,19,6,W,13.51,6.26,5.49,0.26,5.75,False,False
Pattonville,2026-09-28,St. Joseph's Academy,,0,15,L,2.02,10.46,-2.02,-4.54,-6.56,False,False
Pattonville,2026-09-29,University City,,21,11,W,15.79,2.64,5.21,-8.36,-3.16,False,False
Pattonville,2026-10-01,Mehlville,,,,,9.42,4.46,,,,False,False
Pattonville,2026-10-02,Ursuline Academy,,,,,11.28,5.42,,,,False,False
Pattonville,2026-10-05,Holt,,,,,7.29,11.31,,,,False,False
Pattonville,2026-10-06,Kirkwood,,,,,3.71,8.21,,,,False,False
Pattonville,2026-10-08,Ritenour,,,,,8.08,8.93,,,,False,False
Pattonville,2026-10-12,St. Charles West with St. Charles,,,,,4.15,10.13,,,,False,False
Penney,2026-08-31,Marceline,,0,2,L,-0.18,11.31,0.18,9.31,9.49,False,False
Penney,2026-09-03,Lafayette County,,3,2,W,2.68,6.59,0.32,4.59,4.91,False,False
Penney,2026-09-07,Brookfield,,4,9,L,3.96,8.1,0.04,-0.9,-0.86,False,False
Penney,2026-09-08,Chillicothe,,0,15,L,-3.11,12.12,3.11,-2.88,0.23,False,False
Penney,2026-09-10,East Buchanan,,15,0,W,12.37,3.16,2.63,3.16,5.79,False,False
Penney,2026-09-12,Carrollton,,16,6,W,10.62,9.07,5.38,3.07,8.45,False,False
Penney,2026-09-12,Lathrop,,3,18,L,4.03,12.43,-1.03,-5.57,-6.6,False,False
Penney,2026-09-12,Stewartsville with Osborn,,13,2,W,12.14,2.46,0.86,0.46,1.32,False,False
Penney,2026-09-14,Trenton,,,,,4.93,5.66,,,,False,False
Penney,2026-09-17,North Platte,,5,12,L,5.99,9.02,-0.99,-2.98,-3.97,False,False
Penney,2026-09-21,North Harrison,,5,9,L,10.56,8.34,-5.56,-0.66,-6.21,False,False
Penney,2026-09-24,Lawson,,4,15,L,5.88,9.65,-1.88,-5.35,-7.23,False,False
Penney,2026-09-29,Plattsburg,,,,,19.18,-1.82,,,,False,False
Penney,2026-10-01,West Platte,,,,,2.08,8.47,,,,False,False
Penney,2026-10-05,West Platte,,,,,2.08,8.47,,,,False,False
Penney,2026-10-06,Mid-Buchanan,,,,,2.54,10.43,,,,False,False
Penney,2026-10-08,Lathrop,,,,,4.03,12.43,,,,False,False
Penney,2026-10-12,Cameron,,,,,3.63,9.26,,,,False,False
"Perry(Perry, OK)",2026-08-28,Kickapoo,,3,1,W,,,,,,False,False
"Perry(Perry, OK)",2026-08-29,Nixa,,2,10,L,,,,,,False,False
Perryville,2026-08-29,DeSoto,,9,5,W,6.94,6.96,2.06,1.96,4.03,False,False
Perryville,2026-08-29,Doniphan,,0,15,L,-0.18,12.91,0.18,-2.09,-1.91,False,False
Perryville,2026-08-29,Fredericktown,,4,8,L,4.69,8.05,-0.69,0.05,-0.65,False,False
Perryville,2026-09-01,East Carter,,9,1,W,7.77,6.1,1.23,5.1,6.33,False,False
Perryville,2026-09-03,Windsor (Imperial),,2,10,L,0.59,11.83,1.41,1.83,3.24,False,False
Perryville,2026-09-08,Sikeston,,15,2,W,13.95,4.72,1.05,2.72,3.77,False,False
Perryville,2026-09-12,Central (Cape Girardeau),,13,3,W,11.87,7.32,1.13,4.32,5.45,False,False
Perryville,2026-09-14,Kelly,,0,4,L,1.16,9.94,-1.16,5.94,4.77,False,False
Perryville,2026-09-15,Herculaneum with Crystal City,,,,,15.51,3.48,,,,False,False
Perryville,2026-09-17,Jefferson (Festus),,6,16,L,6.83,7.94,-0.83,-8.06,-8.89,False,False
Perryville,2026-09-21,Fredericktown,,5,9,L,4.69,8.05,0.31,-0.95,-0.65,False,False
Perryville,2026-09-22,North County,,2,24,L,2.37,10.76,-0.37,-13.24,-13.61,False,False
Perryville,2026-09-24,Hancock,,6,7,L,10.19,5.4,-4.19,-1.6,-5.8,False,False
Perryville,2026-09-24,Cuba,,14,0,W,21.57,2.95,-7.57,2.95,-4.62,False,False
Perryville,2026-09-28,Festus,,1,22,L,-0.53,11.92,1.53,-10.08,-8.55,False,False
Perryville,2026-09-29,Saxony Lutheran with St. Vincent,,6,2,W,4.73,8.67,1.27,6.67,7.94,False,False
Perryville,2026-10-01,DeSoto,,,,,6.94,6.96,,,,False,False
Perryville,2026-10-05,Herculaneum with Crystal City,,,,,15.51,3.48,,,,False,False
Perryville,2026-10-07,Hillsboro,,,,,2.25,11.29,,,,False,False
Perryville,2026-10-08,Farmington,,,,,4.67,11.14,,,,False,False
Perryville,2026-10-10,Mark Twain,,,,,3.87,9.47,,,,False,False
"Piedmont(Piedmont, OK)",2026-09-19,Blue Springs South,,9,2,W,,,,,,False,False
Pilot Grove,2026-09-01,St. Elizabeth,,2,20,L,-1.15,15.91,3.15,-4.09,-0.94,False,False
Pilot Grove,2026-09-02,Tuscumbia,,5,17,L,8.42,10.18,-3.42,-6.82,-10.23,False,False
Pilot Grove,2026-09-08,Community,,1,17,L,2.32,11.65,-1.32,-5.35,-6.67,False,False
Pilot Grove,2026-09-10,Glasgow,,2,12,L,2.27,14.24,-0.27,2.24,1.96,False,False
Pilot Grove,2026-09-14,Jamestown,,6,24,L,6.04,12.65,-0.04,-11.35,-11.39,False,False
Pilot Grove,2026-09-15,Sturgeon,,9,7,W,5.07,9.88,3.93,2.88,6.81,False,False
Pilot Grove,2026-09-19,Fulton,,10,12,L,9.62,12.02,0.38,0.02,0.41,False,False
Pilot Grove,2026-09-19,Battle,,5,15,L,2.39,14.72,2.61,-0.28,2.32,False,False
Pilot Grove,2026-09-19,Slater with Malta Bend,,0,10,L,3.2,10.58,-3.2,0.58,-2.61,False,False
Pilot Grove,2026-09-21,Wellsville-Middletown,,15,0,W,16.05,7.97,-1.05,7.97,6.93,False,False
Pilot Grove,2026-09-22,Higbee,,5,4,W,8.15,8.0,-3.15,4.0,0.85,False,False
Pilot Grove,2026-09-25,Northeast (Cairo),,2,12,L,4.28,12.88,-2.28,0.88,-1.39,False,False
Pilot Grove,2026-09-29,Madison,,14,3,W,8.06,8.55,5.94,5.55,11.48,False,False
Pilot Grove,2026-10-01,New Franklin,,,,,6.26,10.79,,,,False,False
Pilot Grove,2026-10-05,Fayette,,,,,-1.04,12.34,,,,False,False
Pilot Grove,2026-10-08,Russellville,,,,,2.11,14.72,,,,False,False
Pilot Grove,2026-10-12,Slater with Malta Bend,,,,,3.2,10.58,,,,False,False
Platte County,2026-08-28,Chillicothe,,4,2,W,4.97,6.16,-0.97,4.16,3.19,False,False
Platte County,2026-08-28,Harrisonville,,19,0,W,17.25,-0.33,1.75,-0.33,1.42,False,False
Platte County,2026-08-29,Lee's Summit,,9,8,W,9.1,3.49,-0.1,-4.51,-4.61,False,False
Platte County,2026-08-29,Grain Valley,,0,10,L,4.84,7.12,-4.84,-2.88,-7.72,False,False
Platte County,2026-08-29,Pleasant Hill,,8,4,W,8.07,4.67,-0.07,0.67,0.6,False,False
Platte County,2026-08-31,Kearney,,19,1,W,9.7,3.95,9.3,2.95,12.25,False,False
Platte County,2026-09-01,Liberty,,13,3,W,9.16,5.55,3.84,2.55,6.39,False,False
Platte County,2026-09-02,Park Hill South,,16,6,W,12.05,4.3,3.95,-1.7,2.25,False,False
Platte County,2026-09-08,William Chrisman,,20,0,W,20.85,-0.61,-0.85,-0.61,-1.46,False,False
Platte County,2026-09-09,Savannah,,14,3,W,10.11,7.48,3.89,4.48,8.37,False,False
Platte County,2026-09-10,Truman,,14,4,W,11.23,3.11,2.77,-0.89,1.88,False,False
Platte County,2026-09-14,Grain Valley,,4,5,L,4.84,7.12,-0.84,2.12,1.28,False,False
Platte County,2026-09-15,Fort Osage,,2,5,L,7.45,1.95,-5.45,-3.05,-8.49,False,False
Platte County,2026-09-17,Belton,,14,15,L,9.15,6.13,4.85,-8.87,-4.02,False,False
Platte County,2026-09-18,"Blair(Blair, NE)",,11,7,W,,,,,,False,False
Platte County,2026-09-18,"Lincoln North Star(Lincoln, NE)",,13,4,W,,,,,,False,False
Platte County,2026-09-19,"Gretna East(Gretna, NE)",,0,7,L,,,,,,False,False
Platte County,2026-09-22,Park Hill,,2,3,L,7.42,3.87,-5.42,0.87,-4.55,False,False
Platte County,2026-09-24,William Chrisman,,17,0,W,20.85,-0.61,-3.85,-0.61,-4.46,False,False
Platte County,2026-09-26,Chillicothe,,0,5,L,4.97,6.16,-4.97,1.16,-3.81,False,False
Platte County,2026-09-26,Smith-Cotton,,11,2,W,12.11,0.49,-1.11,-1.51,-2.62,False,False
Platte County,2026-09-28,Truman,,9,0,W,11.23,3.11,-2.23,3.11,0.88,False,False
Platte County,2026-09-30,Grain Valley,,,,,4.84,7.12,,,,False,False
Platte County,2026-10-05,Belton,,,,,9.15,6.13,,,,False,False
Platte County,2026-10-07,Raytown,,,,,16.21,-2.65,,,,False,False
Platte County,2026-10-08,Smithville,,,,,11.34,5.18,,,,False,False
Platte County,2026-10-12,Liberty North,,,,,8.2,6.62,,,,False,False
Plattsburg,2026-08-29,Maryville,,5,15,L,8.24,13.07,-3.24,-1.93,-5.17,False,False
Plattsburg,2026-08-29,Bishop LeBlond,,7,27,L,7.74,18.84,-0.74,-8.16,-8.91,False,False
Plattsburg,2026-09-02,Gilman City with Tri-County,,1,19,L,-0.64,18.5,1.64,-0.5,1.14,False,False
Plattsburg,2026-09-03,Lone Jack,,2,17,L,-2.86,19.12,4.86,2.12,6.98,False,False
Plattsburg,2026-09-09,"Tina-Avalon with Bosworth, Hale",,8,10,L,10.46,11.64,-2.46,1.64,-0.82,False,False
Plattsburg,2026-09-10,Lathrop,,0,18,L,-4.24,25.17,4.24,7.17,11.41,False,False
Plattsburg,2026-09-14,South Harrison,,0,19,L,-5.88,23.55,5.88,4.55,10.43,False,False
Plattsburg,2026-09-16,Lexington,,3,18,L,3.72,20.05,-0.72,2.05,1.34,False,False
Plattsburg,2026-09-17,Lawson,,0,15,L,-2.39,22.39,2.39,7.39,9.77,False,False
Plattsburg,2026-09-21,Richmond,,0,21,L,-5.95,20.41,5.95,-0.59,5.35,False,False
Plattsburg,2026-09-22,Northeast Nodaway,,8,18,L,3.0,17.21,5.0,-0.79,4.21,False,False
Plattsburg,2026-09-24,Mid-Buchanan,,0,15,L,-5.72,23.17,5.72,8.17,13.89,False,False
Plattsburg,2026-09-29,Penney,,,,,-1.82,19.18,,,,False,False
Plattsburg,2026-10-01,East Buchanan,,,,,4.11,15.9,,,,False,False
Plattsburg,2026-10-05,Stewartsville with Osborn,,,,,3.88,15.2,,,,False,False
Plattsburg,2026-10-06,North Platte,,,,,-2.27,21.77,,,,False,False
Plattsburg,2026-10-08,West Platte,,,,,-6.18,21.22,,,,False,False
"Plattsmouth(Plattsmouth, NE)",2026-09-05,Maysville,,10,8,W,,,,,,False,False
Pleasant Hill,2026-08-28,Liberty,,9,3,W,5.28,5.06,3.72,2.06,5.79,False,False
Pleasant Hill,2026-08-28,Fort Osage,,3,2,W,3.56,1.47,-0.56,-0.53,-1.1,False,False
Pleasant Hill,2026-08-29,Centralia,,0,3,L,3.04,5.05,-3.04,2.05,-0.99,False,False
Pleasant Hill,2026-08-29,Lee's Summit North,,8,4,W,4.18,3.99,3.82,-0.01,3.81,False,False
Pleasant Hill,2026-08-29,Platte County,,4,8,L,4.67,8.07,-0.67,0.07,-0.6,False,False
Pleasant Hill,2026-09-02,Excelsior Springs,,6,1,W,7.63,1.96,-1.63,0.96,-0.67,False,False
Pleasant Hill,2026-09-03,Holden,,14,4,W,9.76,1.31,4.24,-2.69,1.55,False,False
Pleasant Hill,2026-09-08,Clinton,,16,0,W,15.35,-2.5,0.65,-2.5,-1.85,False,False
Pleasant Hill,2026-09-09,Truman,,,,,7.35,2.63,,,,False,False
Pleasant Hill,2026-09-12,Chillicothe,,0,1,L,1.09,5.67,-1.09,4.67,3.59,False,False
Pleasant Hill,2026-09-12,Holden,,4,11,L,9.76,1.31,-5.76,-9.69,-15.45,False,False
Pleasant Hill,2026-09-12,Lawson,,7,4,W,10.07,3.2,-3.07,-0.8,-3.87,False,False
Pleasant Hill,2026-09-14,Sherwood,,15,0,W,16.57,-4.39,-1.57,-4.39,-5.96,False,False
Pleasant Hill,2026-09-15,Harrisonville,,10,1,W,13.37,-0.82,-3.37,-1.82,-5.19,False,False
Pleasant Hill,2026-09-16,Lone Jack,,13,1,W,9.6,-0.07,3.4,-1.07,2.33,False,False
Pleasant Hill,2026-09-17,Oak Grove,,3,2,W,4.1,3.71,-1.1,1.71,0.61,False,False
Pleasant Hill,2026-09-22,Warrensburg,,10,3,W,8.62,2.75,1.38,-0.25,1.14,False,False
Pleasant Hill,2026-09-23,Benton,,6,1,W,7.46,2.87,-1.46,1.87,0.41,False,False
Pleasant Hill,2026-09-24,Odessa,,13,3,W,9.37,2.56,3.63,-0.44,3.19,False,False
Pleasant Hill,2026-09-29,Clinton,,15,0,W,15.35,-2.5,-0.35,-2.5,-2.85,False,False
Pleasant Hill,2026-09-30,Harrisonville,,,,,13.37,-0.82,,,,False,False
Pleasant Hill,2026-10-01,Harrisonville,,,,,13.37,-0.82,,,,False,False
Pleasant Hill,2026-10-06,Oak Grove,,,,,4.1,3.71,,,,False,False
Pleasant Hill,2026-10-08,Warrensburg,,,,,8.62,2.75,,,,False,False
Pleasant Hill,2026-10-13,Odessa,,,,,9.37,2.56,,,,False,False
Polo,2026-08-29,Maryville,,21,2,W,15.95,5.33,5.05,3.33,8.38,False,False
Polo,2026-08-29,Bishop LeBlond,,19,16,W,15.46,11.1,3.54,-4.9,-1.35,False,False
Polo,2026-09-01,Maysville,,8,15,L,4.6,12.18,3.4,-2.82,0.58,False,False
Polo,2026-09-02,Stewartsville with Osborn,,11,5,W,11.59,7.47,-0.59,2.47,1.88,False,False
Polo,2026-09-08,Grundy County with Newtown-Harris,,14,4,W,16.47,5.16,-2.47,1.16,-1.31,False,False
Polo,2026-09-12,Lathrop,,0,18,L,3.48,17.44,-3.48,-0.56,-4.04,False,False
Polo,2026-09-12,Stewartsville with Osborn,,11,6,W,11.59,7.47,-0.59,1.47,0.88,False,False
Polo,2026-09-12,Slater with Malta Bend,,6,14,L,5.51,9.56,0.49,-4.44,-3.95,False,False
Polo,2026-09-17,Lone Jack,,1,9,L,4.85,11.39,-3.85,2.39,-1.47,False,False
Polo,2026-09-21,East Buchanan,,13,8,W,11.82,8.17,1.18,0.17,1.35,False,False
Polo,2026-09-24,"Pattonsburg with North Daviess, Winston",,1,9,L,5.67,13.12,-4.67,4.12,-0.55,False,False
Polo,2026-09-30,"Mercer with Cainsville, Ridgeway",,,,,10.15,9.04,,,,False,False
Polo,2026-10-05,Norborne with Hardin-Central,,,,,20.72,7.73,,,,False,False
Polo,2026-10-06,"Braymer with Breckenridge, Southwest (Livingston County)",,,,,11.85,8.26,,,,False,False
Polo,2026-10-08,Gilman City with Tri-County,,,,,7.07,10.77,,,,False,False
Poplar Bluff,2026-09-02,North County,,5,7,L,6.12,9.33,-1.12,2.33,1.21,False,False
Poplar Bluff,2026-09-08,East Carter,,22,8,W,11.52,4.67,10.48,-3.33,7.14,False,False
Poplar Bluff,2026-09-10,Van Buren,,,,,,,,,,False,False
Poplar Bluff,2026-09-14,Saxony Lutheran with St. Vincent,,10,0,W,8.49,7.24,1.51,7.24,8.75,False,False
Poplar Bluff,2026-09-18,"Roff(Roff, OK)",,1,9,L,,,,,,False,False
Poplar Bluff,2026-09-18,"Washington(Washington, OK)",,1,10,L,,,,,,False,False
Poplar Bluff,2026-09-19,"Bixby(Bixby, OK)",,1,14,L,,,,,,False,False
Poplar Bluff,2026-09-19,"Silo(Silo, OK)",,0,12,L,,,,,,False,False
Poplar Bluff,2026-09-21,Farmington,,7,12,L,8.42,9.7,-1.42,-2.3,-3.72,False,False
Poplar Bluff,2026-09-22,Jackson,,1,14,L,4.25,10.78,-3.25,-3.22,-6.47,False,False
Poplar Bluff,2026-09-23,Sikeston,,19,4,W,17.7,3.28,1.3,-0.72,0.58,False,False
Poplar Bluff,2026-09-28,Kelly,,0,11,L,4.92,8.5,-4.92,-2.5,-7.41,False,False
Poplar Bluff,2026-10-01,Central (Cape Girardeau),,,,,15.62,5.89,,,,False,False
Poplar Bluff,2026-10-05,West Plains,,,,,11.33,6.68,,,,False,False
Poplar Bluff,2026-10-06,Notre Dame (Cape Girardeau),,,,,5.84,10.44,,,,False,False
Poplar Bluff,2026-10-08,Chaffee,,,,,3.23,13.89,,,,False,False
Poplar Bluff,2026-10-09,Northwest (Cedar Hill),,,,,5.87,10.11,,,,False,False
Princeton,2026-08-27,Novinger,,15,0,W,19.05,-6.56,-4.05,-6.56,-10.61,False,False
Princeton,2026-08-29,Brookfield,,8,1,W,8.72,3.39,-0.72,2.39,1.67,False,False
Princeton,2026-08-29,Clark County,,9,3,W,10.72,2.0,-1.72,-1.0,-2.72,False,False
Princeton,2026-08-29,Gallatin,,13,1,W,9.81,0.99,3.19,-0.01,3.18,False,False
Princeton,2026-08-29,Milan,,24,1,W,20.01,-5.05,3.99,-6.05,-2.06,False,False
Princeton,2026-08-31,Brookfield,,6,4,W,8.72,3.39,-2.72,-0.61,-3.33,False,False
Princeton,2026-09-01,King City with Union Star,,6,3,W,7.28,3.1,-1.28,0.1,-1.18,False,False
Princeton,2026-09-02,Schuyler County,,13,2,W,11.11,1.28,1.89,-0.72,1.17,False,False
Princeton,2026-09-03,Worth County,,14,2,W,7.7,2.23,6.3,0.23,6.53,False,False
Princeton,2026-09-08,"Pattonsburg with North Daviess, Winston",,13,0,W,10.98,3.4,2.02,3.4,5.42,False,False
Princeton,2026-09-10,Stanberry,,3,2,W,8.61,4.72,-5.61,2.72,-2.89,False,False
Princeton,2026-09-12,Meadville,,16,0,W,29.2,-3.7,-13.2,-3.7,-16.9,False,False
Princeton,2026-09-12,"Tina-Avalon with Bosworth, Hale",,12,0,W,23.48,-5.81,-11.48,-5.81,-17.29,False,False
Princeton,2026-09-12,Salisbury,,5,0,W,7.03,4.95,-2.03,4.95,2.92,False,False
Princeton,2026-09-14,"Mercer with Cainsville, Ridgeway",,18,0,W,15.46,-0.68,2.54,-0.68,1.86,False,False
Princeton,2026-09-21,Gilman City with Tri-County,,16,1,W,12.38,1.05,3.62,0.05,3.67,False,False
Princeton,2026-09-22,North Andrew,,13,9,W,8.72,1.46,4.28,-7.54,-3.26,False,False
Princeton,2026-09-23,Gilman City with Tri-County,,16,1,W,12.38,1.05,3.62,0.05,3.67,False,False
Princeton,2026-09-24,"Braymer with Breckenridge, Southwest (Livingston County)",,15,0,W,17.16,-1.46,-2.16,-1.46,-3.62,False,False
Princeton,2026-09-28,Chillicothe,,0,10,L,1.65,7.41,-1.65,-2.59,-4.24,False,False
Princeton,2026-10-01,Milan,,,,,20.01,-5.05,,,,False,False
Princeton,2026-10-01,Albany,,,,,7.56,1.99,,,,False,False
Princeton,2026-10-05,Kirksville,,,,,7.77,4.43,,,,False,False
Princeton,2026-10-06,Grundy County with Newtown-Harris,,,,,21.77,-4.56,,,,False,False
Princeton,2026-10-08,Gallatin,,,,,9.81,0.99,,,,False,False
Princeton,2026-10-09,Albany,,,,,7.56,1.99,,,,False,False
Princeton,2026-10-12,North Harrison,,,,,15.31,3.63,,,,False,False
Princeton,2026-10-12,Maysville,,,,,9.91,2.46,,,,False,False
"Pryor Public Schools(Pryor, OK)",2026-09-19,Ozark,,5,1,W,,,,,,False,False
"Pryor(Pryor, OK)",2026-09-18,Cassville,,12,1,W,,,,,,False,False
"Pryor(Pryor, OK)",2026-09-19,Willard,,4,4,T,,,,,,False,False
Putnam County,2026-08-29,Schuyler County,,3,4,L,4.84,2.84,-1.84,-1.16,-3.0,False,False
Putnam County,2026-08-29,Brookfield,,3,5,L,2.44,4.95,0.56,-0.05,0.51,False,False
Putnam County,2026-08-29,Novinger,,17,4,W,12.78,-5.0,4.22,-9.0,-4.77,False,False
Putnam County,2026-08-29,Clark County,,4,5,L,4.44,3.56,-0.44,-1.44,-1.88,False,False
Putnam County,2026-08-31,Knox County,,4,2,W,8.17,1.6,-4.17,-0.4,-4.57,False,False
Putnam County,2026-09-02,"Mercer with Cainsville, Ridgeway",,20,0,W,9.18,0.88,10.82,0.88,11.7,False,False
Putnam County,2026-09-08,Marceline,,0,10,L,-1.7,8.16,1.7,-1.84,-0.14,False,False
Putnam County,2026-09-14,Scotland County,,4,0,W,5.47,1.32,-1.47,1.32,-0.15,False,False
Putnam County,2026-09-15,Brookfield,,0,1,L,2.44,4.95,-2.44,3.95,1.51,False,False
Putnam County,2026-09-19,Moberly,,1,2,L,2.58,5.38,-1.58,3.38,1.8,False,False
Putnam County,2026-09-19,Northeast (Cairo),,8,12,L,5.62,3.7,2.38,-8.3,-5.92,False,False
Putnam County,2026-09-21,Schuyler County,,4,2,W,4.84,2.84,-0.84,0.84,0.0,False,False
Putnam County,2026-09-22,Gallatin,,2,1,W,3.54,2.56,-1.54,1.56,0.02,False,False
Putnam County,2026-09-24,South Harrison,,0,5,L,0.86,7.66,-0.86,2.66,1.79,False,False
Putnam County,2026-09-28,Albany,,3,1,W,1.29,3.56,1.71,2.56,4.27,False,False
Putnam County,2026-09-29,Milan,,15,1,W,13.73,-3.49,1.27,-4.49,-3.22,False,False
Putnam County,2026-10-01,Trenton,,,,,3.41,2.51,,,,False,False
Putnam County,2026-10-03,Canton,,,,,5.12,3.08,,,,False,False
Putnam County,2026-10-05,Highland,,,,,0.83,8.62,,,,False,False
Putnam County,2026-10-06,Gilman City with Tri-County,,,,,6.1,2.61,,,,False,False
Putnam County,2026-10-08,North Harrison,,,,,9.04,5.2,,,,False,False
Putnam County,2026-10-08,Trenton,,,,,3.41,2.51,,,,False,False
Putnam County,2026-10-12,Maysville,,,,,3.63,4.02,,,,False,False
Raymore-Peculiar,2026-08-28,"Chatfield(Littleton, CO)",,11,2,W,,,,,,False,False
Raymore-Peculiar,2026-08-28,"Papillion- La Vista(Papillion, NE)",,1,5,L,,,,,,False,False
Raymore-Peculiar,2026-08-29,"Eaton(Eaton, CO)",,7,0,W,,,,,,False,False
Raymore-Peculiar,2026-08-29,"Stillwater(Stillwater, OK)",,19,22,L,,,,,,False,False
Raymore-Peculiar,2026-09-01,Kearney,,8,7,W,9.69,4.64,-1.69,-2.36,-4.05,False,False
Raymore-Peculiar,2026-09-03,Lee's Summit West,,10,20,L,10.85,6.55,-0.85,-13.45,-14.3,False,False
Raymore-Peculiar,2026-09-04,Park Hill South,,15,1,W,12.04,4.99,2.96,3.99,6.95,False,False
Raymore-Peculiar,2026-09-04,Webb City,,1,1,T,7.74,6.68,-6.74,5.68,-1.06,False,False
Raymore-Peculiar,2026-09-04,Neosho,,14,2,W,10.79,5.43,3.21,3.43,6.64,False,False
Raymore-Peculiar,2026-09-05,Blue Springs,,8,2,W,8.5,3.86,-0.5,1.86,1.37,False,False
Raymore-Peculiar,2026-09-05,"Broken Arrow(Broken Arrow, OK)",,1,10,L,,,,,,False,False
Raymore-Peculiar,2026-09-08,Belton,,6,2,W,9.14,6.82,-3.14,4.82,1.68,False,False
Raymore-Peculiar,2026-09-14,Park Hill South,,9,4,W,12.04,4.99,-3.04,0.99,-2.05,False,False
Raymore-Peculiar,2026-09-15,Blue Springs South,,,,,7.81,10.79,,,,False,False
Raymore-Peculiar,2026-09-17,Blue Springs,,7,4,W,8.5,3.86,-1.5,-0.14,-1.63,False,False
Raymore-Peculiar,2026-09-21,Liberty North,,11,10,W,8.2,7.31,2.8,-2.69,0.12,False,False
Raymore-Peculiar,2026-09-22,Lee's Summit,,4,9,L,9.1,4.19,-5.1,-4.81,-9.91,False,False
Raymore-Peculiar,2026-09-23,Staley,,13,0,W,7.9,3.94,5.1,3.94,9.04,False,False
Raymore-Peculiar,2026-09-24,Lee's Summit West,,19,9,W,10.85,6.55,8.15,-2.45,5.7,False,False
Raymore-Peculiar,2026-09-28,Staley,,9,3,W,7.9,3.94,1.1,0.94,2.04,False,False
Raymore-Peculiar,2026-10-01,Liberty North,,,,,8.2,7.31,,,,False,False
Raymore-Peculiar,2026-10-05,Blue Springs,,,,,8.5,3.86,,,,False,False
Raymore-Peculiar,2026-10-06,Blue Springs South,,,,,7.81,10.79,,,,False,False
Raymore-Peculiar,2026-10-07,Blue Springs South,,,,,7.81,10.79,,,,False,False
Raymore-Peculiar,2026-10-08,Lee's Summit,,,,,9.1,4.19,,,,False,False
Raytown,2026-08-31,Winnetonka,,7,5,W,10.84,4.7,-3.84,-0.3,-4.14,False,False
Raytown,2026-09-01,Ruskin,,24,4,W,19.69,-1.81,4.31,-5.81,-1.5,False,False
Raytown,2026-09-03,Oak Park,,1,7,L,3.79,8.92,-2.79,1.92,-0.87,False,False
Raytown,2026-09-03,William Chrisman,,8,18,L,9.65,7.05,-1.65,-10.95,-12.6,False,False
Raytown,2026-09-08,Fort Osage,,0,11,L,-3.76,9.61,3.76,-1.39,2.37,False,False
Raytown,2026-09-10,Grandview,,8,3,W,8.44,5.11,-0.44,2.11,1.67,False,False
Raytown,2026-09-14,William Chrisman,,8,0,W,9.65,7.05,-1.65,7.05,5.4,False,False
Raytown,2026-09-15,Truman,,4,19,L,0.02,10.77,3.98,-8.23,-4.26,False,False
Raytown,2026-09-22,Belton,,0,21,L,-2.06,13.78,2.06,-7.22,-5.16,False,False
Raytown,2026-09-24,Fort Osage,,1,11,L,-3.76,9.61,4.76,-1.39,3.37,False,False
Raytown,2026-09-28,Raytown South,,15,0,W,15.83,0.98,-0.83,0.98,0.14,False,False
Raytown,2026-09-29,William Chrisman,,11,1,W,9.65,7.05,1.35,6.05,7.4,False,False
Raytown,2026-09-30,North Kansas City,,14,1,W,12.11,4.71,1.89,3.71,5.6,False,False
Raytown,2026-10-01,Truman,,,,,0.02,10.77,,,,False,False
Raytown,2026-10-05,Grain Valley,,,,,-6.37,14.78,,,,False,False
Raytown,2026-10-06,Belton,,,,,-2.06,13.78,,,,False,False
Raytown,2026-10-07,Platte County,,,,,-2.65,16.21,,,,False,False
Raytown South,2026-08-27,Notre Dame de Sion,,3,13,L,4.23,17.53,-1.23,4.53,3.29,False,False
Raytown South,2026-08-31,Oak Park,,0,15,L,-0.23,19.75,0.23,4.75,4.98,False,False
Raytown South,2026-09-01,North Kansas City,,7,24,L,8.08,15.54,-1.08,-8.46,-9.54,False,False
Raytown South,2026-09-03,William Chrisman,,8,18,L,5.62,17.88,2.38,-0.12,2.26,False,False
Raytown South,2026-09-11,Lincoln College Prep,,20,10,W,15.7,10.2,4.3,0.2,4.5,False,False
Raytown South,2026-09-14,Grandview,,0,15,L,4.41,15.94,-4.41,0.94,-3.47,False,False
Raytown South,2026-09-15,Winnetonka,,5,21,L,6.82,15.53,-1.82,-5.47,-7.29,False,False
Raytown South,2026-09-17,Ruskin,,25,4,W,15.67,9.02,9.33,5.02,14.36,False,False
Raytown South,2026-09-18,St. Teresa's Academy,,2,17,L,-0.72,18.0,2.72,1.0,3.73,False,False
Raytown South,2026-09-19,University City,,3,11,L,9.73,12.5,-6.73,1.5,-5.22,False,False
Raytown South,2026-09-21,Smithville,,2,18,L,-3.89,23.67,5.89,5.67,11.56,False,False
Raytown South,2026-09-22,Sherwood,,0,15,L,5.22,14.58,-5.22,-0.42,-5.64,False,False
Raytown South,2026-09-23,Kearney,,0,15,L,-5.53,22.43,5.53,7.43,12.97,False,False
Raytown South,2026-09-28,Raytown,,0,15,L,0.98,15.83,-0.98,0.83,-0.14,False,False
Raytown South,2026-09-29,Grandview,,5,20,L,4.41,15.94,0.59,-4.06,-3.47,False,False
Raytown South,2026-10-01,Smithville,,0,19,L,-3.89,23.67,3.89,4.67,8.56,False,False
Raytown South,2026-10-05,Ruskin,,,,,15.67,9.02,,,,False,False
Raytown South,2026-10-06,Winnetonka,,,,,6.82,15.53,,,,False,False
Raytown South,2026-10-08,Sherwood,,,,,5.22,14.58,,,,False,False
Raytown South,2026-10-12,Lincoln College Prep,,,,,15.7,10.2,,,,False,False
Republic,2026-08-28,Dadeville with Everton,,2,3,L,6.38,3.08,-4.38,0.08,-4.3,False,False
Republic,2026-08-28,Hartville,,8,0,W,9.69,2.84,-1.69,2.84,1.16,False,False
Republic,2026-08-29,Branson,,3,9,L,6.31,5.67,-3.31,-3.33,-6.64,False,False
Republic,2026-08-29,Glendale,,6,5,W,7.23,4.7,-1.23,-0.3,-1.53,False,False
Republic,2026-09-03,Kickapoo,,4,14,L,5.57,8.58,-1.57,-5.42,-6.99,False,False
Republic,2026-09-04,Smith-Cotton,,8,2,W,6.11,3.36,1.89,1.36,3.24,False,False
Republic,2026-09-08,Waynesville,,14,3,W,12.43,1.64,1.57,-1.36,0.22,False,False
Republic,2026-09-10,Nixa,,9,8,W,6.32,9.59,2.68,1.59,4.27,False,False
Republic,2026-09-11,Carthage,,5,3,W,5.81,6.34,-0.81,3.34,2.53,False,False
Republic,2026-09-11,Grain Valley,,0,12,L,-1.16,9.98,1.16,-2.02,-0.86,False,False
Republic,2026-09-11,Kearney,,0,3,L,3.7,6.81,-3.7,3.81,0.11,False,False
Republic,2026-09-12,Lee's Summit West,,5,8,L,4.86,8.71,0.14,0.71,0.86,False,False
Republic,2026-09-12,Truman,,3,4,L,5.23,5.97,-2.23,1.97,-0.26,False,False
Republic,2026-09-15,Lebanon,,19,8,W,10.71,4.89,8.29,-3.11,5.18,False,False
Republic,2026-09-17,Ozark,,6,8,L,2.95,7.72,3.05,-0.28,2.77,False,False
Republic,2026-09-18,"Muldrow(Muldrow, OK)",,7,7,T,,,,,,False,False
Republic,2026-09-18,"Sapulpa(Sapulpa, OK)",,5,8,L,,,,,,False,False
Republic,2026-09-19,"Roff(Roff, OK)",,2,10,L,,,,,,False,False
Republic,2026-09-19,"Washington(Washington, OK)",,0,7,L,,,,,,False,False
Republic,2026-09-24,Willard,,4,5,L,1.81,10.79,2.19,5.79,7.98,False,False
Republic,2026-09-28,Logan-Rogersville,,6,7,L,4.16,5.96,1.84,-1.04,0.8,False,False
Republic,2026-09-29,Carthage,,6,10,L,5.81,6.34,0.19,-3.66,-3.47,False,False
Republic,2026-10-01,Joplin,,,,,4.55,6.05,,,,False,False
Republic,2026-10-02,Bolivar,,,,,5.66,7.54,,,,False,False
Republic,2026-10-02,Battle,,,,,7.34,5.59,,,,False,False
Republic,2026-10-03,Francis Howell,,,,,-0.52,8.28,,,,False,False
Republic,2026-10-03,Liberty,,,,,3.16,8.41,,,,False,False
Republic,2026-10-03,Rolla,,,,,5.1,5.2,,,,False,False
Republic,2026-10-06,Neosho,,,,,4.8,7.6,,,,False,False
Republic,2026-10-08,Webb City,,,,,1.75,8.85,,,,False,False
Republic,2026-10-12,Glendale,,,,,7.23,4.7,,,,False,False
Richland,2026-08-31,Crocker,,4,6,L,5.11,15.64,-1.11,9.64,8.53,False,False
Richland,2026-09-03,Newburg,,9,11,L,8.02,11.31,0.98,0.31,1.29,False,False
Richland,2026-09-07,Waynesville,,3,19,L,5.72,13.54,-2.72,-5.46,-8.19,False,False
Richland,2026-09-08,Cuba,,24,7,W,17.76,9.74,6.24,2.74,8.98,False,False
Richland,2026-09-10,Macks Creek,,5,10,L,7.72,9.4,-2.72,-0.6,-3.32,False,False
Richland,2026-09-11,Tuscumbia,,5,15,L,6.66,12.95,-1.66,-2.05,-3.71,False,False
Richland,2026-09-14,Halfway,,2,14,L,-0.01,15.37,2.01,1.37,3.38,False,False
Richland,2026-09-15,Climax Springs,,17,5,W,16.24,7.92,0.76,2.92,3.68,False,False
Richland,2026-09-18,St. James,,3,13,L,5.72,10.87,-2.72,-2.13,-4.85,False,False
Richland,2026-09-21,Stoutland,,5,21,L,4.37,13.93,0.63,-7.07,-6.44,False,False
Richland,2026-09-22,Dixon,,1,16,L,4.14,17.59,-3.14,1.59,-1.56,False,False
Richland,2026-09-24,Laquey,,17,2,W,15.24,5.12,1.76,3.12,4.89,False,False
Richland,2026-09-26,Humansville,,15,7,W,10.12,10.25,4.88,3.25,8.12,False,False
Richland,2026-09-26,Crocker,,2,20,L,5.11,15.64,-3.11,-4.36,-7.47,False,False
Richland,2026-09-28,Crocker,,3,18,L,5.11,15.64,-2.11,-2.36,-4.47,False,False
Richland,2026-10-01,Vienna,,,,,0.05,15.4,,,,False,False
Richland,2026-10-05,Osage,,,,,-0.95,17.73,,,,False,False
Richland,2026-10-06,Iberia,,,,,-1.22,17.45,,,,False,False
Richland,2026-10-08,Newburg,,,,,8.02,11.31,,,,False,False
Richland,2026-10-09,Hermitage,,,,,8.18,9.94,,,,False,False
Richland,2026-10-12,Wheatland,,,,,3.62,13.01,,,,False,False
Richmond,2026-08-29,"Braymer with Breckenridge, Southwest (Livingston County)",,16,0,W,13.62,-0.87,2.38,-0.87,1.5,False,False
Richmond,2026-08-29,Lafayette County,,4,2,W,3.9,2.47,0.1,0.47,0.56,False,False
Richmond,2026-08-29,Lathrop,,6,4,W,5.25,8.31,0.75,4.31,5.06,False,False
Richmond,2026-09-01,Lawson,,6,5,W,7.1,5.52,-1.1,0.52,-0.58,False,False
Richmond,2026-09-03,Warrensburg,,7,3,W,5.65,5.08,1.35,2.08,3.43,False,False
Richmond,2026-09-07,Lexington,,16,6,W,13.21,3.19,2.79,-2.81,-0.02,False,False
Richmond,2026-09-12,Lincoln College Prep,,18,6,W,24.08,-6.45,-6.08,-12.45,-18.53,False,False
Richmond,2026-09-12,West Platte,,5,4,W,3.31,4.35,1.69,0.35,2.04,False,False
Richmond,2026-09-12,Trenton,,6,1,W,6.15,1.54,-0.15,0.54,0.38,False,False
Richmond,2026-09-14,"Braymer with Breckenridge, Southwest (Livingston County)",,23,0,W,13.62,-0.87,9.38,-0.87,8.5,False,False
Richmond,2026-09-15,Carrollton,,20,2,W,11.84,4.95,8.16,2.95,11.1,False,False
Richmond,2026-09-17,Holden,,2,6,L,6.79,3.63,-4.79,-2.37,-7.16,False,False
Richmond,2026-09-19,Clinton,,17,2,W,12.38,-0.17,4.62,-2.17,2.44,False,False
Richmond,2026-09-19,Harrisonville,,8,7,W,10.4,1.5,-2.4,-5.5,-7.9,False,False
Richmond,2026-09-21,Plattsburg,,21,0,W,20.41,-5.95,0.59,-5.95,-5.35,False,False
Richmond,2026-09-22,Knob Noster,,16,0,W,12.67,-2.1,3.33,-2.1,1.23,False,False
Richmond,2026-09-23,Lafayette County,,2,8,L,3.9,2.47,-1.9,-5.53,-7.44,False,False
Richmond,2026-09-24,Lexington,,8,0,W,13.21,3.19,-5.21,3.19,-2.02,False,False
Richmond,2026-09-28,Excelsior Springs,,3,1,W,4.66,4.28,-1.66,3.28,1.62,False,False
Richmond,2026-09-29,Lafayette County,,0,1,L,3.9,2.47,-3.9,1.47,-2.44,False,False
Richmond,2026-10-01,Carrollton,,,,,11.84,4.95,,,,False,False
Richmond,2026-10-05,Cameron,,,,,4.85,5.14,,,,False,False
Richmond,2026-10-06,Holden,,,,,6.79,3.63,,,,False,False
Richmond,2026-10-08,Knob Noster,,,,,12.67,-2.1,,,,False,False
Richmond,2026-10-12,Benton,,,,,4.49,5.2,,,,False,False
Ritenour,2026-09-02,Incarnate Word Academy,,9,10,L,3.01,11.57,5.99,1.57,7.56,False,False
Ritenour,2026-09-03,Lutheran St. Charles with Veritas Christian Academy,,12,11,W,10.91,9.95,1.09,-1.05,0.04,False,False
Ritenour,2026-09-10,University City,,15,0,W,16.71,2.71,-1.71,2.71,1.0,False,False
Ritenour,2026-09-12,DeSoto,,11,7,W,7.58,7.69,3.42,0.69,4.11,False,False
Ritenour,2026-09-12,Webster Groves,,3,10,L,4.94,9.79,-1.94,-0.21,-2.15,False,False
Ritenour,2026-09-14,St. Joseph's Academy,,0,17,L,2.93,10.53,-2.93,-6.47,-9.4,False,False
Ritenour,2026-09-17,Kirkwood,,3,6,L,4.63,8.29,-1.63,2.29,0.66,False,False
Ritenour,2026-09-18,Holt,,6,13,L,8.21,11.39,-2.21,-1.61,-3.82,False,False
Ritenour,2026-09-21,Francis Howell North,,8,9,L,0.07,14.54,7.93,5.54,13.48,False,False
Ritenour,2026-09-22,Affton,,6,5,W,14.43,6.33,-8.43,1.33,-7.1,False,False
Ritenour,2026-09-24,Parkway North with Principia,,13,7,W,14.23,5.29,-1.23,-1.71,-2.94,False,False
Ritenour,2026-09-28,St. Charles West with St. Charles,,10,8,W,5.07,10.2,4.93,2.2,7.13,False,False
Ritenour,2026-09-29,Hazelwood West,,10,8,W,11.5,6.58,-1.5,-1.42,-2.91,False,False
Ritenour,2026-10-01,Clayton,,,,,14.22,4.94,,,,False,False
Ritenour,2026-10-06,Ladue Horton Watkins,,,,,11.21,5.14,,,,False,False
Ritenour,2026-10-07,St. Dominic,,,,,1.68,9.85,,,,False,False
Ritenour,2026-10-08,Pattonville,,,,,8.93,8.08,,,,False,False
Ritenour,2026-10-09,Mehlville,,,,,10.34,4.53,,,,False,False
Riverview Gardens,2026-09-21,Bayless,,1,18,L,,,,,,False,False
Riverview Gardens,2026-09-28,McCluer North,,6,19,L,,,,,,False,False
Riverview Gardens,2026-10-05,STEAM Academy,,,,,,,,,,False,False
Riverview Gardens,2026-10-06,STEAM Academy,,,,,,,,,,False,False
Riverview Gardens,2026-10-08,McCluer North,,,,,,,,,,False,False
Riverview Gardens,2026-10-13,Metro,,,,,,,,,,False,False
Rock Bridge,2026-08-28,"Beatrice(Beatrice , NE)",,8,7,W,,,,,,False,False
Rock Bridge,2026-08-28,"Broomfield(Broomfield, CO)",,8,7,W,,,,,,False,False
Rock Bridge,2026-08-29,Lee's Summit West,,3,5,L,8.82,3.59,-5.82,-1.41,-7.22,False,False
Rock Bridge,2026-08-29,"Millard North(Omaha , NE)",,4,10,L,,,,,,False,False
Rock Bridge,2026-09-03,"Papio South(Papillion, NE)",,23,11,W,,,,,,False,False
Rock Bridge,2026-09-04,"Elkhorn North(Omaha , NE)",,6,3,W,,,,,,False,False
Rock Bridge,2026-09-04,"Papillion La Vista(Papillion, NE)",,9,11,L,,,,,,False,False
Rock Bridge,2026-09-05,"Beatrice(Beatrice , NE)",,3,4,L,,,,,,False,False
Rock Bridge,2026-09-05,"Millard South(Omaha , NE)",,6,7,L,,,,,,False,False
Rock Bridge,2026-09-08,Battle,,2,0,W,11.3,0.47,-9.3,0.47,-8.83,False,False
Rock Bridge,2026-09-11,Francis Howell,,2,4,L,3.44,3.16,-1.44,-0.84,-2.28,False,False
Rock Bridge,2026-09-11,Troy Buchanan,,7,2,W,2.94,3.75,4.06,1.75,5.81,False,False
Rock Bridge,2026-09-12,Jackson,,7,6,W,7.35,1.99,-0.35,-4.01,-4.36,False,False
Rock Bridge,2026-09-12,Lafayette (Wildwood),,8,2,W,6.46,3.38,1.54,1.38,2.92,False,False
Rock Bridge,2026-09-14,Capital City,,6,2,W,6.99,0.97,-0.99,-1.03,-2.01,False,False
Rock Bridge,2026-09-17,Camdenton,,20,1,W,17.65,-4.09,2.35,-5.09,-2.73,False,False
Rock Bridge,2026-09-18,Belton,,5,2,W,7.11,3.87,-2.11,1.87,-0.24,False,False
Rock Bridge,2026-09-19,Belton,,8,1,W,7.11,3.87,0.89,2.87,3.76,False,False
Rock Bridge,2026-09-19,Marquette,,13,3,W,6.34,2.22,6.66,-0.78,5.88,False,False
Rock Bridge,2026-09-22,Hickman,,8,9,L,7.13,4.17,0.87,-4.83,-3.96,False,False
Rock Bridge,2026-09-23,Jefferson City,,17,3,W,13.57,-0.44,3.43,-3.44,-0.01,False,False
Rock Bridge,2026-09-25,Liberty,,6,0,W,7.12,3.29,-1.12,3.29,2.16,False,False
Rock Bridge,2026-09-25,"Papillion La Vista South(Papillion, NE)",,6,3,W,,,,,,False,False
Rock Bridge,2026-09-26,Fort Osage,,7,0,W,5.41,-0.31,1.59,-0.31,1.28,False,False
Rock Bridge,2026-09-26,West Platte,,5,1,W,8.12,0.25,-3.12,-0.75,-3.87,False,False
Rock Bridge,2026-09-29,Helias Catholic,,5,2,W,4.41,5.34,0.59,3.34,3.93,False,False
Rock Bridge,2026-10-03,Marshfield,,,,,6.11,2.37,,,,False,False
Rock Bridge,2026-10-03,Nixa,,,,,10.28,4.47,,,,False,False
Rock Bridge,2026-10-07,Smith-Cotton,,,,,10.08,-1.77,,,,False,False
Rock Bridge,2026-10-08,Ft. Zumwalt West,,,,,4.64,5.04,,,,False,False
Rock Bridge,2026-10-10,Kickapoo,,,,,9.53,3.46,,,,False,False
Rock Bridge,2026-10-10,Liberty North,,,,,6.17,4.36,,,,False,False
Rockwood Summit,2026-08-28,Ft. Zumwalt West,,0,12,L,0.83,11.05,-0.83,-0.95,-1.78,False,False
Rockwood Summit,2026-08-28,West Platte,,8,1,W,4.31,6.26,3.69,5.26,8.95,False,False
Rockwood Summit,2026-08-29,Fox,,4,12,L,5.57,6.5,-1.57,-5.5,-7.07,False,False
Rockwood Summit,2026-08-29,Neelyville,,6,9,L,9.05,2.86,-3.05,-6.14,-9.19,False,False
Rockwood Summit,2026-09-01,Northwest (Cedar Hill),,9,8,W,5.16,7.33,3.84,-0.67,3.17,False,False
Rockwood Summit,2026-09-04,Marquette,,3,7,L,2.53,8.23,0.47,1.23,1.7,False,False
Rockwood Summit,2026-09-08,Westminster Christian Academy,,1,3,L,2.19,9.1,-1.19,6.1,4.91,False,False
Rockwood Summit,2026-09-10,Eureka,,2,3,L,1.07,10.1,0.93,7.1,8.03,False,False
Rockwood Summit,2026-09-11,Oakville,,6,3,W,3.41,4.98,2.59,1.98,4.57,False,False
Rockwood Summit,2026-09-14,Parkway South,,1,13,L,7.94,7.75,-6.94,-5.25,-12.19,False,False
Rockwood Summit,2026-09-15,Lindbergh,,0,7,L,2.98,9.65,-2.98,2.65,-0.32,False,False
Rockwood Summit,2026-09-17,St. Charles West with St. Charles,,10,8,W,7.47,5.26,2.53,-2.74,-0.22,False,False
Rockwood Summit,2026-09-19,Westminster Christian Academy,,7,8,L,2.19,9.1,4.81,1.1,5.91,False,False
Rockwood Summit,2026-09-19,Wright City,,10,7,W,7.3,5.6,2.7,-1.4,1.3,False,False
Rockwood Summit,2026-09-21,St. Dominic,,6,1,W,4.08,4.9,1.92,3.9,5.82,False,False
Rockwood Summit,2026-09-23,Lafayette (Wildwood),,1,9,L,2.65,9.39,-1.65,0.39,-1.26,False,False
Rockwood Summit,2026-09-25,Kelly,,6,9,L,4.21,5.73,1.79,-3.27,-1.48,False,False
Rockwood Summit,2026-09-25,Notre Dame (Cape Girardeau),,4,8,L,5.14,7.67,-1.14,-0.33,-1.47,False,False
Rockwood Summit,2026-09-26,Lutheran South,,5,1,W,10.3,3.26,-5.3,2.26,-3.04,False,False
Rockwood Summit,2026-09-26,Windsor (Imperial),,4,8,L,3.64,7.62,0.36,-0.38,-0.02,False,False
Rockwood Summit,2026-09-28,Webster Groves,,4,5,L,7.34,4.84,-3.34,-0.16,-3.49,False,False
Rockwood Summit,2026-09-30,Cor Jesu Academy,,,,,3.54,10.1,,,,False,False
Rockwood Summit,2026-10-02,Francis Howell North,,,,,2.47,9.6,,,,False,False
Rockwood Summit,2026-10-05,Seckman,,,,,6.64,6.57,,,,False,False
Rockwood Summit,2026-10-06,Lutheran St. Charles with Veritas Christian Academy,,,,,13.31,5.01,,,,False,False
Rockwood Summit,2026-10-07,Parkway Central,,,,,3.28,9.27,,,,False,False
Rockwood Summit,2026-10-07,Ft. Zumwalt South,,,,,9.84,7.25,,,,False,False
Rockwood Summit,2026-10-12,Pacific,,,,,6.74,5.03,,,,False,False
"Roff Public Schools(Roff, OK)",2026-09-18,Ozark,,2,1,W,,,,,,False,False
"Roff(Roff, OK)",2026-09-18,Poplar Bluff,,9,1,W,,,,,,False,False
"Roff(Roff, OK)",2026-09-19,Republic,,10,2,W,,,,,,False,False
"Roff(Roff, OK)",2026-09-19,Joplin,,9,0,W,,,,,,False,False
Rolla,2026-08-27,Cuba,,25,3,W,24.25,-2.47,0.75,-5.47,-4.72,False,False
Rolla,2026-08-28,St. Elizabeth,,4,6,L,3.58,6.46,0.42,0.46,0.88,False,False
Rolla,2026-08-28,Union,,10,3,W,10.29,5.42,-0.29,2.42,2.13,False,False
Rolla,2026-08-29,Festus,,4,7,L,2.15,6.5,1.85,-0.5,1.35,False,False
Rolla,2026-08-29,Warrenton,,5,3,W,6.34,3.43,-1.34,0.43,-0.91,False,False
Rolla,2026-09-01,Helias Catholic,,0,12,L,0.24,10.14,-0.24,-1.86,-2.09,False,False
Rolla,2026-09-02,Waynesville,,15,2,W,12.21,1.32,2.79,-0.68,2.11,False,False
Rolla,2026-09-03,Hickman,,0,5,L,2.96,8.97,-2.96,3.97,1.02,False,False
Rolla,2026-09-09,Battle,,11,7,W,7.12,5.27,3.88,-1.73,2.15,False,False
Rolla,2026-09-11,Lebanon,,8,4,W,10.5,4.57,-2.5,0.57,-1.93,False,False
Rolla,2026-09-15,Hillcrest,,17,2,W,18.99,0.72,-1.99,-1.28,-3.27,False,False
Rolla,2026-09-16,Union,,14,10,W,10.29,5.42,3.71,-4.58,-0.87,False,False
Rolla,2026-09-18,North County,,6,5,W,5.05,5.34,0.95,0.34,1.29,False,False
Rolla,2026-09-18,Sullivan,,8,7,W,5.31,6.55,2.69,-0.45,2.24,False,False
Rolla,2026-09-19,North County,,1,4,L,5.05,5.34,-4.05,1.34,-2.71,False,False
Rolla,2026-09-21,West Plains,,11,5,W,10.26,2.7,0.74,-2.3,-1.56,False,False
Rolla,2026-09-28,Sullivan,,2,7,L,5.31,6.55,-3.31,-0.45,-3.76,False,False
Rolla,2026-09-30,Capital City,,2,3,L,2.81,5.78,-0.81,2.78,1.96,False,False
Rolla,2026-10-01,Owensville,,,,,8.37,4.6,,,,False,False
Rolla,2026-10-02,Parkway Central,,,,,2.91,8.06,,,,False,False
Rolla,2026-10-02,West Plains,,,,,10.26,2.7,,,,False,False
Rolla,2026-10-03,Branson,,,,,6.1,5.36,,,,False,False
Rolla,2026-10-03,Republic,,,,,5.2,5.1,,,,False,False
Rolla,2026-10-06,Camdenton,,,,,13.47,0.72,,,,False,False
Rolla,2026-10-13,Iberia,,,,,5.27,5.24,,,,False,False
Ruskin,2026-08-28,Winnetonka,,0,15,L,4.03,19.39,-4.03,4.39,0.36,False,False
Ruskin,2026-08-29,North Kansas City,,0,19,L,5.3,19.4,-5.3,0.4,-4.9,False,False
Ruskin,2026-08-29,Grandview,,7,26,L,1.63,19.8,5.37,-6.2,-0.83,False,False
Ruskin,2026-08-31,Central (St. Joseph),,6,26,L,-3.57,24.01,9.57,-1.99,7.58,False,False
Ruskin,2026-09-01,Raytown,,4,24,L,-1.81,19.69,5.81,-4.31,1.5,False,False
Ruskin,2026-09-02,Knob Noster,,1,17,L,1.51,18.41,-0.51,1.41,0.9,False,False
Ruskin,2026-09-03,Smithville,,0,16,L,-6.67,27.53,6.67,11.53,18.2,False,False
Ruskin,2026-09-08,Grandview,,4,20,L,1.63,19.8,2.37,-0.2,2.17,False,False
Ruskin,2026-09-10,Lone Jack,,0,17,L,-4.53,22.76,4.53,5.76,10.3,False,False
Ruskin,2026-09-11,Lone Jack,,0,16,L,-4.53,22.76,4.53,6.76,11.3,False,False
Ruskin,2026-09-15,William Chrisman,,2,17,L,2.84,21.74,-0.84,4.74,3.9,False,False
Ruskin,2026-09-17,Raytown South,,4,25,L,9.02,15.67,-5.02,-9.33,-14.36,False,False
Ruskin,2026-09-18,Lincoln College Prep,,12,11,W,12.92,14.06,-0.92,3.06,2.14,False,False
Ruskin,2026-09-19,St. Teresa's Academy,,0,16,L,-3.51,21.86,3.51,5.86,9.37,False,False
Ruskin,2026-09-21,Winnetonka,,6,22,L,4.03,19.39,1.97,-2.61,-0.64,False,False
Ruskin,2026-09-24,Belton,,0,27,L,-8.87,28.47,8.87,1.47,10.34,False,False
Ruskin,2026-09-28,Grandview,,1,21,L,1.63,19.8,-0.63,-1.2,-1.83,False,False
Ruskin,2026-09-29,Kearney,,0,15,L,-8.32,26.3,8.32,11.3,19.61,False,False
Ruskin,2026-10-01,Notre Dame de Sion,,,,,1.45,21.39,,,,False,False
Ruskin,2026-10-05,Raytown South,,,,,9.02,15.67,,,,False,False
Ruskin,2026-10-06,North Kansas City,,,,,5.3,19.4,,,,False,False
Ruskin,2026-10-08,Winnetonka,,,,,4.03,19.39,,,,False,False
Russellville,2026-08-27,Dixon,,17,2,W,11.01,7.33,5.99,5.33,11.32,False,False
Russellville,2026-08-29,Jamestown,,15,2,W,11.15,5.16,3.85,3.16,7.01,False,False
Russellville,2026-08-29,Montgomery County,,2,4,L,3.08,6.81,-1.08,2.81,1.73,False,False
Russellville,2026-08-29,Father Tolton,,5,6,L,7.3,3.88,-2.3,-2.12,-4.42,False,False
Russellville,2026-08-31,North Callaway,,1,9,L,2.77,6.64,-1.77,-2.36,-4.13,False,False
Russellville,2026-09-01,California,,6,5,W,9.45,4.91,-3.45,-0.09,-3.54,False,False
Russellville,2026-09-03,Camdenton,,15,5,W,13.85,2.68,1.15,-2.32,-1.18,False,False
Russellville,2026-09-08,Vienna,,12,2,W,6.92,5.14,5.08,3.14,8.22,False,False
Russellville,2026-09-14,Harrisburg,,0,12,L,2.81,9.56,-2.81,-2.44,-5.25,False,False
Russellville,2026-09-15,Hallsville with Christian Fellowship Sr.,,11,12,L,6.22,6.4,4.78,-5.6,-0.82,False,False
Russellville,2026-09-17,Eugene,,2,11,L,4.38,9.06,-2.38,-1.94,-4.32,False,False
Russellville,2026-09-21,Osage,,2,9,L,5.92,7.48,-3.92,-1.52,-5.44,False,False
Russellville,2026-09-22,Linn,,3,11,L,3.93,8.88,-0.93,-2.12,-3.04,False,False
Russellville,2026-09-24,Fayette,,8,5,W,4.07,4.85,3.93,-0.15,3.77,False,False
Russellville,2026-09-26,Owensville,,7,2,W,8.75,6.56,-1.75,4.56,2.8,False,False
Russellville,2026-09-26,Waynesville,,5,2,W,12.59,3.28,-7.59,1.28,-6.31,False,False
Russellville,2026-09-28,South Callaway,,12,1,W,9.5,3.53,2.5,2.53,5.02,False,False
Russellville,2026-09-29,St. Elizabeth,,1,11,L,3.96,8.42,-2.96,-2.58,-5.54,False,False
Russellville,2026-10-01,New Bloomfield,,,,,8.79,5.06,,,,False,False
Russellville,2026-10-02,Jamestown,,,,,11.15,5.16,,,,False,False
Russellville,2026-10-05,Iberia,,,,,5.65,7.19,,,,False,False
Russellville,2026-10-06,Eldon,,,,,3.37,5.41,,,,False,False
Russellville,2026-10-08,Pilot Grove,,,,,14.72,2.11,,,,False,False
STEAM Academy,2026-09-01,Pattonville,,1,16,L,-3.42,23.29,4.42,7.29,11.71,False,False
STEAM Academy,2026-09-03,Parkway North with Principia,,1,16,L,1.88,20.49,-0.88,4.49,3.61,False,False
STEAM Academy,2026-09-08,Normandy Collaborative,,21,5,W,,,,,,False,False
STEAM Academy,2026-09-14,Hazelwood East,,6,21,L,,,,,,False,False
STEAM Academy,2026-09-18,Hazelwood Central,,18,9,W,,,,,,False,False
STEAM Academy,2026-09-24,Bayless,,7,20,L,4.26,18.96,2.74,-1.04,1.7,False,False
STEAM Academy,2026-09-28,Normandy Collaborative,,7,0,W,,,,,,False,False
STEAM Academy,2026-09-29,McCluer North,,5,18,L,6.44,18.14,-1.44,0.14,-1.3,False,False
STEAM Academy,2026-09-30,McCluer North,,5,22,L,6.44,18.14,-1.44,-3.86,-5.3,False,False
STEAM Academy,2026-10-01,Hazelwood East,,,,,,,,,,False,False
STEAM Academy,2026-10-05,Riverview Gardens,,,,,,,,,,False,False
STEAM Academy,2026-10-06,Riverview Gardens,,,,,,,,,,False,False
STEAM Academy,2026-10-07,Hazelwood Central,,,,,,,,,,False,False
STEAM Academy,2026-10-09,Hancock,,,,,-1.51,21.33,,,,False,False
Salisbury,2026-09-01,Carrollton,,6,2,W,13.84,4.9,-7.84,2.9,-4.94,False,False
Salisbury,2026-09-02,Moberly,,11,3,W,7.32,4.36,3.68,1.36,5.04,False,False
Salisbury,2026-09-08,Hallsville with Christian Fellowship Sr.,,9,3,W,7.19,3.69,1.81,0.69,2.5,False,False
Salisbury,2026-09-11,Glasgow,,8,2,W,8.36,4.04,-0.36,2.04,1.68,False,False
Salisbury,2026-09-12,Grundy County with Newtown-Harris,,16,1,W,20.24,-4.02,-4.24,-5.02,-9.26,False,False
Salisbury,2026-09-12,Milan,,17,2,W,18.47,-4.51,-1.47,-6.51,-7.98,False,False
Salisbury,2026-09-12,Princeton,,0,5,L,4.95,7.03,-4.95,2.03,-2.92,False,False
Salisbury,2026-09-15,Paris,,12,2,W,8.12,2.05,3.88,0.05,3.93,False,False
Salisbury,2026-09-17,"Brunswick with Keytesville, Northwestern (Mendon)",,12,0,W,9.72,-0.91,2.28,-0.91,1.37,False,False
Salisbury,2026-09-21,Marceline,,6,11,L,3.04,7.14,2.96,-3.86,-0.89,False,False
Salisbury,2026-09-22,Schuyler County,,11,1,W,9.58,1.82,1.42,0.82,2.25,False,False
Salisbury,2026-09-24,Northeast (Cairo),,14,4,W,10.36,2.69,3.64,-1.31,2.32,False,False
Salisbury,2026-09-26,North Shelby,,0,5,L,4.06,3.38,-4.06,-1.62,-5.67,False,False
Salisbury,2026-09-26,Paris,,6,0,W,8.12,2.05,-2.12,2.05,-0.07,False,False
Salisbury,2026-09-26,South Shelby,,17,0,W,15.02,-0.64,1.98,-0.64,1.35,False,False
Salisbury,2026-09-28,Knox County,,14,0,W,12.91,0.58,1.09,0.58,1.67,False,False
Salisbury,2026-09-29,Westran,,15,6,W,14.49,2.95,0.51,-3.05,-2.54,False,False
Salisbury,2026-10-01,Scotland County,,,,,10.21,0.3,,,,False,False
Salisbury,2026-10-06,Fayette,,,,,5.05,2.14,,,,False,False
Salisbury,2026-10-07,North Shelby,,,,,4.06,3.38,,,,False,False
Salisbury,2026-10-08,Brookfield,,,,,7.18,3.93,,,,False,False
Salisbury,2026-10-12,Monroe City,,,,,8.13,5.25,,,,False,False
"Sapulpa(Sapulpa , OK)",2026-09-18,Glendale,,8,2,W,,,,,,False,False
"Sapulpa(Sapulpa, OK)",2026-09-18,Republic,,8,5,W,,,,,,False,False
"Sapulpa(Sapulpa, OK)",2026-09-19,Willard,,2,2,T,,,,,,False,False
"Sapulpa(Sapulpa, OK)",2026-09-19,Logan-Rogersville,,8,2,W,,,,,,False,False
Savannah,2026-08-27,Lathrop,,13,8,W,11.03,8.03,1.97,0.03,2.0,False,False
Savannah,2026-09-01,Trenton,,15,0,W,11.93,1.25,3.07,1.25,4.33,False,False
Savannah,2026-09-03,Mid-Buchanan,,15,8,W,9.54,6.02,5.46,-1.98,3.48,False,False
Savannah,2026-09-08,Benton,,13,5,W,10.27,4.91,2.73,-0.09,2.65,False,False
Savannah,2026-09-09,Platte County,,3,14,L,7.48,10.11,-4.48,-3.89,-8.37,False,False
Savannah,2026-09-10,Cameron,,16,3,W,10.63,4.86,5.37,1.86,7.23,False,False
Savannah,2026-09-12,Chillicothe,,2,4,L,3.89,7.71,-1.89,3.71,1.82,False,False
Savannah,2026-09-12,Holden,,8,2,W,12.56,3.35,-4.56,1.35,-3.21,False,False
Savannah,2026-09-12,Kirksville,,11,2,W,10.01,4.73,0.99,2.73,3.72,False,False
Savannah,2026-09-15,Maryville,,20,0,W,23.5,-4.08,-3.5,-4.08,-7.58,False,False
Savannah,2026-09-16,Oak Grove,,2,3,L,6.9,5.75,-4.9,2.75,-2.16,False,False
Savannah,2026-09-17,Chillicothe,,2,10,L,3.89,7.71,-1.89,-2.29,-4.18,False,False
Savannah,2026-09-21,North Platte,,12,10,W,12.99,4.62,-0.99,-5.38,-6.38,False,False
Savannah,2026-09-23,Smithville,,8,9,L,10.27,6.74,-2.27,-2.26,-4.53,False,False
Savannah,2026-09-24,Bishop LeBlond,,18,0,W,23.01,1.69,-5.01,1.69,-3.32,False,False
Savannah,2026-09-28,North Andrew,,17,2,W,10.96,1.76,6.04,-0.24,5.8,False,False
Savannah,2026-09-30,Excelsior Springs,,11,1,W,10.43,4.0,0.57,3.0,3.57,False,False
Savannah,2026-10-06,St. Pius X (Kansas City),,,,,12.96,0.14,,,,False,False
Savannah,2026-10-07,Central (St. Joseph),,,,,13.37,3.22,,,,False,False
Savannah,2026-10-08,South Harrison,,,,,9.38,6.4,,,,False,False
Savannah,2026-10-12,Park Hill,,,,,6.34,5.42,,,,False,False
Saxony Lutheran with St. Vincent,2026-08-29,Twin Rivers,,7,5,W,6.66,8.37,0.34,3.37,3.71,False,False
Saxony Lutheran with St. Vincent,2026-09-01,St. Pius X (Festus),,12,0,W,12.24,3.4,-0.24,3.4,3.16,False,False
Saxony Lutheran with St. Vincent,2026-09-03,Chaffee,,3,10,L,0.52,12.44,2.48,2.44,4.91,False,False
Saxony Lutheran with St. Vincent,2026-09-03,Kelly,,6,7,L,2.21,7.05,3.79,0.05,3.83,False,False
Saxony Lutheran with St. Vincent,2026-09-09,Sikeston,,17,2,W,15.0,1.83,2.0,-0.17,1.83,False,False
Saxony Lutheran with St. Vincent,2026-09-14,Poplar Bluff,,0,10,L,7.24,8.49,-7.24,-1.51,-8.75,False,False
Saxony Lutheran with St. Vincent,2026-09-16,Fredericktown,,0,11,L,5.75,5.16,-5.75,-5.84,-11.59,False,False
Saxony Lutheran with St. Vincent,2026-09-17,Kelly,,8,9,L,2.21,7.05,5.79,-1.95,3.83,False,False
Saxony Lutheran with St. Vincent,2026-09-18,Fox,,6,2,W,3.58,7.83,2.42,5.83,8.25,False,False
Saxony Lutheran with St. Vincent,2026-09-21,Neelyville,,13,4,W,7.06,4.18,5.94,0.18,6.12,False,False
Saxony Lutheran with St. Vincent,2026-09-23,Herculaneum with Crystal City,,21,3,W,16.56,0.59,4.44,-2.41,2.03,False,False
Saxony Lutheran with St. Vincent,2026-09-28,East Carter,,9,4,W,8.82,3.21,0.18,-0.79,-0.61,False,False
Saxony Lutheran with St. Vincent,2026-09-29,Perryville,,2,6,L,8.67,4.73,-6.67,-1.27,-7.94,False,False
Saxony Lutheran with St. Vincent,2026-09-30,Jefferson (Festus),,,,,7.88,5.05,,,,False,False
Saxony Lutheran with St. Vincent,2026-10-02,North County,,,,,3.42,7.87,,,,False,False
Saxony Lutheran with St. Vincent,2026-10-07,Central (Cape Girardeau),,,,,12.92,4.43,,,,False,False
Saxony Lutheran with St. Vincent,2026-10-08,DeSoto,,,,,7.99,4.07,,,,False,False
Saxony Lutheran with St. Vincent,2026-10-12,Farmington,,,,,5.72,8.25,,,,False,False
Schuyler County,2026-08-29,Putnam County,,4,3,W,2.84,4.84,1.16,1.84,3.0,False,False
Schuyler County,2026-08-29,La Plata,,11,5,W,13.35,2.99,-2.35,-2.01,-4.36,False,False
Schuyler County,2026-08-29,Gallatin,,5,8,L,4.61,5.62,0.39,-2.38,-1.99,False,False
Schuyler County,2026-08-29,Brookfield,,6,14,L,3.51,8.02,2.49,-5.98,-3.5,False,False
Schuyler County,2026-09-01,La Plata,,17,3,W,13.35,2.99,3.65,-0.01,3.64,False,False
Schuyler County,2026-09-02,Princeton,,2,13,L,1.28,11.11,0.72,-1.89,-1.17,False,False
Schuyler County,2026-09-03,South Shelby,,17,4,W,11.35,3.45,5.65,-0.55,5.1,False,False
Schuyler County,2026-09-09,Clark County,,3,6,L,5.51,6.63,-2.51,0.63,-1.89,False,False
Schuyler County,2026-09-12,Highland,,5,15,L,1.9,11.69,3.1,-3.31,-0.22,False,False
Schuyler County,2026-09-12,La Plata,,15,5,W,13.35,2.99,1.65,-2.01,-0.36,False,False
Schuyler County,2026-09-14,Atlanta,,16,1,W,14.8,6.27,1.2,5.27,6.48,False,False
Schuyler County,2026-09-17,Knox County,,10,0,W,9.24,4.66,0.76,4.66,5.43,False,False
Schuyler County,2026-09-21,Putnam County,,2,4,L,2.84,4.84,-0.84,0.84,-0.0,False,False
Schuyler County,2026-09-22,Salisbury,,1,11,L,1.82,9.58,-0.82,-1.42,-2.25,False,False
Schuyler County,2026-09-24,Paris,,0,3,L,4.45,6.14,-4.45,3.14,-1.31,False,False
Schuyler County,2026-09-28,North Shelby,,0,8,L,0.38,7.46,-0.38,-0.54,-0.92,False,False
Schuyler County,2026-09-29,Scotland County,,3,4,L,6.54,4.38,-3.54,0.38,-3.16,False,False
Schuyler County,2026-10-01,Brookfield,,,,,3.51,8.02,,,,False,False
Schuyler County,2026-10-06,Westran,,,,,10.82,7.03,,,,False,False
Schuyler County,2026-10-09,Green City,,,,,14.72,3.95,,,,False,False
Scotland County,2026-08-29,Brashear,,10,2,W,14.17,1.24,-4.17,-0.76,-4.93,False,False
Scotland County,2026-08-29,Knox County,,11,10,W,7.71,5.3,3.29,-4.7,-1.42,False,False
Scotland County,2026-09-03,Clark County,,4,9,L,3.99,7.26,0.01,-1.74,-1.73,False,False
Scotland County,2026-09-08,Atlanta,,19,10,W,13.28,6.91,5.72,-3.09,2.63,False,False
Scotland County,2026-09-10,Westran,,10,11,L,9.3,7.66,0.7,-3.34,-2.63,False,False
Scotland County,2026-09-14,Putnam County,,0,4,L,1.32,5.47,-1.32,1.47,0.15,False,False
Scotland County,2026-09-15,Knox County,,8,1,W,7.71,5.3,0.29,4.3,4.58,False,False
Scotland County,2026-09-19,Bevier,,13,0,W,14.64,-4.59,-1.64,-4.59,-6.23,False,False
Scotland County,2026-09-19,Knox County,,4,3,W,7.71,5.3,-3.71,2.3,-1.42,False,False
Scotland County,2026-09-19,Van-Far,,6,13,L,7.21,7.23,-1.21,-5.77,-6.98,False,False
Scotland County,2026-09-21,Clark County,,0,3,L,3.99,7.26,-3.99,4.26,0.27,False,False
Scotland County,2026-09-22,Paris,,3,5,L,2.93,6.77,0.07,1.77,1.84,False,False
Scotland County,2026-09-24,North Shelby,,1,6,L,-1.14,8.1,2.14,2.1,4.23,False,False
Scotland County,2026-09-26,Highland,,0,11,L,0.38,12.32,-0.38,1.32,0.94,False,False
Scotland County,2026-09-26,Macon,,6,8,L,2.48,8.8,3.52,0.8,4.32,False,False
Scotland County,2026-09-29,Schuyler County,,4,3,W,4.38,6.54,-0.38,3.54,3.16,False,False
Scotland County,2026-10-01,Salisbury,,,,,0.3,10.21,,,,False,False
Scotland County,2026-10-05,Milan,,,,,13.28,0.21,,,,False,False
Scotland County,2026-10-08,Canton,,,,,4.66,6.77,,,,False,False
Scotland County,2026-10-12,Highland,,,,,0.38,12.32,,,,False,False
Scotland County,2026-10-13,Novinger,,,,,12.32,-1.3,,,,False,False
Seckman,2026-08-29,Doniphan,,0,6,L,2.98,8.88,-2.98,2.88,-0.1,False,False
Seckman,2026-08-29,Fredericktown,,13,1,W,7.86,4.01,5.14,3.01,8.16,False,False
Seckman,2026-08-29,Sikeston,,7,2,W,17.11,0.68,-10.11,-1.32,-11.42,False,False
Seckman,2026-08-31,Francis Howell North,,3,14,L,2.58,9.78,0.42,-4.22,-3.8,False,False
Seckman,2026-08-31,Parkway West,,1,13,L,2.43,9.02,-1.43,-3.98,-5.41,False,False
Seckman,2026-09-02,Parkway North with Principia,,17,5,W,16.74,0.52,0.26,-4.48,-4.22,False,False
Seckman,2026-09-02,Parkway South,,10,11,L,8.06,7.93,1.94,-3.07,-1.13,False,False
Seckman,2026-09-04,North County,,4,5,L,5.53,6.73,-1.53,1.73,0.2,False,False
Seckman,2026-09-08,Parkway Central,,5,8,L,3.39,9.45,1.61,1.45,3.06,False,False
Seckman,2026-09-09,Windsor (Imperial),,4,1,W,3.75,7.8,0.25,6.8,7.04,False,False
Seckman,2026-09-10,Parkway West,,0,13,L,2.43,9.02,-2.43,-3.98,-6.41,False,False
Seckman,2026-09-12,Festus,,7,8,L,2.63,7.89,4.37,-0.11,4.26,False,False
Seckman,2026-09-12,Pacific,,1,2,L,6.86,5.21,-5.86,3.21,-2.65,False,False
Seckman,2026-09-14,Lindbergh,,0,10,L,3.09,9.83,-3.09,-0.17,-3.26,False,False
Seckman,2026-09-16,Hillsboro,,,,,5.41,7.25,,,,False,False
Seckman,2026-09-18,Ft. Zumwalt East,,9,6,W,7.97,3.92,1.03,-2.08,-1.04,False,False
Seckman,2026-09-19,Wright City,,8,4,W,7.42,5.78,0.58,1.78,2.36,False,False
Seckman,2026-09-19,Westminster Christian Academy,,10,11,L,2.31,9.28,7.69,-1.72,5.98,False,False
Seckman,2026-09-21,Jackson,,3,10,L,3.65,8.18,-0.65,-1.82,-2.47,False,False
Seckman,2026-09-22,Northwest (Cedar Hill),,9,8,W,5.28,7.51,3.72,-0.49,3.24,False,False
Seckman,2026-09-24,Farmington,,10,9,W,7.83,7.1,2.17,-1.9,0.28,False,False
Seckman,2026-09-25,Cor Jesu Academy,,6,12,L,3.66,10.28,2.34,-1.72,0.62,False,False
Seckman,2026-09-28,Fox,,2,3,L,5.69,6.68,-3.69,3.68,-0.0,False,False
Seckman,2026-09-29,Webster Groves,,5,4,W,7.45,5.02,-2.45,1.02,-1.43,False,False
Seckman,2026-09-30,Festus,,0,10,L,2.63,7.89,-2.63,-2.11,-4.74,False,False
Seckman,2026-10-05,Rockwood Summit,,,,,6.57,6.64,,,,False,False
Seckman,2026-10-06,Oakville,,,,,3.53,5.16,,,,False,False
Seckman,2026-10-08,Parkway South,,,,,8.06,7.93,,,,False,False
Seckman,2026-10-12,Kirkwood,,,,,7.14,3.52,,,,False,False
Seneca,2026-08-28,Aurora,,8,5,W,4.05,5.33,3.95,0.33,4.29,False,False
Seneca,2026-08-28,Carl Junction,,1,9,L,4.36,7.1,-3.36,-1.9,-5.26,False,False
Seneca,2026-08-29,Hillcrest,,13,2,W,16.08,3.8,-3.08,1.8,-1.28,False,False
Seneca,2026-08-29,Joplin,,0,7,L,1.42,8.81,-1.42,1.81,0.39,False,False
Seneca,2026-09-01,Carthage,,0,15,L,2.68,9.1,-2.68,-5.9,-8.58,False,False
Seneca,2026-09-07,Neosho,,2,13,L,1.68,10.36,0.32,-2.64,-2.32,False,False
Seneca,2026-09-08,Monett,,6,3,W,6.96,4.17,-0.96,1.17,0.2,False,False
Seneca,2026-09-10,McDonald County,,0,10,L,1.83,10.7,-1.83,0.7,-1.13,False,False
Seneca,2026-09-11,Logan-Rogersville,,0,10,L,1.04,8.71,-1.04,-1.29,-2.32,False,False
Seneca,2026-09-14,Carl Junction,,12,0,W,4.36,7.1,7.64,7.1,14.74,False,False
Seneca,2026-09-15,Cassville,,6,9,L,2.6,5.86,3.4,-3.14,0.26,False,False
Seneca,2026-09-17,Aurora,,2,1,W,4.05,5.33,-2.05,4.33,2.29,False,False
Seneca,2026-09-22,Nevada,,15,0,W,17.31,0.31,-2.31,0.31,-2.0,False,False
Seneca,2026-09-24,Monett,,3,9,L,6.96,4.17,-3.96,-4.83,-8.8,False,False
Seneca,2026-09-28,"Wyandotte(Wyandotte, OK)",,7,0,W,,,,,,False,False
Seneca,2026-09-29,McDonald County,,5,9,L,1.83,10.7,3.17,1.7,4.87,False,False
Seneca,2026-10-01,Cassville,,,,,2.6,5.86,,,,False,False
Seneca,2026-10-06,Aurora,,,,,4.05,5.33,,,,False,False
Seneca,2026-10-08,Nevada,,,,,17.31,0.31,,,,False,False
Seneca,2026-10-12,Joplin,,,,,1.42,8.81,,,,False,False
Sherwood,2026-08-28,Hermitage,,3,7,L,8.42,7.08,-5.42,0.08,-5.34,False,False
Sherwood,2026-08-29,Climax Springs,,19,6,W,16.48,5.06,2.52,-0.94,1.58,False,False
Sherwood,2026-08-29,Weaubleau,,6,7,L,6.71,9.05,-0.71,2.05,1.34,False,False
Sherwood,2026-09-02,Clinton,,17,14,W,6.78,9.89,10.22,-4.11,6.11,False,False
Sherwood,2026-09-03,St. Michael the Archangel,,1,16,L,2.89,14.33,-1.89,-1.67,-3.57,False,False
Sherwood,2026-09-08,Halfway,,0,16,L,0.23,12.51,-0.23,-3.49,-3.72,False,False
Sherwood,2026-09-11,Clinton,,5,10,L,6.78,9.89,-1.78,-0.11,-1.89,False,False
Sherwood,2026-09-11,Warrensburg,,1,12,L,0.04,15.14,0.96,3.14,4.09,False,False
Sherwood,2026-09-12,Boonville,,0,15,L,0.82,12.75,-0.82,-2.25,-3.07,False,False
Sherwood,2026-09-14,Pleasant Hill,,0,15,L,-4.39,16.57,4.39,1.57,5.96,False,False
Sherwood,2026-09-15,Summit Christian Academy,,7,14,L,1.54,12.49,5.46,-1.51,3.95,False,False
Sherwood,2026-09-16,Montrose with Appleton City,,6,8,L,12.02,7.28,-6.02,-0.72,-6.74,False,False
Sherwood,2026-09-19,Excelsior Springs,,2,18,L,-0.95,14.34,2.95,-3.66,-0.71,False,False
Sherwood,2026-09-19,Lawson,,3,16,L,1.49,15.58,1.51,-0.42,1.09,False,False
Sherwood,2026-09-22,Raytown South,,15,0,W,14.58,5.22,0.42,5.22,5.64,False,False
Sherwood,2026-09-24,Montrose with Appleton City,,9,7,W,12.02,7.28,-3.02,0.28,-2.74,False,False
Sherwood,2026-09-28,Lone Jack,,2,12,L,1.02,12.31,0.98,0.31,1.29,False,False
Sherwood,2026-09-30,Summit Christian Academy,,2,5,L,1.54,12.49,0.46,7.49,7.95,False,False
Sherwood,2026-09-30,Harrisonville,,,,,4.79,11.56,,,,False,False
Sherwood,2026-10-06,Wheatland,,,,,3.86,10.15,,,,False,False
Sherwood,2026-10-08,Raytown South,,,,,14.58,5.22,,,,False,False
Sikeston,2026-08-29,Fredericktown,,2,9,L,1.79,14.37,0.21,5.37,5.58,False,False
Sikeston,2026-08-29,Seckman,,2,7,L,0.68,17.11,1.32,10.11,11.42,False,False
Sikeston,2026-09-03,Twin Rivers,,11,23,L,2.7,17.58,8.3,-5.42,2.88,False,False
Sikeston,2026-09-08,Perryville,,2,15,L,4.72,13.95,-2.72,-1.05,-3.77,False,False
Sikeston,2026-09-09,Saxony Lutheran with St. Vincent,,2,17,L,1.83,15.0,0.17,-2.0,-1.83,False,False
Sikeston,2026-09-14,Twin Rivers,,1,16,L,2.7,17.58,-1.7,1.58,-0.12,False,False
Sikeston,2026-09-15,Central (Cape Girardeau),,7,22,L,8.96,13.64,-1.96,-8.36,-10.32,False,False
Sikeston,2026-09-17,Naylor,,1,7,L,3.35,10.85,-2.35,3.85,1.5,False,False
Sikeston,2026-09-21,Notre Dame (Cape Girardeau),,4,27,L,-0.81,18.2,4.81,-8.8,-3.99,False,False
Sikeston,2026-09-22,Neelyville,,1,3,L,3.1,13.39,-2.1,10.39,8.29,False,False
Sikeston,2026-09-23,Poplar Bluff,,4,19,L,3.28,17.7,0.72,-1.3,-0.58,False,False
Sikeston,2026-09-24,Chaffee,,0,21,L,-3.43,21.65,3.43,0.65,4.08,False,False
Sikeston,2026-09-28,Jackson,,0,17,L,-2.41,18.54,2.41,1.54,3.95,False,False
Sikeston,2026-09-29,Fredericktown,,4,17,L,1.79,14.37,2.21,-2.63,-0.42,False,False
Sikeston,2026-10-01,Kelly,,,,,-1.74,16.26,,,,False,False
Sikeston,2026-10-02,Doniphan,,,,,-3.08,19.23,,,,False,False
Sikeston,2026-10-05,North County,,,,,-0.54,17.08,,,,False,False
Sikeston,2026-10-06,East Carter,,,,,4.86,12.42,,,,False,False
Sikeston,2026-10-07,Farmington,,,,,1.76,17.46,,,,False,False
Silex,2026-08-28,Fox,,13,1,W,6.6,1.84,6.4,0.84,7.24,False,False
Silex,2026-08-28,Jackson,,1,2,L,4.57,3.34,-3.57,1.34,-2.23,False,False
Silex,2026-08-29,Neelyville,,5,1,W,10.08,-1.8,-5.08,-2.8,-7.89,False,False
Silex,2026-08-29,West Platte,,5,1,W,5.34,1.6,-0.34,0.6,0.26,False,False
Silex,2026-08-29,Notre Dame (Cape Girardeau),,10,1,W,6.17,3.0,3.83,2.0,5.83,False,False
Silex,2026-09-03,Montgomery County,,3,4,L,4.09,1.4,-1.09,-2.6,-3.7,False,False
Silex,2026-09-08,Louisiana,,20,0,W,15.33,-0.95,4.67,-0.95,3.72,False,False
Silex,2026-09-15,Mark Twain,,4,0,W,7.94,0.6,-3.94,0.6,-3.34,False,False
Silex,2026-09-17,Canton,,11,0,W,9.9,-0.65,1.1,-0.65,0.46,False,False
Silex,2026-09-18,Liberty (Wentzville),,7,2,W,8.03,5.53,-1.03,3.53,2.51,False,False
Silex,2026-09-21,Wright City,,6,0,W,8.34,0.94,-2.34,0.94,-1.4,False,False
Silex,2026-09-22,Bowling Green,,13,1,W,10.57,2.4,2.43,1.4,3.83,False,False
Silex,2026-09-23,Community,,8,4,W,8.44,-1.26,-0.44,-5.26,-5.7,False,False
Silex,2026-09-24,Clopton,,10,0,W,9.35,-1.07,0.65,-1.07,-0.42,False,False
Silex,2026-09-26,Elsberry,,3,4,L,4.3,3.4,-1.3,-0.6,-1.9,False,False
Silex,2026-09-26,Hannibal,,7,0,W,8.13,-0.19,-1.13,-0.19,-1.32,False,False
Silex,2026-09-28,Elsberry,,6,4,W,4.3,3.4,1.7,-0.6,1.1,False,False
Silex,2026-09-29,Van-Far,,13,2,W,12.44,-0.19,0.56,-2.19,-1.63,False,False
Silex,2026-10-01,North Callaway,,,,,3.79,1.23,,,,False,False
Silex,2026-10-05,Monroe City,,,,,8.17,2.55,,,,False,False
Silex,2026-10-06,Wellsville-Middletown,,,,,22.17,-4.93,,,,False,False
Silex,2026-10-10,Troy Buchanan,,,,,0.16,5.1,,,,False,False
"Silo Public Schools(Durant, OK)",2026-09-18,Ozark,,6,2,W,,,,,,False,False
"Silo(Durrant , OK)",2026-09-19,Webb City,,2,1,W,,,,,,False,False
"Silo(Silo, OK)",2026-09-18,Willard,,1,1,T,,,,,,False,False
"Silo(Silo, OK)",2026-09-19,Poplar Bluff,,12,0,W,,,,,,False,False
Slater with Malta Bend,2026-08-27,Knob Noster,,15,7,W,9.56,1.65,5.44,-5.35,0.08,False,False
Slater with Malta Bend,2026-09-01,Glasgow,,0,11,L,3.25,7.83,-3.25,-3.17,-6.42,False,False
Slater with Malta Bend,2026-09-03,New Franklin,,8,0,W,7.24,4.38,0.76,4.38,5.14,False,False
Slater with Malta Bend,2026-09-08,Sturgeon,,2,3,L,6.04,3.47,-4.04,0.47,-3.58,False,False
Slater with Malta Bend,2026-09-12,Carrollton,,4,12,L,8.73,8.69,-4.73,-3.31,-8.04,False,False
Slater with Malta Bend,2026-09-12,Lathrop,,0,15,L,2.14,12.05,-2.14,-2.95,-5.09,False,False
Slater with Malta Bend,2026-09-12,Polo,,14,6,W,9.56,5.51,4.44,-0.49,3.95,False,False
Slater with Malta Bend,2026-09-15,Community,,0,2,L,3.3,5.24,-3.3,3.24,-0.06,False,False
Slater with Malta Bend,2026-09-17,Higbee,,8,2,W,9.13,1.59,-1.13,-0.41,-1.54,False,False
Slater with Malta Bend,2026-09-19,Pilot Grove,,10,0,W,10.58,3.2,-0.58,3.2,2.61,False,False
Slater with Malta Bend,2026-09-19,Battle,,6,7,L,3.37,8.31,2.63,1.31,3.94,False,False
Slater with Malta Bend,2026-09-19,Glasgow,,1,16,L,3.25,7.83,-2.25,-8.17,-10.42,False,False
Slater with Malta Bend,2026-09-21,Jamestown,,17,2,W,7.02,6.24,9.98,4.24,14.22,False,False
Slater with Malta Bend,2026-09-22,Madison,,4,2,W,9.04,2.14,-5.04,0.14,-4.9,False,False
Slater with Malta Bend,2026-09-26,"Brunswick with Keytesville, Northwestern (Mendon)",,5,2,W,4.61,2.88,0.39,0.88,1.27,False,False
Slater with Malta Bend,2026-09-26,"Tina-Avalon with Bosworth, Hale",,17,1,W,16.84,-1.48,0.16,-2.48,-2.32,False,False
Slater with Malta Bend,2026-09-26,Glasgow,,7,4,W,3.25,7.83,3.75,3.83,7.58,False,False
Slater with Malta Bend,2026-09-28,"Tina-Avalon with Bosworth, Hale",,10,0,W,16.84,-1.48,-6.84,-1.48,-8.32,False,False
Slater with Malta Bend,2026-09-30,Norborne with Hardin-Central,,,,,19.39,2.34,,,,False,False
Slater with Malta Bend,2026-10-05,Carrollton,,,,,8.73,8.69,,,,False,False
Slater with Malta Bend,2026-10-06,Northeast (Cairo),,,,,5.26,6.47,,,,False,False
Slater with Malta Bend,2026-10-08,"Brunswick with Keytesville, Northwestern (Mendon)",,,,,4.61,2.88,,,,False,False
Slater with Malta Bend,2026-10-12,Pilot Grove,,,,,10.58,3.2,,,,False,False
Smith-Cotton,2026-08-27,Boonville,,0,1,L,5.22,4.41,-5.22,3.41,-1.81,False,False
Smith-Cotton,2026-08-28,Lee's Summit North,,0,9,L,0.0,8.04,-0.0,-0.96,-0.97,False,False
Smith-Cotton,2026-08-28,Smithville,,2,9,L,3.28,8.74,-1.28,-0.26,-1.54,False,False
Smith-Cotton,2026-08-29,Lee's Summit,,8,4,W,1.04,7.05,6.96,3.05,10.01,False,False
Smith-Cotton,2026-08-29,Oak Park,,7,6,W,6.94,4.82,0.06,-1.18,-1.12,False,False
Smith-Cotton,2026-08-29,Fort Osage,,0,1,L,-0.61,5.51,0.61,4.51,5.12,False,False
Smith-Cotton,2026-08-31,Warrensburg,,7,9,L,4.44,6.8,2.56,-2.2,0.36,False,False
Smith-Cotton,2026-09-01,Odessa,,9,4,W,5.19,6.6,3.81,2.6,6.41,False,False
Smith-Cotton,2026-09-04,Republic,,2,8,L,3.36,6.11,-1.36,-1.89,-3.24,False,False
Smith-Cotton,2026-09-09,Fort Osage,,,,,-0.61,5.51,,,,False,False
Smith-Cotton,2026-09-11,Northwest (Cedar Hill),,0,10,L,2.95,7.14,-2.95,-2.86,-5.81,False,False
Smith-Cotton,2026-09-11,Bolivar,,2,11,L,3.6,8.23,-1.6,-2.77,-4.37,False,False
Smith-Cotton,2026-09-12,St. Francis Borgia,,0,9,L,3.65,7.43,-3.65,-1.57,-5.22,False,False
Smith-Cotton,2026-09-12,Staley,,4,7,L,-0.15,6.81,4.15,-0.19,3.96,False,False
Smith-Cotton,2026-09-14,Helias Catholic,,2,15,L,-1.61,11.16,3.61,-3.84,-0.23,False,False
Smith-Cotton,2026-09-16,Hallsville with Christian Fellowship Sr.,,4,6,L,3.99,5.46,0.01,-0.54,-0.53,False,False
Smith-Cotton,2026-09-21,Battle,,3,5,L,5.27,6.29,-2.27,1.29,-0.99,False,False
Smith-Cotton,2026-09-23,Father Tolton,,3,1,W,5.07,2.94,-2.07,1.94,-0.13,False,False
Smith-Cotton,2026-09-24,Capital City,,4,9,L,0.97,6.79,3.03,-2.21,0.83,False,False
Smith-Cotton,2026-09-25,Willard,,3,0,W,-0.25,11.49,3.25,11.49,14.74,False,False
Smith-Cotton,2026-09-26,Chillicothe,,0,10,L,-3.09,9.72,3.09,-0.28,2.81,False,False
Smith-Cotton,2026-09-26,Platte County,,2,11,L,0.49,12.11,1.51,1.11,2.62,False,False
Smith-Cotton,2026-09-28,Hickman,,2,18,L,1.11,9.99,0.89,-8.01,-7.12,False,False
Smith-Cotton,2026-09-30,Clinton,,5,1,W,11.18,1.55,-6.18,0.55,-5.63,False,False
Smith-Cotton,2026-10-01,Marshall,,,,,8.07,1.34,,,,False,False
Smith-Cotton,2026-10-05,Jefferson City,,,,,7.55,5.38,,,,False,False
Smith-Cotton,2026-10-06,Marshall,,,,,8.07,1.34,,,,False,False
Smith-Cotton,2026-10-07,Rock Bridge,,,,,-1.77,10.08,,,,False,False
Smith-Cotton,2026-10-12,Camdenton,,,,,11.62,1.73,,,,False,False
Smithville,2026-08-28,Holden,,17,2,W,10.27,4.58,6.73,2.58,9.32,False,False
Smithville,2026-08-28,Lee's Summit North,,3,9,L,4.69,7.27,-1.69,-1.73,-3.43,False,False
Smithville,2026-08-28,Smith-Cotton,,9,2,W,8.74,3.28,0.26,1.28,1.54,False,False
Smithville,2026-08-29,Central (St. Joseph),,6,7,L,11.08,4.45,-5.08,-2.55,-7.62,False,False
Smithville,2026-08-29,Liberty,,5,6,L,5.79,8.34,-0.79,2.34,1.55,False,False
Smithville,2026-08-31,Grandview,,17,2,W,16.27,0.25,0.73,-1.75,-1.03,False,False
Smithville,2026-09-01,Staley,,2,6,L,4.54,6.04,-2.54,0.04,-2.5,False,False
Smithville,2026-09-03,Ruskin,,16,0,W,27.53,-6.67,-11.53,-6.67,-18.2,False,False
Smithville,2026-09-08,Mid-Buchanan,,10,12,L,7.24,7.26,2.76,-4.74,-1.99,False,False
Smithville,2026-09-11,Ft. Zumwalt West,,8,13,L,3.31,10.09,4.69,-2.91,1.78,False,False
Smithville,2026-09-11,Ozark,,1,8,L,5.58,7.65,-4.58,-0.35,-4.93,False,False
Smithville,2026-09-11,Truman,,11,10,W,7.86,5.9,3.14,-4.1,-0.95,False,False
Smithville,2026-09-12,Grain Valley,,2,9,L,1.47,9.91,0.53,0.91,1.44,False,False
Smithville,2026-09-12,Nixa,,3,13,L,8.95,9.52,-5.95,-3.48,-9.43,False,False
Smithville,2026-09-14,Winnetonka,,16,0,W,18.68,-0.17,-2.68,-0.17,-2.84,False,False
Smithville,2026-09-15,Kearney,,2,4,L,6.33,6.74,-4.33,2.74,-1.59,False,False
Smithville,2026-09-17,Excelsior Springs,,12,5,W,8.14,5.23,3.86,0.23,4.1,False,False
Smithville,2026-09-18,Boonville,,18,0,W,9.9,3.64,8.1,3.64,11.74,False,False
Smithville,2026-09-18,Central (St. Joseph),,15,0,W,11.08,4.45,3.92,4.45,8.38,False,False
Smithville,2026-09-19,Benton,,4,3,W,7.97,6.15,-3.97,3.15,-0.82,False,False
Smithville,2026-09-19,Fort Osage,,9,3,W,4.07,4.74,4.93,1.74,6.67,False,False
Smithville,2026-09-21,Raytown South,,18,2,W,23.67,-3.89,-5.67,-5.89,-11.56,False,False
Smithville,2026-09-23,Savannah,,9,8,W,6.74,10.27,2.26,2.27,4.53,False,False
Smithville,2026-09-24,Truman,,4,7,L,7.86,5.9,-3.86,-1.1,-4.95,False,False
Smithville,2026-09-28,Central (St. Joseph),,,,,11.08,4.45,,,,False,False
Smithville,2026-09-29,Winnetonka,,16,0,W,18.68,-0.17,-2.68,-0.17,-2.84,False,False
Smithville,2026-09-30,Benton,,,,,7.97,6.15,,,,False,False
Smithville,2026-10-01,Raytown South,,19,0,W,23.67,-3.89,-4.67,-3.89,-8.56,False,False
Smithville,2026-10-05,Kearney,,,,,6.33,6.74,,,,False,False
Smithville,2026-10-06,Grandview,,,,,16.27,0.25,,,,False,False
Smithville,2026-10-08,Platte County,,,,,5.18,11.34,,,,False,False
South Callaway,2026-08-27,Crocker,,6,5,W,8.29,7.67,-2.29,2.67,0.38,False,False
South Callaway,2026-08-31,Hermann with New Haven,,13,6,W,12.53,9.18,0.47,3.18,3.65,False,False
South Callaway,2026-09-01,North Callaway,,10,9,W,-0.93,8.92,10.93,-0.08,10.84,False,False
South Callaway,2026-09-02,Vienna,,0,11,L,3.23,7.42,-3.23,-3.58,-6.8,False,False
South Callaway,2026-09-03,St. James,,6,4,W,8.89,2.9,-2.89,-1.1,-4.0,False,False
South Callaway,2026-09-10,Osage,,3,17,L,2.22,9.76,0.78,-7.24,-6.46,False,False
South Callaway,2026-09-14,New Bloomfield,,7,9,L,5.1,7.34,1.9,-1.66,0.24,False,False
South Callaway,2026-09-15,California,,0,1,L,5.76,7.19,-5.76,6.19,0.43,False,False
South Callaway,2026-09-17,Linn,,0,12,L,0.23,11.16,-0.23,-0.84,-1.07,False,False
South Callaway,2026-09-21,Harrisburg,,0,9,L,-0.89,11.84,0.89,2.84,3.73,False,False
South Callaway,2026-09-23,Tuscumbia,,12,3,W,9.83,4.97,2.17,1.97,4.14,False,False
South Callaway,2026-09-24,Eugene,,3,21,L,0.69,11.34,2.31,-9.66,-7.34,False,False
South Callaway,2026-09-26,St. Pius X (Festus),,13,2,W,10.56,5.11,2.44,3.11,5.55,False,False
South Callaway,2026-09-26,Dixon,,9,6,W,7.31,9.61,1.69,3.61,5.29,False,False
South Callaway,2026-09-26,Jefferson (Festus),,6,10,L,6.19,6.75,-0.19,-3.25,-3.44,False,False
South Callaway,2026-09-28,Russellville,,1,12,L,3.53,9.5,-2.53,-2.5,-5.02,False,False
South Callaway,2026-09-30,Fayette,,,,,0.37,7.12,,,,False,False
South Callaway,2026-10-01,Fayette,,,,,0.37,7.12,,,,False,False
South Callaway,2026-10-05,Fulton,,,,,11.03,6.81,,,,False,False
South Callaway,2026-10-06,Owensville,,,,,5.06,8.84,,,,False,False
South Callaway,2026-10-07,Van-Far,,,,,7.73,7.5,,,,False,False
South Callaway,2026-10-08,Jamestown,,,,,7.45,7.43,,,,False,False
South Callaway,2026-10-12,Hallsville with Christian Fellowship Sr.,,,,,2.52,8.68,,,,False,False
South Harrison,2026-08-28,Grain Valley,,3,12,L,1.13,9.03,1.87,-2.97,-1.1,False,False
South Harrison,2026-08-28,Oak Grove,,3,4,L,4.27,6.09,-1.27,2.09,0.82,False,False
South Harrison,2026-08-29,Harrisonville,,9,1,W,13.54,1.57,-4.54,0.57,-3.97,False,False
South Harrison,2026-08-29,Lee's Summit,,5,1,W,5.39,5.4,-0.39,4.4,4.0,False,False
South Harrison,2026-08-29,Fort Osage,,0,3,L,3.74,3.85,-3.74,0.85,-2.88,False,False
South Harrison,2026-08-31,Albany,,6,2,W,7.17,2.65,-1.17,0.65,-0.52,False,False
South Harrison,2026-09-01,Benton,,11,15,L,7.63,5.26,3.37,-9.74,-6.37,False,False
South Harrison,2026-09-03,Excelsior Springs,,10,7,W,7.8,4.35,2.2,-2.65,-0.45,False,False
South Harrison,2026-09-08,Gallatin,,12,1,W,9.42,1.65,2.58,0.65,3.22,False,False
South Harrison,2026-09-10,Brookfield,,9,6,W,8.33,4.04,0.67,-1.96,-1.28,False,False
South Harrison,2026-09-12,Holden,,6,8,L,9.93,3.69,-3.93,-4.31,-8.23,False,False
South Harrison,2026-09-12,Kirksville,,9,3,W,7.38,5.08,1.62,2.08,3.7,False,False
South Harrison,2026-09-12,Macon,,8,6,W,8.81,4.19,-0.81,-1.81,-2.63,False,False
South Harrison,2026-09-14,Plattsburg,,19,0,W,23.55,-5.88,-4.55,-5.88,-10.43,False,False
South Harrison,2026-09-15,Milan,,16,1,W,19.62,-4.4,-3.62,-5.4,-9.01,False,False
South Harrison,2026-09-17,Marceline,,1,4,L,4.18,7.25,-3.18,3.25,0.07,False,False
South Harrison,2026-09-18,Linn,,8,5,W,6.05,6.29,1.95,1.29,3.24,False,False
South Harrison,2026-09-18,Southern Boone,,2,3,L,4.57,7.53,-2.57,4.53,1.96,False,False
South Harrison,2026-09-19,Capital City,,4,13,L,5.31,5.14,-1.31,-7.86,-9.18,False,False
South Harrison,2026-09-21,Lathrop,,13,0,W,8.39,8.37,4.61,8.37,12.98,False,False
South Harrison,2026-09-22,Trenton,,12,1,W,9.29,1.6,2.71,0.6,3.31,False,False
South Harrison,2026-09-24,Putnam County,,5,0,W,7.66,0.86,-2.66,0.86,-1.79,False,False
South Harrison,2026-09-28,North Platte,,14,4,W,10.36,4.97,3.64,0.97,4.61,False,False
South Harrison,2026-10-05,Maysville,,,,,9.52,3.11,,,,False,False
South Harrison,2026-10-06,Chillicothe,,,,,1.26,8.06,,,,False,False
South Harrison,2026-10-08,Savannah,,,,,6.4,9.38,,,,False,False
South Shelby,2026-09-02,Paris,,6,12,L,1.99,11.58,4.01,-0.42,3.59,False,False
South Shelby,2026-09-03,Schuyler County,,4,17,L,3.45,11.35,0.55,-5.65,-5.1,False,False
South Shelby,2026-09-08,Clopton,,8,10,L,3.18,11.16,4.82,1.16,5.98,False,False
South Shelby,2026-09-10,Marion County,,14,0,W,16.95,3.63,-2.95,3.63,0.68,False,False
South Shelby,2026-09-14,La Plata,,4,5,L,10.89,8.43,-6.89,3.43,-3.46,False,False
South Shelby,2026-09-17,Monroe City,,8,16,L,2.0,14.77,6.0,-1.23,4.77,False,False
South Shelby,2026-09-21,Macon,,0,10,L,1.54,13.6,-1.54,3.6,2.06,False,False
South Shelby,2026-09-22,Palmyra,,2,14,L,2.8,13.01,-0.8,-0.99,-1.79,False,False
South Shelby,2026-09-24,Harrisburg,,1,16,L,-2.34,16.38,3.34,0.38,3.72,False,False
South Shelby,2026-09-26,Community,,2,8,L,2.28,10.97,-0.28,2.97,2.7,False,False
South Shelby,2026-09-26,Salisbury,,0,17,L,-0.64,15.02,0.64,-1.98,-1.35,False,False
South Shelby,2026-09-28,Centralia,,0,20,L,-4.06,16.85,4.06,-3.15,0.92,False,False
South Shelby,2026-09-29,Knox County,,6,11,L,6.78,10.1,-0.78,-0.9,-1.68,False,False
South Shelby,2026-09-30,Mark Twain,,2,17,L,1.78,12.83,0.22,-4.17,-3.95,False,False
South Shelby,2026-10-01,North Shelby,,,,,-2.07,12.9,,,,False,False
South Shelby,2026-10-06,Highland,,,,,-0.55,17.13,,,,False,False
South Shelby,2026-10-08,Clark County,,,,,3.05,12.07,,,,False,False
South Shelby,2026-10-12,Northeast (Cairo),,,,,4.23,12.21,,,,False,False
Southern Boone,2026-08-27,Northeast (Cairo),,11,2,W,12.29,0.62,-1.29,-1.38,-2.67,False,False
Southern Boone,2026-08-29,Hallsville with Christian Fellowship Sr.,,4,1,W,9.12,1.63,-5.12,0.63,-4.49,False,False
Southern Boone,2026-08-29,Harrisburg,,11,4,W,5.71,4.79,5.29,0.79,6.08,False,False
Southern Boone,2026-08-31,Fulton,,20,1,W,17.63,-0.24,2.37,-1.24,1.13,False,False
Southern Boone,2026-09-01,Fatima,,1,0,W,6.14,3.97,-5.14,3.97,-1.17,False,False
Southern Boone,2026-09-03,Eldon,,13,1,W,6.27,0.64,6.73,-0.36,6.37,False,False
Southern Boone,2026-09-08,Hickman,,2,1,W,6.24,6.16,-4.24,5.16,0.92,False,False
Southern Boone,2026-09-09,Macon,,13,5,W,9.6,2.01,3.4,-2.99,0.42,False,False
Southern Boone,2026-09-11,Oak Park,,10,0,W,12.07,1.0,-2.07,1.0,-1.08,False,False
Southern Boone,2026-09-11,Montgomery County,,3,2,W,5.98,2.04,-2.98,0.04,-2.94,False,False
Southern Boone,2026-09-12,Marshfield,,4,15,L,5.22,4.36,-1.22,-10.64,-11.86,False,False
Southern Boone,2026-09-12,Iberia,,17,2,W,8.55,2.42,8.45,0.42,8.87,False,False
Southern Boone,2026-09-14,Boonville,,9,3,W,10.35,0.58,-1.35,-2.42,-3.77,False,False
Southern Boone,2026-09-17,California,,14,2,W,12.36,0.14,1.64,-1.86,-0.22,False,False
Southern Boone,2026-09-18,Linn,,6,5,W,6.83,4.11,-0.83,-0.89,-1.72,False,False
Southern Boone,2026-09-18,South Harrison,,3,2,W,7.53,4.57,-4.53,2.57,-1.96,False,False
Southern Boone,2026-09-19,Hickman,,12,2,W,6.24,6.16,5.76,4.16,9.92,False,False
Southern Boone,2026-09-22,Helias Catholic,,2,12,L,3.52,7.33,-1.52,-4.67,-6.19,False,False
Southern Boone,2026-09-23,Kirksville,,9,1,W,8.16,2.91,0.84,1.91,2.74,False,False
Southern Boone,2026-09-24,Hallsville with Christian Fellowship Sr.,,11,2,W,9.12,1.63,1.88,-0.37,1.51,False,False
Southern Boone,2026-09-29,Capital City,,3,1,W,6.1,2.96,-3.1,1.96,-1.14,False,False
Southern Boone,2026-10-01,Father Tolton,,,,,10.21,-0.89,,,,False,False
Southern Boone,2026-10-06,Blair Oaks,,,,,7.32,2.61,,,,False,False
Southern Boone,2026-10-07,Jefferson City,,,,,12.68,1.55,,,,False,False
Southern Boone,2026-10-08,Osage,,,,,8.82,2.71,,,,False,False
Southern Boone,2026-10-10,Harrisburg,,,,,5.71,4.79,,,,False,False
Southern Boone,2026-10-10,Webster Groves,,,,,10.26,0.82,,,,False,False
St. Charles West with St. Charles,2026-08-28,St. Pius X (Festus),,7,1,W,13.04,3.09,-6.04,2.09,-3.94,False,False
St. Charles West with St. Charles,2026-08-29,Valley Park,,1,10,L,7.38,8.63,-6.38,-1.37,-7.76,False,False
St. Charles West with St. Charles,2026-08-29,St. Louis Patriots Sr.,,15,4,W,,,,,,False,False
St. Charles West with St. Charles,2026-09-01,Warrenton,,4,5,L,5.5,5.65,-1.5,0.65,-0.85,False,False
St. Charles West with St. Charles,2026-09-03,Orchard Farm,,11,1,W,9.65,3.85,1.35,2.85,4.2,False,False
St. Charles West with St. Charles,2026-09-08,Lutheran South,,12,2,W,9.09,4.27,2.91,2.27,5.18,False,False
St. Charles West with St. Charles,2026-09-10,Holt,,13,5,W,9.41,7.46,3.59,2.46,6.05,False,False
St. Charles West with St. Charles,2026-09-11,Ft. Zumwalt North,,16,6,W,8.53,8.04,7.47,2.04,9.51,False,False
St. Charles West with St. Charles,2026-09-14,Wright City,,7,9,L,6.1,6.61,0.9,-2.39,-1.49,False,False
St. Charles West with St. Charles,2026-09-15,Winfield,,1,4,L,0.95,8.26,0.05,4.26,4.32,False,False
St. Charles West with St. Charles,2026-09-17,Rockwood Summit,,8,10,L,5.26,7.47,2.74,-2.53,0.22,False,False
St. Charles West with St. Charles,2026-09-19,Ft. Zumwalt South,,10,9,W,8.64,8.27,1.36,-0.73,0.63,False,False
St. Charles West with St. Charles,2026-09-19,Ft. Zumwalt East,,8,6,W,6.65,4.76,1.35,-1.24,0.11,False,False
St. Charles West with St. Charles,2026-09-22,Orchard Farm,,5,6,L,9.65,3.85,-4.65,-2.15,-6.8,False,False
St. Charles West with St. Charles,2026-09-25,North Point,,7,1,W,5.27,6.14,1.73,5.14,6.88,False,False
St. Charles West with St. Charles,2026-09-28,Ritenour,,8,10,L,10.2,5.07,-2.2,-4.93,-7.13,False,False
St. Charles West with St. Charles,2026-09-29,Holt,,3,12,L,9.41,7.46,-6.41,-4.54,-10.95,False,False
St. Charles West with St. Charles,2026-10-01,Winfield,,,,,0.95,8.26,,,,False,False
St. Charles West with St. Charles,2026-10-02,Ladue Horton Watkins,,,,,12.41,1.21,,,,False,False
St. Charles West with St. Charles,2026-10-05,St. Pius X (Festus),,,,,13.04,3.09,,,,False,False
St. Charles West with St. Charles,2026-10-06,Warrenton,,,,,5.5,5.65,,,,False,False
St. Charles West with St. Charles,2026-10-08,Lutheran St. Charles with Veritas Christian Academy,,,,,12.11,6.02,,,,False,False
St. Charles West with St. Charles,2026-10-09,St. Louis Patriots Sr.,,,,,,,,,,False,False
St. Charles West with St. Charles,2026-10-12,Pattonville,,,,,10.13,4.15,,,,False,False
St. Charles West with St. Charles,2026-10-13,Incarnate Word Academy,,,,,4.21,7.64,,,,False,False
St. Charles West with St. Charles,2026-10-13,Valley Park,,,,,7.38,8.63,,,,False,False
St. Clair,2026-08-29,Community,,2,12,L,0.89,11.01,1.11,-0.99,0.13,False,False
St. Clair,2026-08-29,Montgomery County,,0,15,L,-3.46,13.67,3.46,-1.33,2.13,False,False
St. Clair,2026-08-29,Father Tolton,,3,8,L,0.76,10.74,2.24,2.74,4.98,False,False
St. Clair,2026-09-01,Wright City,,0,19,L,0.78,13.21,-0.78,-5.79,-6.57,False,False
St. Clair,2026-09-03,Herculaneum with Crystal City,,15,0,W,12.03,6.88,2.97,6.88,9.85,False,False
St. Clair,2026-09-08,Owensville,,7,18,L,2.21,13.42,4.79,-4.58,0.21,False,False
St. Clair,2026-09-10,Hermann with New Haven,,12,22,L,9.68,13.76,2.32,-8.24,-5.92,False,False
St. Clair,2026-09-11,Bayless,,16,0,W,12.49,6.42,3.51,6.42,9.93,False,False
St. Clair,2026-09-14,Jefferson (Festus),,2,4,L,3.35,11.34,-1.35,7.34,5.99,False,False
St. Clair,2026-09-15,Union,,1,11,L,4.13,14.24,-3.13,3.24,0.11,False,False
St. Clair,2026-09-16,Washington,,0,16,L,-3.76,17.49,3.76,1.49,5.24,False,False
St. Clair,2026-09-23,St. Francis Borgia,,3,18,L,-0.66,15.23,3.66,-2.77,0.9,False,False
St. Clair,2026-09-24,Pacific,,0,12,L,0.22,12.64,-0.22,0.64,0.42,False,False
St. Clair,2026-09-26,Hermann with New Haven,,3,20,L,9.68,13.76,-6.68,-6.24,-12.92,False,False
St. Clair,2026-09-26,Jefferson (Festus),,0,10,L,3.35,11.34,-3.35,1.34,-2.01,False,False
St. Clair,2026-09-28,St. James,,4,5,L,6.05,7.48,-2.05,2.48,0.43,False,False
St. Clair,2026-09-29,Sullivan,,0,10,L,-0.85,15.37,0.85,5.37,6.22,False,False
St. Clair,2026-09-30,DeSoto,,2,17,L,3.46,10.36,-1.46,-6.64,-8.1,False,False
St. Clair,2026-10-06,St. Pius X (Festus),,,,,7.71,9.69,,,,False,False
St. Clair,2026-10-08,Cuba,,,,,18.09,6.35,,,,False,False
St. Dominic,2026-08-27,St. Francis Borgia,,8,5,W,4.3,5.24,3.7,0.24,3.94,False,False
St. Dominic,2026-08-28,Holt,,11,3,W,9.05,4.06,1.95,1.06,3.01,False,False
St. Dominic,2026-08-28,Winfield,,0,7,L,0.59,4.87,-0.59,-2.13,-2.72,False,False
St. Dominic,2026-08-29,Hickman,,1,3,L,1.77,7.8,-0.77,4.8,4.04,False,False
St. Dominic,2026-08-29,St. Joseph's Academy,,5,1,W,3.78,3.21,1.22,2.21,3.43,False,False
St. Dominic,2026-09-01,Lutheran St. Charles with Veritas Christian Academy,,13,0,W,11.76,2.63,1.24,2.63,3.87,False,False
St. Dominic,2026-09-03,Notre Dame (St. Louis),,15,0,W,16.5,-0.64,-1.5,-0.64,-2.14,False,False
St. Dominic,2026-09-04,Francis Howell Central,,5,5,T,5.57,5.57,-0.57,0.57,-0.01,False,False
St. Dominic,2026-09-04,Highland,,0,15,L,3.03,7.18,-3.03,-7.82,-10.85,False,False
St. Dominic,2026-09-05,Festus,,2,0,W,0.96,5.33,1.04,5.33,6.37,False,False
St. Dominic,2026-09-05,Lafayette (Wildwood),,4,8,L,1.09,7.01,2.91,-0.99,1.92,False,False
St. Dominic,2026-09-08,St. Joseph's Academy,,2,1,W,3.78,3.21,-1.78,2.21,0.43,False,False
St. Dominic,2026-09-12,Union,,5,0,W,9.1,4.25,-4.1,4.25,0.15,False,False
St. Dominic,2026-09-12,Washington,,2,9,L,1.21,7.5,0.79,-1.5,-0.72,False,False
St. Dominic,2026-09-14,Warrenton,,4,7,L,5.15,2.26,-1.15,-4.74,-5.89,False,False
St. Dominic,2026-09-15,Incarnate Word Academy,,5,8,L,3.86,4.25,1.14,-3.75,-2.61,False,False
St. Dominic,2026-09-16,Francis Howell North,,3,9,L,0.91,7.22,2.09,-1.78,0.31,False,False
St. Dominic,2026-09-21,Rockwood Summit,,1,6,L,4.9,4.08,-3.9,-1.92,-5.82,False,False
St. Dominic,2026-09-22,Ursuline Academy,,16,0,W,13.04,-1.84,2.96,-1.84,1.12,False,False
St. Dominic,2026-09-24,Cor Jesu Academy,,3,5,L,1.99,7.72,1.01,2.72,3.74,False,False
St. Dominic,2026-09-28,Ft. Zumwalt West,,0,12,L,-0.72,8.67,0.72,-3.33,-2.61,False,False
St. Dominic,2026-09-29,Marquette,,0,2,L,0.97,5.85,-0.97,3.85,2.88,False,False
St. Dominic,2026-10-02,Timberland,,,,,-0.51,7.3,,,,False,False
St. Dominic,2026-10-07,Ritenour,,,,,9.85,1.68,,,,False,False
St. Dominic,2026-10-09,Holt,,,,,9.05,4.06,,,,False,False
St. Dominic,2026-10-12,Eureka,,,,,-0.49,7.72,,,,False,False
St. Elizabeth,2026-08-28,Festus,,1,8,L,3.73,5.2,-2.73,-2.8,-5.53,False,False
St. Elizabeth,2026-08-28,Rolla,,6,4,W,6.46,3.58,-0.46,-0.42,-0.88,False,False
St. Elizabeth,2026-08-29,St. Francis Borgia,,9,6,W,7.07,5.11,1.93,-0.89,1.04,False,False
St. Elizabeth,2026-08-29,Union,,12,2,W,11.87,4.11,0.13,2.11,2.25,False,False
St. Elizabeth,2026-09-01,Pilot Grove,,20,2,W,15.91,-1.15,4.09,-3.15,0.94,False,False
St. Elizabeth,2026-09-03,California,,10,3,W,10.65,1.64,-0.65,-1.36,-2.0,False,False
St. Elizabeth,2026-09-04,Jefferson City,,11,0,W,10.97,3.06,0.03,3.06,3.08,False,False
St. Elizabeth,2026-09-08,Camdenton,,16,2,W,15.05,-0.59,0.95,-2.59,-1.64,False,False
St. Elizabeth,2026-09-11,Lee's Summit,,3,5,L,4.47,4.73,-1.47,-0.27,-1.74,False,False
St. Elizabeth,2026-09-11,Park Hill,,0,4,L,2.78,5.1,-2.78,1.1,-1.68,False,False
St. Elizabeth,2026-09-12,Kirkwood,,13,0,W,8.24,0.83,4.76,0.83,5.59,False,False
St. Elizabeth,2026-09-12,Willard,,0,15,L,3.18,9.17,-3.18,-5.83,-9.01,False,False
St. Elizabeth,2026-09-14,Centralia,,2,3,L,2.29,6.77,-0.29,3.77,3.49,False,False
St. Elizabeth,2026-09-15,Fatima,,1,4,L,4.43,5.48,-3.43,1.48,-1.96,False,False
St. Elizabeth,2026-09-18,New Bloomfield,,,,,9.99,1.8,,,,False,False
St. Elizabeth,2026-09-22,Iberia,,7,3,W,6.85,3.93,0.15,0.93,1.09,False,False
St. Elizabeth,2026-09-23,Vienna,,12,3,W,8.12,1.88,3.88,-1.12,2.76,False,False
St. Elizabeth,2026-09-24,California,,14,4,W,10.65,1.64,3.35,-2.36,1.0,False,False
St. Elizabeth,2026-09-25,Tuscumbia,,13,0,W,14.72,-0.57,-1.72,-0.57,-2.29,False,False
St. Elizabeth,2026-09-26,Lone Jack,,10,1,W,8.85,1.65,1.15,0.65,1.81,False,False
St. Elizabeth,2026-09-29,Russellville,,11,1,W,8.42,3.96,2.58,2.96,5.54,False,False
St. Elizabeth,2026-10-01,Jamestown,,,,,12.34,1.89,,,,False,False
St. Elizabeth,2026-10-06,Eugene,,,,,5.58,5.8,,,,False,False
St. Elizabeth,2026-10-08,Linn,,,,,5.12,5.62,,,,False,False
St. Elizabeth,2026-10-12,Crocker,,,,,13.18,2.12,,,,False,False
St. Francis Borgia,2026-08-27,St. Dominic,,5,8,L,5.24,4.3,-0.24,-3.7,-3.94,False,False
St. Francis Borgia,2026-08-28,Elsberry,,5,18,L,4.43,7.46,0.57,-10.54,-9.97,False,False
St. Francis Borgia,2026-08-28,Warrenton,,5,4,W,7.87,4.04,-2.87,0.04,-2.83,False,False
St. Francis Borgia,2026-08-29,Jefferson City,,13,0,W,10.93,4.97,2.07,4.97,7.05,False,False
St. Francis Borgia,2026-08-29,St. Elizabeth,,6,9,L,5.11,7.07,0.89,-1.93,-1.04,False,False
St. Francis Borgia,2026-08-31,Festus,,9,15,L,3.68,7.11,5.32,-7.89,-2.57,False,False
St. Francis Borgia,2026-09-01,Owensville,,9,2,W,9.9,5.21,-0.9,3.21,2.31,False,False
St. Francis Borgia,2026-09-02,Warrenton,,7,2,W,7.87,4.04,-0.87,2.04,1.17,False,False
St. Francis Borgia,2026-09-09,St. Joseph's Academy,,8,0,W,6.5,4.99,1.5,4.99,6.49,False,False
St. Francis Borgia,2026-09-10,Lutheran St. Charles with Veritas Christian Academy,,16,4,W,14.48,4.41,1.52,0.41,1.93,False,False
St. Francis Borgia,2026-09-11,Northwest (Cedar Hill),,6,10,L,6.33,6.73,-0.33,-3.27,-3.59,False,False
St. Francis Borgia,2026-09-11,Staley,,0,1,L,3.23,6.4,-3.23,5.4,2.17,False,False
St. Francis Borgia,2026-09-12,Bolivar,,9,6,W,6.98,7.83,2.02,1.83,3.85,False,False
St. Francis Borgia,2026-09-12,Smith-Cotton,,9,0,W,7.43,3.65,1.57,3.65,5.22,False,False
St. Francis Borgia,2026-09-14,Fatima,,8,6,W,4.39,7.39,3.61,1.39,5.01,False,False
St. Francis Borgia,2026-09-15,Eureka,,0,10,L,2.23,9.5,-2.23,-0.5,-2.73,False,False
St. Francis Borgia,2026-09-16,Westminster Christian Academy,,2,7,L,3.36,8.5,-1.36,1.5,0.15,False,False
St. Francis Borgia,2026-09-22,Windsor (Imperial),,0,13,L,4.8,7.02,-4.8,-5.98,-10.78,False,False
St. Francis Borgia,2026-09-23,St. Clair,,18,3,W,15.23,-0.66,2.77,-3.66,-0.9,False,False
St. Francis Borgia,2026-09-24,Incarnate Word Academy,,1,4,L,6.58,6.03,-5.58,2.03,-3.55,False,False
St. Francis Borgia,2026-09-28,Pacific,,11,0,W,7.91,4.43,3.09,4.43,7.52,False,False
St. Francis Borgia,2026-09-30,Washington,,4,8,L,3.94,9.28,0.06,1.28,1.34,False,False
St. Francis Borgia,2026-10-01,Union,,,,,11.82,6.03,,,,False,False
St. Francis Borgia,2026-10-02,Linn,,,,,5.08,7.54,,,,False,False
St. Francis Borgia,2026-10-06,Sullivan,,,,,6.84,7.16,,,,False,False
St. Francis Borgia,2026-10-07,Parkway West,,,,,3.48,8.25,,,,False,False
St. Francis Borgia,2026-10-08,St. Pius X (Festus),,,,,15.4,1.48,,,,False,False
St. Francis Borgia,2026-10-09,Union,,,,,11.82,6.03,,,,False,False
St. Francis Borgia,2026-10-09,Willard,,,,,3.13,11.09,,,,False,False
St. Francis Borgia,2026-10-12,Holt,,,,,11.77,5.84,,,,False,False
St. James,2026-08-27,Vienna,,0,10,L,0.31,10.51,-0.31,0.51,0.19,False,False
St. James,2026-09-03,South Callaway,,4,6,L,2.9,8.89,1.1,2.89,4.0,False,False
St. James,2026-09-08,Sullivan,,0,15,L,-0.92,13.87,0.92,-1.13,-0.21,False,False
St. James,2026-09-10,Union,,6,16,L,4.06,12.74,1.94,-3.26,-1.32,False,False
St. James,2026-09-11,Dixon,,2,20,L,4.4,12.7,-2.4,-7.3,-9.71,False,False
St. James,2026-09-12,Hermann with New Haven,,9,16,L,9.62,12.27,-0.62,-3.73,-4.35,False,False
St. James,2026-09-12,Newburg,,6,7,L,8.29,6.42,-2.29,-0.58,-2.87,False,False
St. James,2026-09-12,Cuba,,17,2,W,18.02,4.85,-1.02,2.85,1.83,False,False
St. James,2026-09-14,Cuba,,14,4,W,18.02,4.85,-4.02,0.85,-3.17,False,False
St. James,2026-09-16,Laquey,,22,0,W,15.5,0.23,6.5,0.23,6.74,False,False
St. James,2026-09-18,Richland,,13,3,W,10.87,5.72,2.13,2.72,4.85,False,False
St. James,2026-09-22,Pacific,,3,8,L,0.15,11.14,2.85,3.14,5.99,False,False
St. James,2026-09-24,Hermann with New Haven,,14,17,L,9.62,12.27,4.38,-4.73,-0.35,False,False
St. James,2026-09-26,Hermann with New Haven,,12,10,W,9.62,12.27,2.38,2.27,4.65,False,False
St. James,2026-09-26,Dixon,,2,11,L,4.4,12.7,-2.4,1.7,-0.71,False,False
St. James,2026-09-26,Jefferson (Festus),,0,4,L,3.28,9.84,-3.28,5.84,2.56,False,False
St. James,2026-09-28,St. Clair,,5,4,W,7.48,6.05,-2.48,2.05,-0.43,False,False
St. James,2026-09-29,Owensville,,0,15,L,2.15,11.92,-2.15,-3.08,-5.22,False,False
St. James,2026-10-03,Hermann with New Haven,,,,,9.62,12.27,,,,False,False
St. James,2026-10-05,Newburg,,,,,8.29,6.42,,,,False,False
St. James,2026-10-07,Stoutland,,,,,4.63,9.04,,,,False,False
St. James,2026-10-08,Crocker,,,,,5.37,10.75,,,,False,False
St. Joseph's Academy,2026-08-27,Ft. Zumwalt North,,16,5,W,8.86,5.9,7.14,0.9,8.04,False,False
St. Joseph's Academy,2026-08-28,Bowling Green,,8,1,W,8.66,5.94,-0.66,4.94,4.27,False,False
St. Joseph's Academy,2026-08-28,Francis Howell Central,,3,7,L,6.26,6.82,-3.26,-0.18,-3.44,False,False
St. Joseph's Academy,2026-08-29,St. Dominic,,1,5,L,3.21,3.78,-2.21,-1.22,-3.43,False,False
St. Joseph's Academy,2026-08-29,North Point,,7,9,L,5.6,4.01,1.4,-4.99,-3.59,False,False
St. Joseph's Academy,2026-09-01,Webster Groves,,10,0,W,6.47,3.72,3.53,3.72,7.25,False,False
St. Joseph's Academy,2026-09-02,Lafayette (Wildwood),,0,10,L,1.78,8.26,-1.78,-1.74,-3.51,False,False
St. Joseph's Academy,2026-09-08,St. Dominic,,1,2,L,3.21,3.78,-2.21,1.78,-0.43,False,False
St. Joseph's Academy,2026-09-09,St. Francis Borgia,,0,8,L,4.99,6.5,-4.99,-1.5,-6.49,False,False
St. Joseph's Academy,2026-09-11,St. Pius X (Festus),,,,,13.37,0.96,,,,False,False
St. Joseph's Academy,2026-09-14,Ritenour,,17,0,W,10.53,2.93,6.47,2.93,9.4,False,False
St. Joseph's Academy,2026-09-15,Notre Dame (St. Louis),,15,4,W,17.19,0.62,-2.19,-3.38,-5.57,False,False
St. Joseph's Academy,2026-09-16,Lutheran St. Charles with Veritas Christian Academy,,15,4,W,12.44,3.89,2.56,-0.11,2.44,False,False
St. Joseph's Academy,2026-09-18,Westminster Christian Academy,,0,7,L,1.32,7.98,-1.32,0.98,-0.34,False,False
St. Joseph's Academy,2026-09-19,Hannibal,,6,2,W,6.23,3.35,-0.23,1.35,1.12,False,False
St. Joseph's Academy,2026-09-19,Winfield,,0,10,L,1.28,6.13,-1.28,-3.87,-5.15,False,False
St. Joseph's Academy,2026-09-21,Fox,,3,4,L,4.7,5.38,-1.7,1.38,-0.32,False,False
St. Joseph's Academy,2026-09-22,Cor Jesu Academy,,2,14,L,2.67,8.98,-0.67,-5.02,-5.7,False,False
St. Joseph's Academy,2026-09-24,Parkway West,,1,7,L,1.45,7.72,-0.45,0.72,0.28,False,False
St. Joseph's Academy,2026-09-26,Festus,,1,7,L,1.64,6.59,-0.64,-0.41,-1.06,False,False
St. Joseph's Academy,2026-09-28,Pattonville,,15,0,W,10.46,2.02,4.54,2.02,6.56,False,False
St. Joseph's Academy,2026-09-29,Incarnate Word Academy,,6,5,W,4.54,5.5,1.46,0.5,1.96,False,False
St. Joseph's Academy,2026-09-30,Parkway North with Principia,,13,3,W,15.76,-0.78,-2.76,-3.78,-6.54,False,False
St. Joseph's Academy,2026-10-01,Eureka,,,,,0.2,8.98,,,,False,False
St. Joseph's Academy,2026-10-02,St. Pius X (Festus),,,,,13.37,0.96,,,,False,False
St. Joseph's Academy,2026-10-05,Hazelwood West,,,,,13.03,0.51,,,,False,False
St. Joseph's Academy,2026-10-06,Ursuline Academy,,,,,13.73,-0.58,,,,False,False
St. Joseph's Academy,2026-10-07,Kirkwood,,,,,6.16,2.22,,,,False,False
St. Joseph's Academy,2026-10-08,Lutheran South,,,,,9.42,2.13,,,,False,False
St. Joseph's Academy,2026-10-12,Oakville,,,,,2.54,3.86,,,,False,False
St. Louis Patriots Sr.,2026-08-28,Valley Park,,3,10,L,,,,,,False,False
St. Louis Patriots Sr.,2026-08-29,St. Charles West with St. Charles,,4,15,L,,,,,,False,False
St. Louis Patriots Sr.,2026-08-29,St. Pius X (Festus),,5,8,L,,,,,,False,False
St. Louis Patriots Sr.,2026-08-31,Incarnate Word Academy,,9,19,L,,,,,,False,False
St. Louis Patriots Sr.,2026-09-03,Hancock,,14,13,W,,,,,,False,False
St. Louis Patriots Sr.,2026-09-08,St. Pius X (Festus),,14,18,L,,,,,,False,False
St. Louis Patriots Sr.,2026-09-15,Webster Groves,,2,17,L,,,,,,False,False
St. Louis Patriots Sr.,2026-09-16,Warrenton,,0,10,L,,,,,,False,False
St. Louis Patriots Sr.,2026-09-17,Wellsville-Middletown,,,,,,,,,,False,False
St. Louis Patriots Sr.,2026-09-18,Wellsville-Middletown,,10,7,W,,,,,,False,False
St. Louis Patriots Sr.,2026-09-21,Clopton,,0,15,L,,,,,,False,False
St. Louis Patriots Sr.,2026-09-24,Notre Dame (St. Louis),,8,17,L,,,,,,False,False
St. Louis Patriots Sr.,2026-09-25,Clayton,,11,1,W,,,,,,False,False
St. Louis Patriots Sr.,2026-09-28,Hazelwood West,,2,13,L,,,,,,False,False
St. Louis Patriots Sr.,2026-09-29,Orchard Farm,,1,11,L,,,,,,False,False
St. Louis Patriots Sr.,2026-10-02,Valley Park,,,,,,,,,,False,False
St. Louis Patriots Sr.,2026-10-09,St. Charles West with St. Charles,,,,,,,,,,False,False
St. Louis Patriots Sr.,2026-10-12,Hermann with New Haven,,,,,,,,,,False,False
St. Louis Patriots Sr.,2026-10-13,Notre Dame (St. Louis),,,,,,,,,,False,False
St. Michael the Archangel,2026-08-28,Grandview,,16,1,W,13.52,4.25,2.48,3.25,5.73,False,False
St. Michael the Archangel,2026-08-28,North Kansas City,,19,4,W,17.19,3.85,1.81,-0.15,1.66,False,False
St. Michael the Archangel,2026-08-29,Grandview,,19,7,W,13.52,4.25,5.48,-2.75,2.73,False,False
St. Michael the Archangel,2026-08-29,North Kansas City,,15,0,W,17.19,3.85,-2.19,3.85,1.66,False,False
St. Michael the Archangel,2026-09-01,Lincoln College Prep,,17,1,W,24.81,-1.49,-7.81,-2.49,-10.3,False,False
St. Michael the Archangel,2026-09-02,Odessa,,6,9,L,7.13,9.84,-1.13,0.84,-0.29,False,False
St. Michael the Archangel,2026-09-03,Sherwood,,16,1,W,14.33,2.89,1.67,1.89,3.57,False,False
St. Michael the Archangel,2026-09-07,Grandview,,18,3,W,13.52,4.25,4.48,1.25,5.73,False,False
St. Michael the Archangel,2026-09-11,Lafayette County,,4,7,L,4.63,7.43,-0.63,0.43,-0.21,False,False
St. Michael the Archangel,2026-09-11,Owensville,,7,6,W,8.46,8.85,-1.46,2.85,1.39,False,False
St. Michael the Archangel,2026-09-12,Boonville,,8,13,L,7.15,7.65,0.85,-5.35,-4.51,False,False
St. Michael the Archangel,2026-09-12,Harrisonville,,10,5,W,11.13,6.46,-1.13,1.46,0.34,False,False
St. Michael the Archangel,2026-09-16,Lafayette County,,4,7,L,4.63,7.43,-0.63,0.43,-0.21,False,False
St. Michael the Archangel,2026-09-17,Summit Christian Academy,,3,16,L,7.87,7.39,-4.87,-8.61,-13.49,False,False
St. Michael the Archangel,2026-09-21,Bishop LeBlond,,17,2,W,17.96,6.93,-0.96,4.93,3.97,False,False
St. Michael the Archangel,2026-09-22,Lone Jack,,7,6,W,7.36,7.21,-0.36,1.21,0.86,False,False
St. Michael the Archangel,2026-09-28,Oak Grove,,4,13,L,1.86,10.99,2.14,-2.01,0.13,False,False
St. Michael the Archangel,2026-09-30,St. Pius X (Kansas City),,10,2,W,7.91,5.38,2.09,3.38,5.47,False,False
St. Michael the Archangel,2026-10-06,St. Teresa's Academy,,,,,8.39,6.31,,,,False,False
St. Michael the Archangel,2026-10-07,Oak Park,,,,,8.88,8.06,,,,False,False
St. Michael the Archangel,2026-10-12,Lexington,,,,,13.93,8.15,,,,False,False
St. Michael the Archangel,2026-10-13,Notre Dame de Sion,,,,,13.34,5.84,,,,False,False
St. Pius X (Festus),2026-08-28,St. Charles West with St. Charles,,1,7,L,3.09,13.04,-2.09,6.04,3.94,False,False
St. Pius X (Festus),2026-08-29,St. Louis Patriots Sr.,,8,5,W,,,,,,False,False
St. Pius X (Festus),2026-08-29,Valley Park,,10,21,L,4.21,15.39,5.79,-5.61,0.19,False,False
St. Pius X (Festus),2026-08-31,Ursuline Academy,,16,9,W,10.22,8.33,5.78,-0.67,5.1,False,False
St. Pius X (Festus),2026-09-01,Saxony Lutheran with St. Vincent,,0,12,L,3.4,12.24,-3.4,0.24,-3.16,False,False
St. Pius X (Festus),2026-09-08,St. Louis Patriots Sr.,,18,14,W,,,,,,False,False
St. Pius X (Festus),2026-09-09,Valley Park,,3,15,L,4.21,15.39,-1.21,0.39,-0.81,False,False
St. Pius X (Festus),2026-09-11,St. Joseph's Academy,,,,,0.96,13.37,,,,False,False
St. Pius X (Festus),2026-09-14,Lutheran St. Charles with Veritas Christian Academy,,3,18,L,8.94,12.79,-5.94,-5.21,-11.14,False,False
St. Pius X (Festus),2026-09-17,Notre Dame (St. Louis),,22,7,W,13.68,9.52,8.32,2.52,10.84,False,False
St. Pius X (Festus),2026-09-21,Chaffee,,3,19,L,-1.86,18.9,4.86,-0.1,4.76,False,False
St. Pius X (Festus),2026-09-22,Metro,,11,1,W,17.6,1.1,-6.6,0.1,-6.5,False,False
St. Pius X (Festus),2026-09-24,Kelly,,1,10,L,-0.17,13.51,1.17,3.51,4.68,False,False
St. Pius X (Festus),2026-09-26,Hermann with New Haven,,12,11,W,11.83,13.93,0.17,2.93,3.1,False,False
St. Pius X (Festus),2026-09-26,South Callaway,,2,13,L,5.11,10.56,-3.11,-2.44,-5.55,False,False
St. Pius X (Festus),2026-09-29,Lutheran South,,1,11,L,5.92,11.04,-4.92,0.04,-4.88,False,False
St. Pius X (Festus),2026-10-01,Fredericktown,,,,,3.36,11.61,,,,False,False
St. Pius X (Festus),2026-10-02,St. Joseph's Academy,,,,,0.96,13.37,,,,False,False
St. Pius X (Festus),2026-10-05,St. Charles West with St. Charles,,,,,3.09,13.04,,,,False,False
St. Pius X (Festus),2026-10-06,St. Clair,,,,,9.69,7.71,,,,False,False
St. Pius X (Festus),2026-10-08,St. Francis Borgia,,,,,1.48,15.4,,,,False,False
St. Pius X (Festus),2026-10-12,Central (Cape Girardeau),,,,,10.54,10.89,,,,False,False
St. Pius X (Kansas City),2026-08-27,Lone Jack,,4,9,L,3.51,5.9,0.49,-3.1,-2.61,False,False
St. Pius X (Kansas City),2026-08-29,Notre Dame de Sion,,12,0,W,9.5,4.52,2.5,4.52,7.02,False,False
St. Pius X (Kansas City),2026-09-02,Mid-Buchanan,,2,14,L,0.65,9.95,1.35,-4.05,-2.7,False,False
St. Pius X (Kansas City),2026-09-07,East Buchanan,,14,4,W,10.48,2.68,3.52,-1.32,2.2,False,False
St. Pius X (Kansas City),2026-09-08,Bishop LeBlond,,15,0,W,14.12,5.62,0.88,5.62,6.5,False,False
St. Pius X (Kansas City),2026-09-10,Benton,,1,4,L,1.38,8.84,-0.38,4.84,4.46,False,False
St. Pius X (Kansas City),2026-09-16,Winnetonka,,17,7,W,12.08,2.53,4.92,-4.47,0.45,False,False
St. Pius X (Kansas City),2026-09-17,Cameron,,2,10,L,1.74,8.79,0.26,-1.21,-0.95,False,False
St. Pius X (Kansas City),2026-09-22,Lawson,,0,10,L,3.99,9.17,-3.99,-0.83,-4.82,False,False
St. Pius X (Kansas City),2026-09-23,West Platte,,1,11,L,0.19,8.0,0.81,-3.0,-2.19,False,False
St. Pius X (Kansas City),2026-09-28,Odessa,,0,4,L,3.29,8.53,-3.29,4.53,1.24,False,False
St. Pius X (Kansas City),2026-09-30,St. Michael the Archangel,,2,10,L,5.38,7.91,-3.38,-2.09,-5.47,False,False
St. Pius X (Kansas City),2026-10-05,Excelsior Springs,,,,,1.54,7.93,,,,False,False
St. Pius X (Kansas City),2026-10-06,Savannah,,,,,0.14,12.96,,,,False,False
St. Pius X (Kansas City),2026-10-07,Lexington,,,,,10.09,6.83,,,,False,False
St. Pius X (Kansas City),2026-10-08,St. Teresa's Academy,,,,,4.54,5.0,,,,False,False
St. Pius X (Kansas City),2026-10-13,North Kansas City,,,,,13.35,2.54,,,,False,False
St. Teresa's Academy,2026-09-01,Marshall,,7,8,L,7.09,3.74,-0.09,-4.26,-4.35,False,False
St. Teresa's Academy,2026-09-03,Benton,,0,10,L,2.31,9.31,-2.31,-0.69,-3.0,False,False
St. Teresa's Academy,2026-09-08,East Buchanan,,10,4,W,11.41,3.15,-1.41,-0.85,-2.26,False,False
St. Teresa's Academy,2026-09-15,Notre Dame de Sion,,9,0,W,10.43,4.99,-1.43,4.99,3.56,False,False
St. Teresa's Academy,2026-09-18,Raytown South,,17,2,W,18.0,-0.72,-1.0,-2.72,-3.73,False,False
St. Teresa's Academy,2026-09-19,"Omaha Central H.S.(Omaha, NE)",,6,0,W,,,,,,False,False
St. Teresa's Academy,2026-09-19,Ruskin,,16,0,W,21.86,-3.51,-5.86,-3.51,-9.37,False,False
St. Teresa's Academy,2026-09-22,Lincoln College Prep,,16,0,W,21.9,-2.33,-5.9,-2.33,-8.23,False,False
St. Teresa's Academy,2026-09-23,Belton,,0,10,L,0.11,12.08,-0.11,2.08,1.97,False,False
St. Teresa's Academy,2026-09-24,Winnetonka,,24,0,W,13.01,3.0,10.99,3.0,13.99,False,False
St. Teresa's Academy,2026-09-26,Ursuline Academy,,,,,11.41,2.75,,,,False,False
St. Teresa's Academy,2026-09-27,Ursuline Academy,,,,,11.41,2.75,,,,False,False
St. Teresa's Academy,2026-09-30,Truman,,,,,2.19,9.07,,,,False,False
St. Teresa's Academy,2026-10-01,Summit Christian Academy,,,,,4.96,6.55,,,,False,False
St. Teresa's Academy,2026-10-02,Camdenton,,,,,10.65,4.13,,,,False,False
St. Teresa's Academy,2026-10-03,Carl Junction,,,,,4.45,7.44,,,,False,False
St. Teresa's Academy,2026-10-03,Sullivan,,,,,2.48,9.96,,,,False,False
St. Teresa's Academy,2026-10-06,St. Michael the Archangel,,,,,6.31,8.39,,,,False,False
St. Teresa's Academy,2026-10-08,St. Pius X (Kansas City),,,,,5.0,4.54,,,,False,False
Staley,2026-08-28,"Chatfield(Littleton, CO)",,5,2,W,,,,,,False,False
Staley,2026-08-28,"Horizon(Thornton, CO)",,14,2,W,,,,,,False,False
Staley,2026-08-29,"Cherokee Trails(Aurora , CO)",,7,8,L,,,,,,False,False
Staley,2026-08-29,"Stillwater(Stillwater, OK)",,10,17,L,,,,,,False,False
Staley,2026-08-31,Park Hill South,,14,3,W,6.74,3.65,7.26,0.65,7.91,False,False
Staley,2026-09-01,Smithville,,6,2,W,6.04,4.54,-0.04,2.54,2.5,False,False
Staley,2026-09-03,"Millard North(Omaha, NE)",,2,10,L,,,,,,False,False
Staley,2026-09-04,"Bellevue West(Bellevue, NE)",,3,4,L,,,,,,False,False
Staley,2026-09-04,"Papillion-La Vista South(Papillion, NE)",,5,6,L,,,,,,False,False
Staley,2026-09-08,Liberty North,,3,11,L,2.9,5.98,0.1,-5.02,-4.92,False,False
Staley,2026-09-11,Bolivar,,5,6,L,6.36,4.03,-1.36,-1.97,-3.33,False,False
Staley,2026-09-11,St. Francis Borgia,,1,0,W,6.4,3.23,-5.4,3.23,-2.17,False,False
Staley,2026-09-12,Northwest (Cedar Hill),,6,2,W,5.7,2.94,0.3,0.94,1.23,False,False
Staley,2026-09-12,Smith-Cotton,,7,4,W,6.81,-0.15,0.19,-4.15,-3.96,False,False
Staley,2026-09-14,Blue Springs South,,4,3,W,2.51,9.46,1.49,6.46,7.94,False,False
Staley,2026-09-15,Blue Springs,,4,0,W,3.2,2.53,0.8,2.53,3.33,False,False
Staley,2026-09-17,Lee's Summit West,,5,7,L,5.55,5.21,-0.55,-1.79,-2.34,False,False
Staley,2026-09-21,Lee's Summit,,2,1,W,3.8,2.85,-1.8,1.85,0.05,False,False
Staley,2026-09-23,Raymore-Peculiar,,0,13,L,3.94,7.9,-3.94,-5.1,-9.04,False,False
Staley,2026-09-24,Liberty North,,9,1,W,2.9,5.98,6.1,4.98,11.08,False,False
Staley,2026-09-28,Raymore-Peculiar,,3,9,L,3.94,7.9,-0.94,-1.1,-2.04,False,False
Staley,2026-09-29,Blue Springs South,,0,15,L,2.51,9.46,-2.51,-5.54,-8.06,False,False
Staley,2026-10-01,Lee's Summit,,,,,3.8,2.85,,,,False,False
Staley,2026-10-05,Lee's Summit West,,,,,5.55,5.21,,,,False,False
Staley,2026-10-06,Blue Springs,,,,,3.2,2.53,,,,False,False
Staley,2026-10-08,Park Hill,,,,,2.11,3.22,,,,False,False
Staley,2026-10-12,Kearney,,,,,4.39,3.31,,,,False,False
Stanberry,2026-08-29,Albany,,5,6,L,5.8,4.12,-0.8,-1.88,-2.68,False,False
Stanberry,2026-08-29,"Pattonsburg with North Daviess, Winston",,10,9,W,9.22,5.53,0.78,-3.47,-2.69,False,False
Stanberry,2026-08-29,Worth County,,5,8,L,5.94,4.36,-0.94,-3.64,-4.58,False,False
Stanberry,2026-08-31,Maysville,,10,8,W,8.15,4.59,1.85,-3.41,-1.56,False,False
Stanberry,2026-09-01,Albany,,5,3,W,5.8,4.12,-0.8,1.12,0.32,False,False
Stanberry,2026-09-03,North Harrison,,15,0,W,13.55,5.76,1.45,5.76,7.2,False,False
Stanberry,2026-09-08,Worth County,,8,7,W,5.94,4.36,2.06,-2.64,-0.58,False,False
Stanberry,2026-09-10,Princeton,,2,3,L,4.72,8.61,-2.72,5.61,2.89,False,False
Stanberry,2026-09-15,North Andrew,,,,,6.96,3.59,,,,False,False
Stanberry,2026-09-17,King City with Union Star,,,,,5.52,5.23,,,,False,False
Stanberry,2026-09-22,"Pattonsburg with North Daviess, Winston",,10,3,W,9.22,5.53,0.78,2.53,3.31,False,False
Stanberry,2026-09-24,Northeast Nodaway,,15,0,W,14.26,1.89,0.74,1.89,2.63,False,False
Stanberry,2026-09-28,Jefferson (Conception) with South Nodaway,,10,3,W,12.01,5.22,-2.01,2.22,0.21,False,False
Stanberry,2026-10-01,North Andrew,,,,,6.96,3.59,,,,False,False
Stanberry,2026-10-06,Benton,,,,,6.27,6.74,,,,False,False
Stanberry,2026-10-08,North Andrew,,,,,6.96,3.59,,,,False,False
Stanberry,2026-10-08,Stewartsville with Osborn,,,,,15.14,-0.12,,,,False,False
Stewartsville with Osborn,2026-09-01,Northeast Nodaway,,7,18,L,7.28,10.17,-0.28,-7.83,-8.11,False,False
Stewartsville with Osborn,2026-09-02,Polo,,5,11,L,7.47,11.59,-2.47,0.59,-1.88,False,False
Stewartsville with Osborn,2026-09-03,Jefferson (Conception) with South Nodaway,,3,18,L,5.03,13.5,-2.03,-4.5,-6.53,False,False
Stewartsville with Osborn,2026-09-09,North Platte,,12,13,L,2.02,14.73,9.98,1.73,11.71,False,False
Stewartsville with Osborn,2026-09-12,Carrollton,,2,14,L,6.64,14.77,-4.64,0.77,-3.87,False,False
Stewartsville with Osborn,2026-09-12,Penney,,2,13,L,2.46,12.14,-0.46,-0.86,-1.32,False,False
Stewartsville with Osborn,2026-09-12,Polo,,6,11,L,7.47,11.59,-1.47,0.59,-0.88,False,False
Stewartsville with Osborn,2026-09-17,Northeast Nodaway,,8,7,W,7.28,10.17,0.72,3.17,3.89,False,False
Stewartsville with Osborn,2026-09-21,Maysville,,2,3,L,1.18,12.87,0.82,9.87,10.7,False,False
Stewartsville with Osborn,2026-09-22,Jefferson (Conception) with South Nodaway,,7,5,W,5.03,13.5,1.97,8.5,10.47,False,False
Stewartsville with Osborn,2026-09-24,DeKalb,,7,17,L,5.48,11.73,1.52,-5.27,-3.74,False,False
Stewartsville with Osborn,2026-09-28,"Pattonsburg with North Daviess, Winston",,3,13,L,2.25,13.81,0.75,0.81,1.57,False,False
Stewartsville with Osborn,2026-09-29,King City with Union Star,,0,15,L,-1.46,13.51,1.46,-1.49,-0.03,False,False
Stewartsville with Osborn,2026-10-01,North Harrison,,,,,6.58,14.05,,,,False,False
Stewartsville with Osborn,2026-10-05,Plattsburg,,,,,15.2,3.88,,,,False,False
Stewartsville with Osborn,2026-10-06,North Andrew,,,,,-0.02,11.87,,,,False,False
Stewartsville with Osborn,2026-10-07,East Buchanan,,,,,8.39,8.86,,,,False,False
Stewartsville with Osborn,2026-10-08,Stanberry,,,,,-0.12,15.14,,,,False,False
"Stillwater(Stillwater, OK)",2026-08-29,Staley,,17,10,W,,,,,,False,False
"Stillwater(Stillwater, OK)",2026-08-29,Raymore-Peculiar,,22,19,W,,,,,,False,False
Stoutland,2026-08-27,Weaubleau,,11,0,W,9.8,5.67,1.2,5.67,6.88,False,False
Stoutland,2026-09-01,Newburg,,12,2,W,11.35,5.07,0.65,3.07,3.72,False,False
Stoutland,2026-09-02,Dixon,,0,10,L,7.46,11.35,-7.46,1.35,-6.12,False,False
Stoutland,2026-09-03,Crocker,,5,4,W,8.44,9.41,-3.44,5.41,1.97,False,False
Stoutland,2026-09-07,Climax Springs,,,,,19.56,1.68,,,,False,False
Stoutland,2026-09-08,Climax Springs,,14,1,W,19.56,1.68,-5.56,0.68,-4.88,False,False
Stoutland,2026-09-09,Wheatland,,13,8,W,6.94,6.77,6.06,-1.23,4.83,False,False
Stoutland,2026-09-11,Newburg,,16,1,W,11.35,5.07,4.65,4.07,8.72,False,False
Stoutland,2026-09-14,Osage,,6,12,L,2.37,11.5,3.63,-0.5,3.13,False,False
Stoutland,2026-09-15,Iberia,,4,14,L,2.1,11.21,1.9,-2.79,-0.89,False,False
Stoutland,2026-09-17,Crocker,,9,13,L,8.44,9.41,0.56,-3.59,-3.03,False,False
Stoutland,2026-09-18,Hermitage,,6,1,W,11.5,3.7,-5.5,2.7,-2.8,False,False
Stoutland,2026-09-18,Humansville,,1,6,L,13.45,4.01,-12.45,-1.99,-14.44,False,False
Stoutland,2026-09-19,Weaubleau,,16,7,W,9.8,5.67,6.2,-1.33,4.88,False,False
Stoutland,2026-09-21,Richland,,21,5,W,13.93,4.37,7.07,-0.63,6.44,False,False
Stoutland,2026-09-23,Waynesville,,8,14,L,9.05,7.3,-1.05,-6.7,-7.75,False,False
Stoutland,2026-09-24,Macks Creek,,12,2,W,11.04,3.16,0.96,1.16,2.12,False,False
Stoutland,2026-09-28,Naylor,,0,5,L,5.77,5.09,-5.77,0.09,-5.68,False,False
Stoutland,2026-09-28,Norwood,,14,10,W,7.9,7.02,6.1,-2.98,3.12,False,False
Stoutland,2026-09-30,Dixon,,5,12,L,7.46,11.35,-2.46,-0.65,-3.12,False,False
Stoutland,2026-10-01,Hartville,,,,,6.31,8.5,,,,False,False
Stoutland,2026-10-02,Tuscumbia,,,,,9.98,6.71,,,,False,False
Stoutland,2026-10-05,Laquey,,,,,18.56,-1.11,,,,False,False
Stoutland,2026-10-06,Hermitage,,,,,11.5,3.7,,,,False,False
Stoutland,2026-10-07,St. James,,,,,9.04,4.63,,,,False,False
Stoutland,2026-10-12,Vienna,,,,,3.38,9.16,,,,False,False
Sturgeon,2026-08-27,Jamestown,,12,7,W,6.31,8.11,5.69,1.11,6.8,False,False
Sturgeon,2026-09-01,Brashear,,15,2,W,13.55,2.18,1.45,0.18,1.63,False,False
Sturgeon,2026-09-03,Fayette,,2,15,L,-0.77,7.8,2.77,-7.2,-4.43,False,False
Sturgeon,2026-09-08,Slater with Malta Bend,,3,2,W,3.47,6.04,-0.47,4.04,3.58,False,False
Sturgeon,2026-09-10,New Bloomfield,,,,,3.95,8.01,,,,False,False
Sturgeon,2026-09-14,Westran,,1,11,L,8.68,8.61,-7.68,-2.39,-10.07,False,False
Sturgeon,2026-09-15,Pilot Grove,,7,9,L,9.88,5.07,-2.88,-3.93,-6.81,False,False
Sturgeon,2026-09-17,Madison,,7,1,W,8.33,4.01,-1.33,3.01,1.67,False,False
Sturgeon,2026-09-18,Community,,2,0,W,2.59,7.11,-0.59,7.11,6.52,False,False
Sturgeon,2026-09-22,Northeast (Cairo),,5,9,L,4.55,8.34,0.45,-0.66,-0.2,False,False
Sturgeon,2026-09-24,New Franklin,,9,15,L,6.53,6.25,2.47,-8.75,-6.28,False,False
Sturgeon,2026-09-26,Mark Twain,,1,2,L,2.09,8.97,-1.09,6.97,5.88,False,False
Sturgeon,2026-09-26,North Shelby,,3,7,L,-1.76,9.04,4.76,2.04,6.8,False,False
Sturgeon,2026-10-05,Wellsville-Middletown,,,,,16.32,3.43,,,,False,False
Sturgeon,2026-10-06,Glasgow,,,,,2.54,9.7,,,,False,False
Sturgeon,2026-10-07,Harrisburg,,,,,-2.03,12.51,,,,False,False
Sturgeon,2026-10-08,Paris,,,,,2.3,7.71,,,,False,False
Sturgeon,2026-10-10,Higbee,,,,,8.42,3.46,,,,False,False
Sullivan,2026-08-28,Logan-Rogersville,,7,5,W,5.61,6.06,1.39,1.06,2.45,False,False
Sullivan,2026-08-28,Mexico,,6,7,L,5.87,7.55,0.13,0.55,0.68,False,False
Sullivan,2026-08-28,Webster Groves,,6,2,W,8.64,4.06,-2.64,2.06,-0.58,False,False
Sullivan,2026-08-29,Fatima,,3,9,L,4.52,7.2,-1.52,-1.8,-3.32,False,False
Sullivan,2026-08-29,Liberty (Wentzville),,3,16,L,8.3,9.41,-5.3,-6.59,-11.89,False,False
Sullivan,2026-09-08,St. James,,15,0,W,13.87,-0.92,1.13,-0.92,0.21,False,False
Sullivan,2026-09-10,Cuba,,17,0,W,25.91,-2.05,-8.91,-2.05,-10.96,False,False
Sullivan,2026-09-14,Troy Buchanan,,0,13,L,0.43,8.97,-0.43,-4.03,-4.45,False,False
Sullivan,2026-09-15,Pacific,,14,0,W,8.04,4.24,5.96,4.24,10.2,False,False
Sullivan,2026-09-17,Hermann with New Haven,,12,0,W,17.51,5.36,-5.51,5.36,-0.14,False,False
Sullivan,2026-09-18,North County,,3,7,L,6.71,5.76,-3.71,-1.24,-4.95,False,False
Sullivan,2026-09-18,Rolla,,7,8,L,6.55,5.31,0.45,-2.69,-2.24,False,False
Sullivan,2026-09-21,Francis Howell,,12,11,W,0.93,8.38,11.07,-2.62,8.46,False,False
Sullivan,2026-09-22,Owensville,,13,3,W,10.04,5.02,2.96,2.02,4.98,False,False
Sullivan,2026-09-24,Union,,12,2,W,11.95,5.84,0.05,3.84,3.89,False,False
Sullivan,2026-09-28,Rolla,,7,2,W,6.55,5.31,0.45,3.31,3.76,False,False
Sullivan,2026-09-29,St. Clair,,10,0,W,15.37,-0.85,-5.37,-0.85,-6.22,False,False
Sullivan,2026-10-01,Helias Catholic,,,,,1.9,10.57,,,,False,False
Sullivan,2026-10-02,Carl Junction,,,,,8.94,4.44,,,,False,False
Sullivan,2026-10-02,Kickapoo,,,,,7.02,8.68,,,,False,False
Sullivan,2026-10-03,Cassville,,,,,7.17,3.21,,,,False,False
Sullivan,2026-10-03,St. Teresa's Academy,,,,,9.96,2.48,,,,False,False
Sullivan,2026-10-06,St. Francis Borgia,,,,,7.16,6.84,,,,False,False
Sullivan,2026-10-08,Washington,,,,,4.07,9.09,,,,False,False
Sullivan,2026-10-09,Father Tolton,,,,,8.58,2.34,,,,False,False
Sullivan,2026-10-09,Nixa,,,,,7.77,9.7,,,,False,False
Sullivan,2026-10-12,Windsor (Imperial),,,,,4.94,6.83,,,,False,False
Summit Christian Academy,2026-08-28,Bolivar,,5,7,L,3.7,10.12,1.3,3.12,4.42,False,False
Summit Christian Academy,2026-08-28,Battle,,7,5,W,5.37,8.17,1.63,3.17,4.8,False,False
Summit Christian Academy,2026-08-29,Branson,,1,14,L,4.35,8.26,-3.35,-5.74,-9.09,False,False
Summit Christian Academy,2026-08-29,Glendale,,1,10,L,5.27,7.28,-4.27,-2.72,-6.99,False,False
Summit Christian Academy,2026-09-08,Oak Grove,,0,10,L,0.02,9.63,-0.02,-0.37,-0.38,False,False
Summit Christian Academy,2026-09-14,Warrensburg,,1,11,L,4.54,8.68,-3.54,-2.32,-5.86,False,False
Summit Christian Academy,2026-09-15,Sherwood,,14,7,W,12.49,1.54,1.51,-5.46,-3.95,False,False
Summit Christian Academy,2026-09-17,St. Michael the Archangel,,16,3,W,7.39,7.87,8.61,4.87,13.49,False,False
Summit Christian Academy,2026-09-21,Kearney,,2,7,L,1.74,9.39,0.26,2.39,2.66,False,False
Summit Christian Academy,2026-09-22,Montrose with Appleton City,,18,5,W,16.52,0.83,1.48,-4.17,-2.69,False,False
Summit Christian Academy,2026-09-24,Lincoln College Prep,,14,1,W,22.97,-2.84,-8.97,-3.84,-12.81,False,False
Summit Christian Academy,2026-09-28,Harrisonville,,12,2,W,9.29,5.11,2.71,3.11,5.82,False,False
Summit Christian Academy,2026-09-30,Sherwood,,5,2,W,12.49,1.54,-7.49,-0.46,-7.95,False,False
Summit Christian Academy,2026-10-01,St. Teresa's Academy,,,,,6.55,4.96,,,,False,False
Summit Christian Academy,2026-10-06,Odessa,,,,,5.29,8.49,,,,False,False
"Syracuse(Syracuse, NE)",2026-09-12,Cameron,,5,10,L,,,,,,False,False
Timberland,2026-08-27,Cor Jesu Academy,,13,5,W,6.76,4.69,6.24,-0.31,5.93,False,False
Timberland,2026-08-28,Hillsboro,,1,15,L,8.52,1.67,-7.52,-13.33,-20.85,False,False
Timberland,2026-08-28,Oakville,,3,2,W,6.63,-0.42,-3.63,-2.42,-6.06,False,False
Timberland,2026-09-01,Ft. Zumwalt North,,13,2,W,12.95,1.62,0.05,-0.38,-0.33,False,False
Timberland,2026-09-03,North Point,,15,1,W,9.69,-0.28,5.31,-1.28,4.03,False,False
Timberland,2026-09-08,Washington,,1,2,L,5.99,4.47,-4.99,2.47,-2.52,False,False
Timberland,2026-09-10,Ft. Zumwalt South,,8,3,W,13.06,1.84,-5.06,-1.16,-6.22,False,False
Timberland,2026-09-11,Marquette,,5,3,W,5.75,2.82,-0.75,-0.18,-0.93,False,False
Timberland,2026-09-14,Liberty (Wentzville),,17,1,W,10.22,4.79,6.78,3.79,10.57,False,False
Timberland,2026-09-15,Ft. Zumwalt East,,16,1,W,11.07,-1.66,4.93,-2.66,2.26,False,False
Timberland,2026-09-21,Ft. Zumwalt West,,0,2,L,4.05,5.64,-4.05,3.64,-0.41,False,False
Timberland,2026-09-22,North Point,,10,0,W,9.69,-0.28,0.31,-0.28,0.03,False,False
Timberland,2026-09-25,Washington,,9,0,W,5.99,4.47,3.01,4.47,7.48,False,False
Timberland,2026-09-29,Ft. Zumwalt South,,14,1,W,13.06,1.84,0.94,0.84,1.78,False,False
Timberland,2026-10-01,Ft. Zumwalt East,,,,,11.07,-1.66,,,,False,False
Timberland,2026-10-02,St. Dominic,,,,,7.3,-0.51,,,,False,False
Timberland,2026-10-05,Ft. Zumwalt North,,,,,12.95,1.62,,,,False,False
Timberland,2026-10-06,Holt,,,,,13.83,1.03,,,,False,False
Timberland,2026-10-08,Francis Howell Central,,,,,10.35,2.54,,,,False,False
"Tina-Avalon with Bosworth, Hale",2026-08-31,Higbee,,4,19,L,3.48,14.26,0.52,-4.74,-4.22,False,False
"Tina-Avalon with Bosworth, Hale",2026-09-02,Meadville,,16,14,W,16.91,13.3,-0.91,-0.7,-1.61,False,False
"Tina-Avalon with Bosworth, Hale",2026-09-03,"Braymer with Breckenridge, Southwest (Livingston County)",,1,19,L,4.86,15.54,-3.86,-3.46,-7.32,False,False
"Tina-Avalon with Bosworth, Hale",2026-09-09,Plattsburg,,10,8,W,11.64,10.46,-1.64,2.46,0.82,False,False
"Tina-Avalon with Bosworth, Hale",2026-09-12,Meadville,,16,7,W,16.91,13.3,-0.91,6.3,5.39,False,False
"Tina-Avalon with Bosworth, Hale",2026-09-12,Milan,,10,14,L,7.71,11.95,2.29,-2.05,0.24,False,False
"Tina-Avalon with Bosworth, Hale",2026-09-12,Princeton,,0,12,L,-5.81,23.48,5.81,11.48,17.29,False,False
"Tina-Avalon with Bosworth, Hale",2026-09-14,Bucklin with Macon County,,20,10,W,16.05,9.52,3.95,-0.48,3.47,False,False
"Tina-Avalon with Bosworth, Hale",2026-09-17,Norborne with Hardin-Central,,12,20,L,13.73,15.01,-1.73,-4.99,-6.73,False,False
"Tina-Avalon with Bosworth, Hale",2026-09-26,"Brunswick with Keytesville, Northwestern (Mendon)",,0,13,L,-1.04,15.55,1.04,2.55,3.58,False,False
"Tina-Avalon with Bosworth, Hale",2026-09-26,Slater with Malta Bend,,1,17,L,-1.48,16.84,2.48,-0.16,2.32,False,False
"Tina-Avalon with Bosworth, Hale",2026-09-28,Slater with Malta Bend,,0,10,L,-1.48,16.84,1.48,6.84,8.32,False,False
"Tina-Avalon with Bosworth, Hale",2026-10-03,Lone Jack,,,,,-2.13,18.67,,,,False,False
"Tina-Avalon with Bosworth, Hale",2026-10-05,"Brunswick with Keytesville, Northwestern (Mendon)",,,,,-1.04,15.55,,,,False,False
"Tina-Avalon with Bosworth, Hale",2026-10-06,Glasgow,,,,,-2.4,20.49,,,,False,False
"Tina-Avalon with Bosworth, Hale",2026-10-08,"Pattonsburg with North Daviess, Winston",,,,,-1.31,20.4,,,,False,False
Trenton,2026-08-27,Worth County,,1,2,L,2.17,5.44,-1.17,3.44,2.27,False,False
Trenton,2026-08-29,Knob Noster,,14,2,W,10.67,0.52,3.33,-1.48,1.85,False,False
Trenton,2026-08-29,Warrensburg,,3,0,W,3.65,7.69,-0.65,7.69,7.04,False,False
Trenton,2026-08-29,Marshall,,9,3,W,7.27,2.24,1.73,-0.76,0.97,False,False
Trenton,2026-08-31,Lathrop,,1,11,L,3.25,10.92,-2.25,-0.08,-2.33,False,False
Trenton,2026-09-01,Savannah,,0,15,L,1.25,11.93,-1.25,-3.07,-4.33,False,False
Trenton,2026-09-08,Brookfield,,0,7,L,3.18,6.59,-3.18,-0.41,-3.59,False,False
Trenton,2026-09-12,Central (St. Joseph),,8,7,W,5.59,6.11,2.41,-0.89,1.52,False,False
Trenton,2026-09-12,North Platte,,2,4,L,5.22,7.51,-3.22,3.51,0.3,False,False
Trenton,2026-09-12,Richmond,,1,6,L,1.54,6.15,-0.54,0.15,-0.38,False,False
Trenton,2026-09-14,Penney,,,,,5.66,4.93,,,,False,False
Trenton,2026-09-15,Maysville,,7,2,W,4.37,5.66,2.63,3.66,6.29,False,False
Trenton,2026-09-21,Lawson,,7,19,L,5.1,8.14,1.9,-10.86,-8.96,False,False
Trenton,2026-09-22,South Harrison,,1,12,L,1.6,9.29,-0.6,-2.71,-3.31,False,False
Trenton,2026-09-24,Milan,,15,0,W,14.47,-1.85,0.53,-1.85,-1.32,False,False
Trenton,2026-09-29,Marceline,,0,11,L,-0.96,9.8,0.96,-1.2,-0.24,False,False
Trenton,2026-10-01,Putnam County,,,,,2.51,3.41,,,,False,False
Trenton,2026-10-05,Gallatin,,,,,4.28,4.19,,,,False,False
Trenton,2026-10-06,North Harrison,,,,,9.78,6.83,,,,False,False
Trenton,2026-10-08,Cameron,,,,,2.85,7.75,,,,False,False
Trenton,2026-10-08,Putnam County,,,,,2.51,3.41,,,,False,False
Trenton,2026-10-12,Chillicothe,,,,,-3.89,10.61,,,,False,False
Troy Buchanan,2026-08-28,Hickman,,4,3,W,6.62,2.85,-2.62,-0.15,-2.77,False,False
Troy Buchanan,2026-08-28,Highland,,10,0,W,7.88,2.23,2.12,2.23,4.35,False,False
Troy Buchanan,2026-08-29,Francis Howell North,,6,1,W,5.77,2.27,0.23,1.27,1.5,False,False
Troy Buchanan,2026-08-29,Winfield,,10,0,W,5.45,-0.08,4.55,-0.08,4.47,False,False
Troy Buchanan,2026-09-01,Francis Howell Central,,10,1,W,10.43,0.61,-0.43,-0.39,-0.82,False,False
Troy Buchanan,2026-09-03,Ft. Zumwalt West,,3,1,W,4.14,3.72,-1.14,2.72,1.59,False,False
Troy Buchanan,2026-09-08,Francis Howell North,,4,1,W,5.77,2.27,-1.77,1.27,-0.5,False,False
Troy Buchanan,2026-09-09,Washington,,1,9,L,6.07,2.54,-5.07,-6.46,-11.53,False,False
Troy Buchanan,2026-09-10,Francis Howell,,1,0,W,2.93,1.84,-1.93,1.84,-0.09,False,False
Troy Buchanan,2026-09-11,Rock Bridge,,2,7,L,3.75,2.94,-1.75,-4.06,-5.81,False,False
Troy Buchanan,2026-09-12,Lafayette (Wildwood),,8,2,W,5.95,2.06,2.05,0.06,2.11,False,False
Troy Buchanan,2026-09-12,Jackson,,6,0,W,6.84,0.67,-0.84,0.67,-0.17,False,False
Troy Buchanan,2026-09-14,Sullivan,,13,0,W,8.97,0.43,4.03,0.43,4.45,False,False
Troy Buchanan,2026-09-15,Liberty (Wentzville),,17,2,W,10.3,2.87,6.7,0.87,7.57,False,False
Troy Buchanan,2026-09-17,Francis Howell Central,,9,0,W,10.43,0.61,-1.43,0.61,-0.82,False,False
Troy Buchanan,2026-09-19,North Point,,8,2,W,9.77,-2.2,-1.77,-4.2,-5.97,False,False
Troy Buchanan,2026-09-19,Helias Catholic,,6,1,W,3.9,4.02,2.1,3.02,5.12,False,False
Troy Buchanan,2026-09-21,Eureka,,6,2,W,4.37,2.77,1.63,0.77,2.4,False,False
Troy Buchanan,2026-09-22,Ft. Zumwalt West,,6,2,W,4.14,3.72,1.86,1.72,3.59,False,False
Troy Buchanan,2026-09-23,Francis Howell North,,10,0,W,5.77,2.27,4.23,2.27,6.5,False,False
Troy Buchanan,2026-09-25,West Platte,,4,0,W,7.61,-1.07,-3.61,-1.07,-4.68,False,False
Troy Buchanan,2026-09-26,Clopton,,6,7,L,11.62,-3.74,-5.62,-10.74,-16.36,False,False
Troy Buchanan,2026-09-26,Louisiana,,10,7,W,17.6,-3.62,-7.6,-10.62,-18.22,False,False
Troy Buchanan,2026-09-26,"Owasso(Owasso , OK)",,3,6,L,,,,,,False,False
Troy Buchanan,2026-09-26,Liberty North,,4,5,L,5.66,3.04,-1.66,-1.96,-3.62,False,False
Troy Buchanan,2026-09-29,Francis Howell,,2,0,W,2.93,1.84,-0.93,1.84,0.91,False,False
Troy Buchanan,2026-10-01,Liberty (Wentzville),,,,,10.3,2.87,,,,False,False
Troy Buchanan,2026-10-09,Bowling Green,,,,,12.84,-0.27,,,,False,False
Troy Buchanan,2026-10-10,Elsberry,,,,,6.57,0.73,,,,False,False
Troy Buchanan,2026-10-10,Silex,,,,,5.1,0.16,,,,False,False
"Troy JV(Troy, MO)",2026-09-26,Elsberry,,0,15,L,,,,,,False,False
Truman,2026-08-28,Centralia,,1,9,L,1.48,8.21,-0.48,-0.79,-1.27,False,False
Truman,2026-08-28,Odessa,,10,6,W,7.81,5.72,2.19,-0.28,1.91,False,False
Truman,2026-08-29,Holden,,3,4,L,8.2,4.47,-5.2,0.47,-4.73,False,False
Truman,2026-08-29,Liberty,,2,17,L,3.72,8.22,-1.72,-8.78,-10.49,False,False
Truman,2026-08-29,Oak Grove,,2,12,L,2.54,6.87,-0.54,-5.13,-5.67,False,False
Truman,2026-08-31,Grain Valley,,0,12,L,-0.6,9.8,0.6,-2.2,-1.6,False,False
Truman,2026-09-01,Blue Springs,,1,4,L,3.06,5.84,-2.06,1.84,-0.22,False,False
Truman,2026-09-03,Central (St. Joseph),,10,7,W,9.01,4.34,0.99,-2.66,-1.67,False,False
Truman,2026-09-08,Grain Valley,,2,5,L,-0.6,9.8,2.6,4.8,7.4,False,False
Truman,2026-09-09,Pleasant Hill,,,,,2.63,7.35,,,,False,False
Truman,2026-09-10,Platte County,,4,14,L,3.11,11.23,0.89,-2.77,-1.88,False,False
Truman,2026-09-11,Kickapoo,,5,8,L,6.13,8.39,-1.13,0.39,-0.74,False,False
Truman,2026-09-11,Ozark,,6,7,L,3.51,7.54,2.49,0.54,3.03,False,False
Truman,2026-09-11,Smithville,,10,11,L,5.9,7.86,4.1,-3.14,0.95,False,False
Truman,2026-09-12,Lee's Summit West,,1,2,L,5.41,8.53,-4.41,6.53,2.12,False,False
Truman,2026-09-12,Republic,,4,3,W,5.97,5.23,-1.97,2.23,0.26,False,False
Truman,2026-09-14,Belton,,4,3,W,3.7,8.8,0.3,5.8,6.1,False,False
Truman,2026-09-15,Raytown,,19,4,W,10.77,0.02,8.23,-3.98,4.26,False,False
Truman,2026-09-17,Lee's Summit,,5,6,L,3.66,6.17,1.34,0.17,1.51,False,False
Truman,2026-09-21,William Chrisman,,20,2,W,15.41,2.07,4.59,0.07,4.65,False,False
Truman,2026-09-23,Fort Osage,,2,5,L,2.01,4.63,-0.01,-0.37,-0.38,False,False
Truman,2026-09-24,Smithville,,7,4,W,5.9,7.86,1.1,3.86,4.95,False,False
Truman,2026-09-25,Francis Howell Central,,8,7,W,7.54,6.87,0.46,-0.13,0.34,False,False
Truman,2026-09-25,Warrensburg,,8,3,W,7.06,5.91,0.94,2.91,3.85,False,False
Truman,2026-09-26,McDonald County,,4,8,L,5.52,7.76,-1.52,-0.24,-1.76,False,False
Truman,2026-09-26,Neosho,,2,4,L,5.36,7.42,-3.36,3.42,0.05,False,False
Truman,2026-09-28,Platte County,,0,9,L,3.11,11.23,-3.11,2.23,-0.88,False,False
Truman,2026-09-29,Belton,,6,17,L,3.7,8.8,2.3,-8.2,-5.9,False,False
Truman,2026-09-30,St. Teresa's Academy,,,,,9.07,2.19,,,,False,False
Truman,2026-10-01,Raytown,,,,,10.77,0.02,,,,False,False
Truman,2026-10-05,Grandview,,,,,14.21,0.13,,,,False,False
Truman,2026-10-07,William Chrisman,,,,,15.41,2.07,,,,False,False
Truman,2026-10-08,Fort Osage,,,,,2.01,4.63,,,,False,False
Truman,2026-10-12,North Kansas City,,,,,17.87,-0.27,,,,False,False
Truman,2026-10-13,Oak Park,,,,,9.56,3.94,,,,False,False
Tuscumbia,2026-08-28,Weaubleau,,7,1,W,8.81,7.96,-1.81,6.96,5.15,False,False
Tuscumbia,2026-08-29,Humansville,,14,6,W,12.46,6.29,1.54,0.29,1.83,False,False
Tuscumbia,2026-08-29,Montrose with Appleton City,,14,2,W,14.12,6.19,-0.12,4.19,4.07,False,False
Tuscumbia,2026-09-02,Pilot Grove,,17,5,W,10.18,8.42,6.82,3.42,10.23,False,False
Tuscumbia,2026-09-04,Climax Springs,,,,,18.58,3.97,,,,False,False
Tuscumbia,2026-09-08,Crocker,,7,17,L,7.45,11.69,-0.45,-5.31,-5.76,False,False
Tuscumbia,2026-09-11,Richland,,15,5,W,12.95,6.66,2.05,1.66,3.71,False,False
Tuscumbia,2026-09-14,Newburg,,12,13,L,10.36,7.36,1.64,-5.64,-4.0,False,False
Tuscumbia,2026-09-17,Jamestown,,1,11,L,6.62,11.46,-5.62,0.46,-5.16,False,False
Tuscumbia,2026-09-21,Dixon,,0,19,L,6.48,13.63,-6.48,-5.37,-11.85,False,False
Tuscumbia,2026-09-23,South Callaway,,3,12,L,4.97,9.83,-1.97,-2.17,-4.14,False,False
Tuscumbia,2026-09-25,St. Elizabeth,,0,13,L,-0.57,14.72,0.57,1.72,2.29,False,False
Tuscumbia,2026-09-28,Vienna,,1,12,L,2.39,11.44,-1.39,-0.56,-1.94,False,False
Tuscumbia,2026-09-29,Humansville,,16,6,W,12.46,6.29,3.54,0.29,3.83,False,False
Tuscumbia,2026-10-01,Iberia,,,,,1.12,13.5,,,,False,False
Tuscumbia,2026-10-02,Stoutland,,,,,6.71,9.98,,,,False,False
Tuscumbia,2026-10-05,Macks Creek,,,,,10.06,5.44,,,,False,False
Tuscumbia,2026-10-08,Wheatland,,,,,5.95,9.06,,,,False,False
Tuscumbia,2026-10-12,Eugene,,,,,-0.15,15.37,,,,False,False
Twin Rivers,2026-08-28,East Carter,,8,6,W,11.4,4.09,-3.4,-1.91,-5.32,False,False
Twin Rivers,2026-08-29,Saxony Lutheran with St. Vincent,,5,7,L,8.37,6.66,-3.37,-0.34,-3.71,False,False
Twin Rivers,2026-09-01,Van Buren,,,,,,,,,,False,False
Twin Rivers,2026-09-03,Sikeston,,23,11,W,17.58,2.7,5.42,-8.3,-2.88,False,False
Twin Rivers,2026-09-04,Naylor,,19,7,W,9.89,2.52,9.11,-4.48,4.63,False,False
Twin Rivers,2026-09-08,Doniphan,,1,5,L,3.46,10.9,-2.46,5.9,3.44,False,False
Twin Rivers,2026-09-10,Neelyville,,12,2,W,9.64,5.06,2.36,3.06,5.42,False,False
Twin Rivers,2026-09-14,Sikeston,,16,1,W,17.58,2.7,-1.58,1.7,0.12,False,False
Twin Rivers,2026-09-15,Chaffee,,4,13,L,3.11,13.31,0.89,0.31,1.21,False,False
Twin Rivers,2026-09-17,Neelyville,,8,4,W,9.64,5.06,-1.64,1.06,-0.58,False,False
Twin Rivers,2026-09-21,Doniphan,,0,16,L,3.46,10.9,-3.46,-5.1,-8.56,False,False
Twin Rivers,2026-09-22,Kelly,,6,7,L,4.8,7.92,1.2,0.92,2.13,False,False
Twin Rivers,2026-09-29,Naylor,,10,0,W,9.89,2.52,0.11,2.52,2.63,False,False
Twin Rivers,2026-10-01,Norwood,,,,,12.01,4.45,,,,False,False
Twin Rivers,2026-10-05,Kelly,,,,,4.8,7.92,,,,False,False
Twin Rivers,2026-10-06,Van Buren,,,,,,,,,,False,False
Twin Rivers,2026-10-08,East Carter,,,,,11.4,4.09,,,,False,False
Union,2026-08-27,Parkway West,,2,18,L,2.49,13.04,-0.49,-4.96,-5.45,False,False
Union,2026-08-28,Festus,,4,14,L,2.69,11.91,1.31,-2.09,-0.78,False,False
Union,2026-08-28,Rolla,,3,10,L,5.42,10.29,-2.42,0.29,-2.13,False,False
Union,2026-08-29,Jefferson City,,12,11,W,9.93,9.77,2.07,-1.23,0.84,False,False
Union,2026-08-29,St. Elizabeth,,2,12,L,4.11,11.87,-2.11,-0.13,-2.25,False,False
Union,2026-09-02,DeSoto,,13,3,W,10.15,6.95,2.85,3.95,6.79,False,False
Union,2026-09-03,Fatima,,2,9,L,3.39,12.19,-1.39,3.19,1.8,False,False
Union,2026-09-08,Pacific,,5,4,W,6.92,9.22,-1.92,5.22,3.31,False,False
Union,2026-09-10,St. James,,16,6,W,12.74,4.06,3.26,-1.94,1.32,False,False
Union,2026-09-12,Eureka,,0,14,L,1.24,14.3,-1.24,0.3,-0.94,False,False
Union,2026-09-12,St. Dominic,,0,5,L,4.25,9.1,-4.25,4.1,-0.15,False,False
Union,2026-09-14,Washington,,0,14,L,2.94,14.07,-2.94,0.07,-2.87,False,False
Union,2026-09-15,St. Clair,,11,1,W,14.24,4.13,-3.24,3.13,-0.11,False,False
Union,2026-09-16,Rolla,,10,14,L,5.42,10.29,4.58,-3.71,0.87,False,False
Union,2026-09-17,Owensville,,5,10,L,8.91,10.0,-3.91,0.0,-3.9,False,False
Union,2026-09-21,Hillsboro,,6,18,L,5.47,11.27,0.53,-6.73,-6.2,False,False
Union,2026-09-22,Hermann with New Haven,,17,0,W,16.38,10.35,0.62,10.35,10.97,False,False
Union,2026-09-24,Sullivan,,2,12,L,5.84,11.95,-3.84,-0.05,-3.89,False,False
Union,2026-09-28,Jefferson City,,8,14,L,9.93,9.77,-1.93,-4.23,-6.16,False,False
Union,2026-09-30,Warrenton,,17,14,W,6.87,8.83,10.13,-5.17,4.96,False,False
Union,2026-10-01,St. Francis Borgia,,,,,6.03,11.82,,,,False,False
Union,2026-10-05,Incarnate Word Academy,,,,,5.58,10.83,,,,False,False
Union,2026-10-09,St. Francis Borgia,,,,,6.03,11.82,,,,False,False
Union,2026-10-09,Willard,,,,,2.14,15.88,,,,False,False
Union,2026-10-12,Capital City,,,,,3.35,11.18,,,,False,False
University City,2026-08-27,Hancock,,7,17,L,4.55,13.84,2.45,-3.16,-0.71,False,False
University City,2026-09-09,Hazelwood Central,,18,0,W,,,,,,False,False
University City,2026-09-10,Ritenour,,0,15,L,2.71,16.71,-2.71,1.71,-1.0,False,False
University City,2026-09-15,Parkway North with Principia,,6,16,L,7.94,13.0,-1.94,-3.0,-4.94,False,False
University City,2026-09-17,Hazelwood West,,3,13,L,5.21,14.29,-2.21,1.29,-0.92,False,False
University City,2026-09-18,Winnetonka,,5,19,L,7.51,13.45,-2.51,-5.55,-8.06,False,False
University City,2026-09-19,Lincoln College Prep,,19,1,W,16.4,8.12,2.6,7.12,9.72,False,False
University City,2026-09-19,Raytown South,,11,3,W,12.5,9.73,-1.5,6.73,5.22,False,False
University City,2026-09-21,Normandy Collaborative,,,,,,,,,,False,False
University City,2026-09-22,Clayton,,9,14,L,7.94,12.65,1.06,-1.35,-0.29,False,False
University City,2026-09-24,Ladue Horton Watkins,,3,11,L,4.92,12.85,-1.92,1.85,-0.07,False,False
University City,2026-09-28,Hancock,,7,17,L,4.55,13.84,2.45,-3.16,-0.71,False,False
University City,2026-09-29,Pattonville,,11,21,L,2.64,15.79,8.36,-5.21,3.16,False,False
University City,2026-10-01,Affton,,,,,8.14,14.04,,,,False,False
University City,2026-10-02,Hazelwood East,,,,,,,,,,False,False
University City,2026-10-06,Mehlville,,,,,4.05,12.24,,,,False,False
University City,2026-10-08,Kirkwood,,,,,-1.66,16.0,,,,False,False
University City,2026-10-12,Normandy Collaborative,,,,,,,,,,False,False
Ursuline Academy,2026-08-28,Notre Dame (St. Louis),,9,5,W,12.15,9.88,-3.15,4.88,1.74,False,False
Ursuline Academy,2026-08-31,St. Pius X (Festus),,9,16,L,8.33,10.22,0.67,-5.78,-5.1,False,False
Ursuline Academy,2026-09-01,Ladue Horton Watkins,,11,5,W,7.7,8.34,3.3,3.34,6.64,False,False
Ursuline Academy,2026-09-10,Incarnate Word Academy,,1,15,L,-0.5,14.77,1.5,-0.23,1.27,False,False
Ursuline Academy,2026-09-11,Valley Park,,0,15,L,2.67,15.75,-2.67,0.75,-1.92,False,False
Ursuline Academy,2026-09-14,Webster Groves,,3,13,L,1.42,12.99,1.58,-0.01,1.56,False,False
Ursuline Academy,2026-09-17,Cor Jesu Academy,,1,16,L,-2.37,18.24,3.37,2.24,5.61,False,False
Ursuline Academy,2026-09-22,St. Dominic,,0,16,L,-1.84,13.04,1.84,-2.96,-1.12,False,False
Ursuline Academy,2026-09-23,Kirkwood,,5,16,L,1.11,11.48,3.89,-4.52,-0.63,False,False
Ursuline Academy,2026-09-26,St. Teresa's Academy,,,,,2.75,11.41,,,,False,False
Ursuline Academy,2026-09-27,St. Teresa's Academy,,,,,2.75,11.41,,,,False,False
Ursuline Academy,2026-09-28,Hancock,,9,10,L,7.33,9.33,1.67,-0.67,1.0,False,False
Ursuline Academy,2026-09-30,Mehlville,,1,7,L,6.83,7.73,-5.83,0.73,-5.1,False,False
Ursuline Academy,2026-10-02,Pattonville,,,,,5.42,11.28,,,,False,False
Ursuline Academy,2026-10-05,Hazelwood West,,,,,7.98,9.78,,,,False,False
Ursuline Academy,2026-10-06,St. Joseph's Academy,,,,,-0.58,13.73,,,,False,False
Ursuline Academy,2026-10-09,Westminster Christian Academy,,,,,-3.72,17.24,,,,False,False
Valley Park,2026-08-28,St. Louis Patriots Sr.,,10,3,W,,,,,,False,False
Valley Park,2026-08-29,St. Charles West with St. Charles,,10,1,W,8.63,7.38,1.37,6.38,7.76,False,False
Valley Park,2026-08-29,St. Pius X (Festus),,21,10,W,15.39,4.21,5.61,-5.79,-0.19,False,False
Valley Park,2026-09-08,Hancock,,9,5,W,14.39,3.31,-5.39,-1.69,-7.08,False,False
Valley Park,2026-09-09,St. Pius X (Festus),,15,3,W,15.39,4.21,-0.39,1.21,0.81,False,False
Valley Park,2026-09-11,Ursuline Academy,,15,0,W,15.75,2.67,-0.75,2.67,1.92,False,False
Valley Park,2026-09-16,Jefferson (Festus),,17,6,W,11.03,5.85,5.97,-0.15,5.83,False,False
Valley Park,2026-09-18,Ladue Horton Watkins,,11,4,W,14.77,2.32,-3.77,-1.68,-5.44,False,False
Valley Park,2026-09-21,Pattonville,,12,2,W,12.48,5.27,-0.48,3.27,2.78,False,False
Valley Park,2026-09-23,Parkway North with Principia,,7,0,W,17.78,2.47,-10.78,2.47,-8.31,False,False
Valley Park,2026-09-25,Metro,,19,0,W,23.13,-4.56,-4.13,-4.56,-8.68,False,False
Valley Park,2026-09-28,Bayless,,13,1,W,20.17,0.94,-7.17,-0.06,-7.23,False,False
Valley Park,2026-09-30,Orchard Farm,,14,14,T,12.0,4.96,2.0,-9.04,-7.04,False,False
Valley Park,2026-10-01,Lutheran St. Charles with Veritas Christian Academy,,,,,14.47,7.14,,,,False,False
Valley Park,2026-10-02,St. Louis Patriots Sr.,,,,,,,,,,False,False
Valley Park,2026-10-05,Lutheran South,,,,,11.45,5.38,,,,False,False
Valley Park,2026-10-06,Bayless,,,,,20.17,0.94,,,,False,False
Valley Park,2026-10-07,Hazelwood West,,,,,15.05,3.76,,,,False,False
Valley Park,2026-10-08,Pacific,,,,,7.9,7.15,,,,False,False
Valley Park,2026-10-12,Incarnate Word Academy,,,,,6.57,8.75,,,,False,False
Valley Park,2026-10-13,St. Charles West with St. Charles,,,,,8.63,7.38,,,,False,False
Van Buren,2026-09-01,Twin Rivers,,,,,,,,,,False,False
Van Buren,2026-09-03,Chaffee,,,,,,,,,,False,False
Van Buren,2026-09-10,Poplar Bluff,,,,,,,,,,False,False
Van Buren,2026-09-17,DeSoto,,,,,,,,,,False,False
Van Buren,2026-09-18,Norwood,,,,,,,,,,False,False
Van Buren,2026-09-21,Naylor,,,,,,,,,,False,False
Van Buren,2026-09-22,East Carter,,,,,,,,,,False,False
Van Buren,2026-09-28,Naylor,,,,,,,,,,False,False
Van Buren,2026-10-01,Doniphan,,,,,,,,,,False,False
Van Buren,2026-10-02,Neelyville,,,,,,,,,,False,False
Van Buren,2026-10-05,Norwood,,,,,,,,,,False,False
Van Buren,2026-10-06,Twin Rivers,,,,,,,,,,False,False
Van-Far,2026-08-27,Hallsville with Christian Fellowship Sr.,,2,10,L,4.21,10.6,-2.21,0.6,-1.61,False,False
Van-Far,2026-08-28,Westran,,12,13,L,11.51,9.85,0.49,-3.15,-2.66,False,False
Van-Far,2026-08-29,North Callaway,,4,13,L,0.76,10.84,3.24,-2.16,1.07,False,False
Van-Far,2026-08-29,Northeast (Cairo),,6,3,W,7.38,9.59,-1.38,6.59,5.21,False,False
Van-Far,2026-09-03,North Callaway,,2,12,L,0.76,10.84,1.24,-1.16,0.07,False,False
Van-Far,2026-09-09,Paris,,4,6,L,5.14,8.96,-1.14,2.96,1.82,False,False
Van-Far,2026-09-12,Fayette,,0,15,L,2.06,9.05,-2.06,-5.95,-8.02,False,False
Van-Far,2026-09-12,Madison,,9,12,L,11.17,5.26,-2.17,-6.74,-8.91,False,False
Van-Far,2026-09-12,New Franklin,,3,8,L,9.36,7.49,-6.36,-0.51,-6.87,False,False
Van-Far,2026-09-14,Monroe City,,1,11,L,5.15,12.16,-4.15,1.16,-2.99,False,False
Van-Far,2026-09-15,Elsberry,,3,4,L,1.28,13.01,1.72,9.01,10.73,False,False
Van-Far,2026-09-17,Mark Twain,,7,13,L,4.92,10.21,2.08,-2.79,-0.71,False,False
Van-Far,2026-09-19,Mark Twain,,6,7,L,4.92,10.21,1.08,3.21,4.29,False,False
Van-Far,2026-09-19,North Shelby,,2,12,L,1.07,10.29,0.93,-1.71,-0.79,False,False
Van-Far,2026-09-19,Scotland County,,13,6,W,7.23,7.21,5.77,1.21,6.98,False,False
Van-Far,2026-09-22,Montgomery County,,0,10,L,1.07,11.01,-1.07,1.01,-0.06,False,False
Van-Far,2026-09-23,Louisiana,,11,3,W,12.31,8.66,-1.31,5.66,4.35,False,False
Van-Far,2026-09-24,Bowling Green,,13,17,L,7.54,12.01,5.46,-4.99,0.47,False,False
Van-Far,2026-09-28,Wellsville-Middletown,,19,9,W,19.15,4.68,-0.15,-4.32,-4.47,False,False
Van-Far,2026-09-29,Silex,,2,13,L,-0.19,12.44,2.19,-0.56,1.63,False,False
Van-Far,2026-10-01,Community,,,,,5.42,8.35,,,,False,False
Van-Far,2026-10-05,Marion County,,,,,20.1,1.01,,,,False,False
Van-Far,2026-10-06,Wright City,,,,,5.31,10.55,,,,False,False
Van-Far,2026-10-07,South Callaway,,,,,7.5,7.73,,,,False,False
Van-Far,2026-10-08,Clopton,,,,,6.33,8.54,,,,False,False
Vienna,2026-08-27,St. James,,10,0,W,10.51,0.31,-0.51,0.31,-0.19,False,False
Vienna,2026-08-28,Crocker,,17,4,W,9.9,5.09,7.1,1.09,8.19,False,False
Vienna,2026-08-31,New Bloomfield,,4,5,L,6.71,4.76,-2.71,-0.24,-2.95,False,False
Vienna,2026-09-02,South Callaway,,11,0,W,7.42,3.23,3.58,3.23,6.8,False,False
Vienna,2026-09-08,Russellville,,2,12,L,5.14,6.92,-3.14,-5.08,-8.22,False,False
Vienna,2026-09-10,Dixon,,11,10,W,8.93,7.03,2.07,-2.97,-0.9,False,False
Vienna,2026-09-12,Hartville,,7,8,L,7.77,4.18,-0.77,-3.82,-4.59,False,False
Vienna,2026-09-12,Osage,,3,7,L,3.83,7.18,-0.83,0.18,-0.66,False,False
Vienna,2026-09-12,Waynesville,,6,0,W,10.51,2.98,-4.51,2.98,-1.53,False,False
Vienna,2026-09-15,Jamestown,,10,4,W,9.07,4.85,0.93,0.85,1.79,False,False
Vienna,2026-09-17,Newburg,,13,1,W,12.81,0.75,0.19,-0.25,-0.06,False,False
Vienna,2026-09-19,Owensville,,5,6,L,6.67,6.26,-1.67,0.26,-1.42,False,False
Vienna,2026-09-19,Pacific,,3,0,W,4.68,5.47,-1.68,5.47,3.79,False,False
Vienna,2026-09-23,St. Elizabeth,,3,12,L,1.88,8.12,1.12,-3.88,-2.76,False,False
Vienna,2026-09-24,Linn,,8,7,W,1.84,8.58,6.16,1.58,7.74,False,False
Vienna,2026-09-26,Iberia,,0,5,L,3.57,6.89,-3.57,1.89,-1.67,False,False
Vienna,2026-09-26,Father Tolton,,6,5,W,5.22,3.58,0.78,-1.42,-0.64,False,False
Vienna,2026-09-28,Tuscumbia,,12,1,W,11.44,2.39,0.56,1.39,1.94,False,False
Vienna,2026-09-29,Cuba,,16,0,W,22.55,-0.82,-6.55,-0.82,-7.36,False,False
Vienna,2026-10-01,Richland,,,,,15.4,0.05,,,,False,False
Vienna,2026-10-05,Eugene,,,,,2.3,8.76,,,,False,False
Vienna,2026-10-08,Iberia,,,,,3.57,6.89,,,,False,False
Vienna,2026-10-12,Stoutland,,,,,9.16,3.38,,,,False,False
Walnut Grove,2026-08-28,Halfway,,3,13,L,-0.24,19.25,3.24,6.25,9.49,False,False
Walnut Grove,2026-08-28,Norwood,,2,14,L,4.35,17.14,-2.35,3.14,0.79,False,False
Walnut Grove,2026-08-28,"Ozark JV(Ozark , MO)",,0,12,L,,,,,,False,False
Walnut Grove,2026-08-29,Halfway,,3,15,L,-0.24,19.25,3.24,4.25,7.49,False,False
Walnut Grove,2026-09-01,Central (Springfield),,23,3,W,,,,,,False,False
Walnut Grove,2026-09-03,Norwood,,2,22,L,4.35,17.14,-2.35,-4.86,-7.21,False,False
Walnut Grove,2026-09-04,Montrose with Appleton City,,20,30,L,11.55,14.02,8.45,-15.98,-7.53,False,False
Walnut Grove,2026-09-08,Humansville,,2,12,L,9.89,14.13,-7.89,2.13,-5.77,False,False
Walnut Grove,2026-09-11,Halfway,,2,11,L,-0.24,19.25,2.24,8.25,10.49,False,False
Walnut Grove,2026-09-11,Monett,,6,7,L,3.16,17.19,2.84,10.19,13.03,False,False
Walnut Grove,2026-09-12,Norwood,,0,7,L,4.35,17.14,-4.35,10.14,5.79,False,False
Walnut Grove,2026-09-15,Halfway,,0,15,L,-0.24,19.25,0.24,4.25,4.49,False,False
Walnut Grove,2026-09-17,Dadeville with Everton,,3,18,L,-0.55,18.85,3.55,0.85,4.4,False,False
Walnut Grove,2026-09-21,Fair Play,,25,2,W,18.58,6.1,6.42,4.1,10.51,False,False
Walnut Grove,2026-09-25,Hermitage,,5,8,L,7.95,13.82,-2.95,5.82,2.87,False,False
Walnut Grove,2026-09-28,Humansville,,4,14,L,9.89,14.13,-5.89,0.13,-5.77,False,False
Walnut Grove,2026-09-29,Wheatland,,8,21,L,3.39,16.89,4.61,-4.11,0.5,False,False
Walnut Grove,2026-10-02,Climax Springs,,,,,16.01,11.8,,,,False,False
Walnut Grove,2026-10-05,Parkview,,,,,13.16,10.3,,,,False,False
Walnut Grove,2026-10-06,Weaubleau,,,,,6.25,15.79,,,,False,False
Walnut Grove,2026-10-09,Macks Creek,,,,,7.49,13.28,,,,False,False
Warrensburg,2026-08-29,Carrollton,,10,5,W,13.38,7.06,-3.38,2.06,-1.32,False,False
Warrensburg,2026-08-29,Knob Noster,,14,4,W,14.21,0.01,-0.21,-3.99,-4.2,False,False
Warrensburg,2026-08-29,Trenton,,0,3,L,7.69,3.65,-7.69,0.65,-7.04,False,False
Warrensburg,2026-08-31,Smith-Cotton,,9,7,W,6.8,4.44,2.2,-2.56,-0.36,False,False
Warrensburg,2026-09-01,Camdenton,,14,4,W,14.37,2.12,-0.37,-1.88,-2.25,False,False
Warrensburg,2026-09-02,Jefferson City,,18,6,W,10.29,5.77,7.71,-0.23,7.47,False,False
Warrensburg,2026-09-03,Richmond,,3,7,L,5.08,5.65,-2.08,-1.35,-3.43,False,False
Warrensburg,2026-09-08,Harrisonville,,13,3,W,11.94,3.61,1.06,0.61,1.68,False,False
Warrensburg,2026-09-09,Winnetonka,,20,5,W,16.73,0.99,3.27,-4.01,-0.74,False,False
Warrensburg,2026-09-11,Boonville,,16,1,W,7.96,4.8,8.04,3.8,11.84,False,False
Warrensburg,2026-09-11,Sherwood,,12,1,W,15.14,0.04,-3.14,-0.96,-4.09,False,False
Warrensburg,2026-09-12,Clinton,,11,0,W,13.92,1.94,-2.92,1.94,-0.98,False,False
Warrensburg,2026-09-12,Lafayette County,,2,1,W,5.44,4.58,-3.44,3.58,0.14,False,False
Warrensburg,2026-09-14,Summit Christian Academy,,11,1,W,8.68,4.54,2.32,3.54,5.86,False,False
Warrensburg,2026-09-15,Odessa,,8,3,W,7.94,6.99,0.06,3.99,4.05,False,False
Warrensburg,2026-09-17,Clinton,,21,0,W,13.92,1.94,7.08,1.94,9.02,False,False
Warrensburg,2026-09-21,Nevada,,14,0,W,21.12,-1.36,-7.12,-1.36,-8.47,False,False
Warrensburg,2026-09-22,Pleasant Hill,,3,10,L,2.75,8.62,0.25,-1.38,-1.14,False,False
Warrensburg,2026-09-24,Oak Grove,,0,15,L,2.67,8.14,-2.67,-6.86,-9.53,False,False
Warrensburg,2026-09-25,Francis Howell Central,,3,10,L,7.66,8.14,-4.66,-1.86,-6.52,False,False
Warrensburg,2026-09-25,Truman,,3,8,L,5.91,7.06,-2.91,-0.94,-3.85,False,False
Warrensburg,2026-09-26,Oak Grove,,2,7,L,2.67,8.14,-0.67,1.14,0.47,False,False
Warrensburg,2026-09-26,Wright City,,9,7,W,7.84,5.8,1.16,-1.2,-0.04,False,False
Warrensburg,2026-09-29,Harrisonville,,17,4,W,11.94,3.61,5.06,-0.39,4.68,False,False
Warrensburg,2026-09-30,Belton,,6,11,L,3.83,10.07,2.17,-0.93,1.24,False,False
Warrensburg,2026-10-01,Odessa,,,,,7.94,6.99,,,,False,False
Warrensburg,2026-10-06,Clinton,,,,,13.92,1.94,,,,False,False
Warrensburg,2026-10-07,Excelsior Springs,,,,,6.19,6.39,,,,False,False
Warrensburg,2026-10-08,Pleasant Hill,,,,,2.75,8.62,,,,False,False
Warrensburg,2026-10-12,Lone Jack,,,,,8.17,4.36,,,,False,False
Warrensburg,2026-10-13,Oak Grove,,,,,2.67,8.14,,,,False,False
Warrenton,2026-08-28,Jefferson City,,1,0,W,7.94,5.82,-6.94,5.82,-1.12,False,False
Warrenton,2026-08-28,St. Francis Borgia,,4,5,L,4.04,7.87,-0.04,2.87,2.83,False,False
Warrenton,2026-08-29,Elsberry,,1,9,L,1.45,8.31,-0.45,-0.69,-1.14,False,False
Warrenton,2026-08-29,Rolla,,3,5,L,3.43,6.34,-0.43,1.34,0.91,False,False
Warrenton,2026-09-01,St. Charles West with St. Charles,,5,4,W,5.65,5.5,-0.65,1.5,0.85,False,False
Warrenton,2026-09-02,St. Francis Borgia,,2,7,L,4.04,7.87,-2.04,0.87,-1.17,False,False
Warrenton,2026-09-04,Wright City,,8,1,W,5.48,5.84,2.52,4.84,7.36,False,False
Warrenton,2026-09-08,Orchard Farm,,6,3,W,9.03,3.08,-3.03,0.08,-2.95,False,False
Warrenton,2026-09-11,Wright City,,7,13,L,5.48,5.84,1.52,-7.16,-5.64,False,False
Warrenton,2026-09-14,St. Dominic,,7,4,W,2.26,5.15,4.74,1.15,5.89,False,False
Warrenton,2026-09-16,St. Louis Patriots Sr.,,10,0,W,,,,,,False,False
Warrenton,2026-09-22,Holt,,8,7,W,8.79,6.68,-0.79,-0.32,-1.1,False,False
Warrenton,2026-09-23,Fulton,,3,2,W,12.89,4.03,-9.89,2.03,-7.86,False,False
Warrenton,2026-09-24,Orchard Farm,,13,0,W,9.03,3.08,3.97,3.08,7.05,False,False
Warrenton,2026-09-25,Holt,,8,9,L,8.79,6.68,-0.79,-2.32,-3.1,False,False
Warrenton,2026-09-28,Montgomery County,,0,8,L,1.24,6.3,-1.24,-1.7,-2.94,False,False
Warrenton,2026-09-29,Winfield,,6,7,L,0.32,7.49,5.68,0.49,6.17,False,False
Warrenton,2026-09-30,Union,,14,17,L,8.83,6.87,5.17,-10.13,-4.96,False,False
Warrenton,2026-10-02,Winfield,,,,,0.32,7.49,,,,False,False
Warrenton,2026-10-05,North Point,,,,,4.65,5.37,,,,False,False
Warrenton,2026-10-06,St. Charles West with St. Charles,,,,,5.65,5.5,,,,False,False
Warrenton,2026-10-07,Washington,,,,,0.95,10.12,,,,False,False
Warrenton,2026-10-08,Ft. Zumwalt South,,,,,8.02,7.5,,,,False,False
Warrenton,2026-10-12,Ft. Zumwalt North,,,,,7.91,7.27,,,,False,False
Warrenton,2026-10-13,Ft. Zumwalt East,,,,,6.03,3.99,,,,False,False
Washington,2026-08-27,Francis Howell Central,,11,9,W,10.55,4.26,0.45,-4.74,-4.29,False,False
Washington,2026-08-28,Blair Oaks,,10,1,W,7.82,2.94,2.18,1.94,4.12,False,False
Washington,2026-08-28,Capital City,,4,3,W,6.6,3.3,-2.6,0.3,-2.3,False,False
Washington,2026-08-28,Windsor (Imperial),,7,1,W,7.06,3.93,-0.06,2.93,2.87,False,False
Washington,2026-08-29,Mexico,,8,11,L,7.99,4.64,0.01,-6.36,-6.34,False,False
Washington,2026-08-29,Neosho,,2,0,W,8.37,4.8,-6.37,4.8,-1.57,False,False
Washington,2026-09-01,Ft. Zumwalt South,,16,1,W,13.26,3.56,2.74,2.56,5.31,False,False
Washington,2026-09-02,Ft. Zumwalt West,,4,11,L,4.25,7.37,-0.25,-3.63,-3.89,False,False
Washington,2026-09-03,Ft. Zumwalt East,,12,2,W,11.27,0.06,0.73,-1.94,-1.21,False,False
Washington,2026-09-08,Timberland,,2,1,W,4.47,5.99,-2.47,4.99,2.52,False,False
Washington,2026-09-09,Troy Buchanan,,9,1,W,2.54,6.07,6.46,5.07,11.53,False,False
Washington,2026-09-10,North Point,,13,2,W,9.89,1.44,3.11,-0.56,2.56,False,False
Washington,2026-09-12,Eureka,,4,7,L,4.49,6.41,-0.49,-0.59,-1.08,False,False
Washington,2026-09-12,St. Dominic,,9,2,W,7.5,1.21,1.5,-0.79,0.72,False,False
Washington,2026-09-14,Union,,14,0,W,14.07,2.94,-0.07,2.94,2.87,False,False
Washington,2026-09-15,Ft. Zumwalt North,,14,1,W,13.14,3.34,0.86,2.34,3.19,False,False
Washington,2026-09-16,St. Clair,,16,0,W,17.49,-3.76,-1.49,-3.76,-5.24,False,False
Washington,2026-09-18,Hillsboro,,5,3,W,8.72,3.39,-3.72,0.39,-3.33,False,False
Washington,2026-09-19,Kirkwood,,12,2,W,10.44,-0.35,1.56,-2.35,-0.79,False,False
Washington,2026-09-19,Webster Groves,,18,2,W,10.75,1.16,7.25,-0.84,6.4,False,False
Washington,2026-09-21,Pacific,,11,6,W,10.16,1.34,0.84,-4.66,-3.82,False,False
Washington,2026-09-22,Ft. Zumwalt East,,10,0,W,11.27,0.06,-1.27,0.06,-1.21,False,False
Washington,2026-09-25,Timberland,,0,9,L,4.47,5.99,-4.47,-3.01,-7.48,False,False
Washington,2026-09-29,North Point,,14,1,W,9.89,1.44,4.11,0.44,4.56,False,False
Washington,2026-09-30,St. Francis Borgia,,8,4,W,9.28,3.94,-1.28,-0.06,-1.34,False,False
Washington,2026-10-01,Ft. Zumwalt North,,,,,13.14,3.34,,,,False,False
Washington,2026-10-05,Ft. Zumwalt South,,,,,13.26,3.56,,,,False,False
Washington,2026-10-07,Warrenton,,,,,10.12,0.95,,,,False,False
Washington,2026-10-08,Sullivan,,,,,9.09,4.07,,,,False,False
Washington,2026-10-09,Helias Catholic,,,,,4.02,7.66,,,,False,False
Washington,2026-10-12,Liberty (Wentzville),,,,,10.41,6.51,,,,False,False
"Washington(Washington, OK)",2026-09-18,Poplar Bluff,,10,1,W,,,,,,False,False
"Washington(Washington, OK)",2026-09-18,Willard,,9,1,W,,,,,,False,False
"Washington(Washington, OK)",2026-09-19,Glendale,,16,1,W,,,,,,False,False
"Washington(Washington, OK)",2026-09-19,Republic,,7,0,W,,,,,,False,False
"Wayne(Wayne, NE)",2026-09-04,Blue Springs South,,5,8,L,,,,,,False,False
Waynesville,2026-08-28,Camdenton,,7,8,L,9.91,8.05,-2.91,0.05,-2.87,False,False
Waynesville,2026-08-29,Osage,,2,12,L,1.97,12.85,0.03,0.85,0.87,False,False
Waynesville,2026-08-29,Lebanon,,0,16,L,6.94,11.9,-6.94,-4.1,-11.04,False,False
Waynesville,2026-09-02,Rolla,,2,15,L,1.32,12.21,0.68,-2.79,-2.11,False,False
Waynesville,2026-09-03,Joplin,,4,14,L,0.77,13.06,3.23,-0.94,2.29,False,False
Waynesville,2026-09-07,Richland,,19,3,W,13.54,5.72,5.46,2.72,8.19,False,False
Waynesville,2026-09-08,Republic,,3,14,L,1.64,12.43,1.36,-1.57,-0.22,False,False
Waynesville,2026-09-10,Webb City,,0,10,L,-2.03,15.86,2.03,5.86,7.88,False,False
Waynesville,2026-09-12,Osage,,3,12,L,1.97,12.85,1.03,0.85,1.87,False,False
Waynesville,2026-09-12,Hartville,,5,8,L,5.91,9.85,-0.91,1.85,0.94,False,False
Waynesville,2026-09-12,Vienna,,0,6,L,2.98,10.51,-2.98,4.51,1.53,False,False
Waynesville,2026-09-14,Dixon,,8,22,L,7.07,12.7,0.93,-9.3,-8.37,False,False
Waynesville,2026-09-15,Willard,,4,17,L,-1.96,17.8,5.96,0.8,6.76,False,False
Waynesville,2026-09-17,Neosho,,1,18,L,1.03,14.61,-0.03,-3.39,-3.42,False,False
Waynesville,2026-09-22,Carthage,,1,16,L,2.03,13.35,-1.03,-2.65,-3.68,False,False
Waynesville,2026-09-23,Stoutland,,14,8,W,7.3,9.05,6.7,1.05,7.75,False,False
Waynesville,2026-09-24,Lebanon,,3,14,L,6.94,11.9,-3.94,-2.1,-6.04,False,False
Waynesville,2026-09-26,Russellville,,2,5,L,3.28,12.59,-1.28,7.59,6.31,False,False
Waynesville,2026-09-26,Eugene,,0,11,L,0.44,14.43,-0.44,3.43,2.99,False,False
Waynesville,2026-09-29,Ozark,,1,8,L,-0.82,14.73,1.82,6.73,8.55,False,False
Waynesville,2026-10-01,Kickapoo,,,,,1.8,15.59,,,,False,False
Waynesville,2026-10-05,Crocker,,,,,8.04,10.76,,,,False,False
Waynesville,2026-10-06,Nixa,,,,,2.55,16.6,,,,False,False
Waynesville,2026-10-08,Glendale,,,,,3.46,11.71,,,,False,False
Waynesville,2026-10-10,Logan-Rogersville,,,,,0.39,12.97,,,,False,False
Waynesville,2026-10-10,Branson,,,,,2.54,12.68,,,,False,False
Waynesville,2026-10-12,Bolivar,,,,,1.89,14.54,,,,False,False
Weaubleau,2026-08-27,Stoutland,,0,11,L,5.67,9.8,-5.67,-1.2,-6.88,False,False
Weaubleau,2026-08-28,Tuscumbia,,1,7,L,7.96,8.81,-6.96,1.81,-5.15,False,False
Weaubleau,2026-08-29,Fair Play,,13,1,W,20.11,-1.92,-7.11,-2.92,-10.03,False,False
Weaubleau,2026-08-29,Sherwood,,7,6,W,9.05,6.71,-2.05,0.71,-1.34,False,False
Weaubleau,2026-09-04,Macks Creek,,17,1,W,9.02,5.26,7.98,4.26,12.24,False,False
Weaubleau,2026-09-08,Hermitage,,8,4,W,9.48,5.8,-1.48,1.8,0.32,False,False
Weaubleau,2026-09-11,Montrose with Appleton City,,14,4,W,13.08,6.0,0.92,2.0,2.92,False,False
Weaubleau,2026-09-12,Dixon,,13,15,L,5.44,13.45,7.56,-1.55,6.01,False,False
Weaubleau,2026-09-15,Humansville,,18,1,W,11.42,6.11,6.58,5.11,11.69,False,False
Weaubleau,2026-09-18,Macks Creek,,13,3,W,9.02,5.26,3.98,2.26,6.24,False,False
Weaubleau,2026-09-19,Stoutland,,7,16,L,5.67,9.8,1.33,-6.2,-4.88,False,False
Weaubleau,2026-09-19,Wheatland,,2,11,L,4.92,8.87,-2.92,-2.13,-5.05,False,False
Weaubleau,2026-09-22,Central (Springfield),,17,0,W,,,,,,False,False
Weaubleau,2026-09-24,Fair Play,,15,0,W,20.11,-1.92,-5.11,-1.92,-7.03,False,False
Weaubleau,2026-09-25,East Carter,,2,10,L,5.26,8.76,-3.26,-1.24,-4.51,False,False
Weaubleau,2026-09-25,Naylor,,7,14,L,3.75,7.19,3.25,-6.81,-3.56,False,False
Weaubleau,2026-09-25,Norwood,,5,8,L,5.87,9.12,-0.87,1.12,0.25,False,False
Weaubleau,2026-09-28,Parkview,,12,2,W,14.69,2.29,-2.69,0.29,-2.4,False,False
Weaubleau,2026-09-29,Dadeville with Everton,,0,9,L,0.98,10.84,-0.98,1.84,0.86,False,False
Weaubleau,2026-10-01,Wheatland,,,,,4.92,8.87,,,,False,False
Weaubleau,2026-10-05,Halfway,,,,,1.29,11.24,,,,False,False
Weaubleau,2026-10-06,Walnut Grove,,,,,15.79,6.25,,,,False,False
Weaubleau,2026-10-09,Climax Springs,,,,,17.54,3.79,,,,False,False
Webb City,2026-08-28,Bolivar,,13,4,W,9.09,3.87,3.91,-0.13,3.77,False,False
Webb City,2026-08-28,Battle,,8,6,W,10.77,1.92,-2.77,-4.08,-6.85,False,False
Webb City,2026-08-29,Marshfield,,2,1,W,5.58,3.82,-3.58,2.82,-0.76,False,False
Webb City,2026-08-29,Willard,,1,2,L,5.25,7.12,-4.25,5.12,0.88,False,False
Webb City,2026-08-31,Carl Junction,,5,7,L,10.92,0.67,-5.92,-6.33,-12.24,False,False
Webb City,2026-09-01,McDonald County,,14,4,W,8.39,4.27,5.61,0.27,5.88,False,False
Webb City,2026-09-03,Lebanon,,12,5,W,14.15,1.22,-2.15,-3.78,-5.92,False,False
Webb City,2026-09-04,Park Hill South,,8,5,W,9.48,3.49,-1.48,-1.51,-2.99,False,False
Webb City,2026-09-04,Raymore-Peculiar,,1,1,T,6.68,7.74,-5.68,6.74,1.06,False,False
Webb City,2026-09-04,Neosho,,9,6,W,8.24,3.93,0.76,-2.07,-1.3,False,False
Webb City,2026-09-05,"Owasso(Owasso , OK)",,4,6,L,,,,,,False,False
Webb City,2026-09-05,Ozark,,7,3,W,6.38,4.05,0.62,1.05,1.67,False,False
Webb City,2026-09-08,Glendale,,8,0,W,10.66,1.03,-2.66,1.03,-1.63,False,False
Webb City,2026-09-10,Waynesville,,10,0,W,15.86,-2.03,-5.86,-2.03,-7.88,False,False
Webb City,2026-09-15,Kickapoo,,5,8,L,9.0,4.91,-4.0,-3.09,-7.1,False,False
Webb City,2026-09-17,Nixa,,13,3,W,9.76,5.92,3.24,2.92,6.17,False,False
Webb City,2026-09-18,"Marlow(Oklahoma , OK)",,4,7,L,,,,,,False,False
Webb City,2026-09-18,"West Moore(Oklahoma City , OK)",,0,10,L,,,,,,False,False
Webb City,2026-09-19,"Lone Grove(Oklahoma, OK)",,0,6,L,,,,,,False,False
Webb City,2026-09-19,"Silo(Durrant , OK)",,1,2,L,,,,,,False,False
Webb City,2026-09-22,Ozark,,7,2,W,6.38,4.05,0.62,2.05,2.67,False,False
Webb City,2026-09-24,Joplin,,10,3,W,7.98,2.38,2.02,-0.62,1.4,False,False
Webb City,2026-09-25,Lee's Summit,,3,7,L,6.54,2.68,-3.54,-4.32,-7.85,False,False
Webb City,2026-09-25,Oak Grove,,11,1,W,5.42,3.38,5.58,2.38,7.97,False,False
Webb City,2026-09-26,McDonald County,,10,5,W,8.39,4.27,1.61,-0.73,0.88,False,False
Webb City,2026-09-26,Neosho,,13,12,W,8.24,3.93,4.76,-8.07,-3.3,False,False
Webb City,2026-09-29,Neosho,,13,2,W,8.24,3.93,4.76,1.93,6.7,False,False
Webb City,2026-10-01,Carthage,,,,,9.24,2.67,,,,False,False
Webb City,2026-10-05,Monett,,,,,13.52,-2.26,,,,False,False
Webb City,2026-10-06,Willard,,,,,5.25,7.12,,,,False,False
Webb City,2026-10-08,Republic,,,,,8.85,1.75,,,,False,False
Webster Groves,2026-08-28,Sullivan,,2,6,L,4.06,8.64,-2.06,2.64,0.58,False,False
Webster Groves,2026-08-28,Linn,,2,6,L,2.3,9.01,-0.3,3.01,2.72,False,False
Webster Groves,2026-08-28,Pacific,,7,10,L,5.13,5.91,1.87,-4.09,-2.23,False,False
Webster Groves,2026-08-29,Fatima,,2,15,L,1.61,8.87,0.39,-6.13,-5.74,False,False
Webster Groves,2026-08-29,Liberty (Wentzville),,5,14,L,5.38,11.08,-0.38,-2.92,-3.31,False,False
Webster Groves,2026-09-01,St. Joseph's Academy,,0,10,L,3.72,6.47,-3.72,-3.53,-7.25,False,False
Webster Groves,2026-09-03,Incarnate Word Academy,,14,13,W,3.8,7.51,10.2,-5.49,4.71,False,False
Webster Groves,2026-09-03,Kirkwood,,2,1,W,5.41,4.22,-3.41,3.22,-0.19,False,False
Webster Groves,2026-09-09,Lafayette (Wildwood),,0,18,L,1.04,10.27,-1.04,-7.73,-8.77,False,False
Webster Groves,2026-09-10,Parkway South,,4,8,L,6.33,8.63,-2.33,0.63,-1.7,False,False
Webster Groves,2026-09-12,DeSoto,,8,4,W,8.37,3.63,-0.37,-0.37,-0.74,False,False
Webster Groves,2026-09-12,Ritenour,,10,3,W,9.79,4.94,0.21,1.94,2.15,False,False
Webster Groves,2026-09-14,Ursuline Academy,,13,3,W,12.99,1.42,0.01,-1.58,-1.56,False,False
Webster Groves,2026-09-15,St. Louis Patriots Sr.,,17,2,W,,,,,,False,False
Webster Groves,2026-09-16,Parkway West,,3,12,L,0.7,9.72,2.3,-2.28,0.02,False,False
Webster Groves,2026-09-18,Kirkwood,,1,5,L,5.41,4.22,-4.41,-0.78,-5.19,False,False
Webster Groves,2026-09-19,Hillsboro,,6,7,L,3.69,7.95,2.31,0.95,3.27,False,False
Webster Groves,2026-09-19,Washington,,2,18,L,1.16,10.75,0.84,-7.25,-6.4,False,False
Webster Groves,2026-09-21,Lindbergh,,3,5,L,1.36,10.53,1.64,5.53,7.17,False,False
Webster Groves,2026-09-22,Westminster Christian Academy,,1,11,L,0.58,9.98,0.42,-1.02,-0.6,False,False
Webster Groves,2026-09-23,Parkway Central,,2,4,L,1.66,10.15,0.34,6.15,6.49,False,False
Webster Groves,2026-09-25,Kelly,,3,0,W,2.6,6.6,0.4,6.6,7.01,False,False
Webster Groves,2026-09-25,Windsor (Imperial),,3,6,L,2.03,8.5,0.97,2.5,3.47,False,False
Webster Groves,2026-09-28,Rockwood Summit,,5,4,W,4.84,7.34,0.16,3.34,3.49,False,False
Webster Groves,2026-09-29,Seckman,,4,5,L,5.02,7.45,-1.02,2.45,1.43,False,False
Webster Groves,2026-10-01,Northwest (Cedar Hill),,,,,3.55,8.21,,,,False,False
Webster Groves,2026-10-02,Lutheran South,,,,,8.68,4.13,,,,False,False
Webster Groves,2026-10-06,Fox,,,,,3.96,7.38,,,,False,False
Webster Groves,2026-10-07,Cor Jesu Academy,,,,,1.93,10.98,,,,False,False
Webster Groves,2026-10-08,Oakville,,,,,1.8,5.86,,,,False,False
Webster Groves,2026-10-09,Hickman,,,,,1.71,11.06,,,,False,False
Webster Groves,2026-10-10,Harrisburg,,,,,1.18,9.69,,,,False,False
Webster Groves,2026-10-10,Southern Boone,,,,,0.82,10.26,,,,False,False
Webster Groves,2026-10-12,Parkway North with Principia,,,,,15.02,1.22,,,,False,False
Wellsville-Middletown,2026-08-28,Community,,0,16,L,0.68,18.09,-0.68,2.09,1.4,False,False
Wellsville-Middletown,2026-08-31,Elsberry,,0,20,L,-3.46,22.74,3.46,2.74,6.2,False,False
Wellsville-Middletown,2026-09-01,Madison,,1,15,L,6.43,14.99,-5.43,-0.01,-5.44,False,False
Wellsville-Middletown,2026-09-03,Clopton,,0,15,L,1.59,18.27,-1.59,3.27,1.68,False,False
Wellsville-Middletown,2026-09-07,Paris,,1,15,L,0.4,18.69,0.6,3.69,4.29,False,False
Wellsville-Middletown,2026-09-09,Louisiana,,1,22,L,7.57,18.4,-6.57,-3.6,-10.18,False,False
Wellsville-Middletown,2026-09-14,Marion County,,26,9,W,15.36,10.74,10.64,1.74,12.38,False,False
Wellsville-Middletown,2026-09-16,Hermann with New Haven,,8,30,L,9.48,20.83,-1.48,-9.17,-10.65,False,False
Wellsville-Middletown,2026-09-17,St. Louis Patriots Sr.,,,,,,,,,,False,False
Wellsville-Middletown,2026-09-18,St. Louis Patriots Sr.,,7,10,L,,,,,,False,False
Wellsville-Middletown,2026-09-21,Pilot Grove,,0,15,L,7.97,16.05,-7.97,1.05,-6.93,False,False
Wellsville-Middletown,2026-09-23,North Callaway,,3,17,L,-3.97,20.57,6.97,3.57,10.54,False,False
Wellsville-Middletown,2026-09-24,Mark Twain,,0,21,L,0.18,19.94,-0.18,-1.06,-1.24,False,False
Wellsville-Middletown,2026-09-28,Van-Far,,9,19,L,4.68,19.15,4.32,0.15,4.47,False,False
Wellsville-Middletown,2026-09-29,Montgomery County,,0,16,L,-3.67,20.74,3.67,4.74,8.41,False,False
Wellsville-Middletown,2026-10-01,Bowling Green,,,,,2.81,21.74,,,,False,False
Wellsville-Middletown,2026-10-05,Sturgeon,,,,,3.43,16.32,,,,False,False
Wellsville-Middletown,2026-10-06,Silex,,,,,-4.93,22.17,,,,False,False
Wellsville-Middletown,2026-10-08,Wright City,,,,,0.58,20.28,,,,False,False
"West Moore Public School(Western Oklahoma City, OK)",2026-09-19,Ozark,,8,3,W,,,,,,False,False
"West Moore(Oklahoma City , OK)",2026-09-18,Webb City,,10,0,W,,,,,,False,False
West Plains,2026-08-28,Branson,,3,8,L,3.92,10.73,-0.92,2.73,1.81,False,False
West Plains,2026-08-28,Willard,,2,20,L,-0.58,15.85,2.58,-4.15,-1.57,False,False
West Plains,2026-08-29,Battle,,1,10,L,4.94,10.64,-3.94,0.64,-3.3,False,False
West Plains,2026-08-29,Hartville,,6,7,L,7.29,7.9,-1.29,0.9,-0.39,False,False
West Plains,2026-08-31,Osage,,2,12,L,3.35,10.89,-1.35,-1.11,-2.46,False,False
West Plains,2026-09-04,Hillcrest,,27,2,W,16.81,6.09,10.19,4.09,14.29,False,False
West Plains,2026-09-04,Logan-Rogersville,,0,12,L,1.76,11.01,-1.76,-0.99,-2.75,False,False
West Plains,2026-09-15,Logan-Rogersville,,0,17,L,1.76,11.01,-1.76,-5.99,-7.75,False,False
West Plains,2026-09-21,Rolla,,5,11,L,2.7,10.26,2.3,-0.74,1.56,False,False
West Plains,2026-09-22,Bolivar,,3,8,L,3.26,12.59,-0.26,4.59,4.32,False,False
West Plains,2026-09-24,Branson,,0,10,L,3.92,10.73,-3.92,0.73,-3.19,False,False
West Plains,2026-09-29,Marshfield,,2,15,L,-0.25,12.55,2.25,-2.45,-0.21,False,False
West Plains,2026-09-30,Hartville,,10,9,W,7.29,7.9,2.71,-1.1,1.61,False,False
West Plains,2026-10-02,Rolla,,,,,2.7,10.26,,,,False,False
West Plains,2026-10-03,Francis Howell,,,,,-2.92,13.33,,,,False,False
West Plains,2026-10-05,Poplar Bluff,,,,,6.68,11.33,,,,False,False
West Plains,2026-10-07,Hillcrest,,,,,16.81,6.09,,,,False,False
West Plains,2026-10-08,Carl Junction,,,,,5.09,9.39,,,,False,False
West Plains,2026-10-12,Lebanon,,,,,8.32,9.94,,,,False,False
West Platte,2026-08-28,Kelly,,1,2,L,4.01,3.58,-3.01,1.58,-1.43,False,False
West Platte,2026-08-28,Rockwood Summit,,1,8,L,6.26,4.31,-5.26,-3.69,-8.95,False,False
West Platte,2026-08-29,Silex,,1,5,L,1.6,5.34,-0.6,0.34,-0.26,False,False
West Platte,2026-08-29,Notre Dame (Cape Girardeau),,4,7,L,4.94,5.52,-0.94,-1.48,-2.42,False,False
West Platte,2026-09-10,Mid-Buchanan,,10,0,W,4.57,6.07,5.43,6.07,11.5,False,False
West Platte,2026-09-12,Benton,,11,0,W,5.3,4.96,5.7,4.96,10.66,False,False
West Platte,2026-09-12,North Platte,,12,2,W,8.03,4.67,3.97,2.67,6.64,False,False
West Platte,2026-09-12,Richmond,,4,5,L,4.35,3.31,-0.35,-1.69,-2.04,False,False
West Platte,2026-09-15,Jefferson (Conception) with South Nodaway,,15,5,W,11.05,3.44,3.95,-1.56,2.4,False,False
West Platte,2026-09-17,Lathrop,,12,14,L,6.06,8.08,5.94,-5.92,0.01,False,False
West Platte,2026-09-18,Central (St. Joseph),,3,0,W,8.41,3.27,-5.41,3.27,-2.14,False,False
West Platte,2026-09-18,Harrisburg,,2,8,L,2.6,6.66,-0.6,-1.34,-1.93,False,False
West Platte,2026-09-18,Fort Osage,,1,5,L,1.41,3.56,-0.41,-1.44,-1.85,False,False
West Platte,2026-09-19,Park Hill South,,2,6,L,6.01,5.9,-4.01,-0.1,-4.1,False,False
West Platte,2026-09-21,Cameron,,4,2,W,5.66,4.91,-1.66,2.91,1.24,False,False
West Platte,2026-09-23,St. Pius X (Kansas City),,11,1,W,8.0,0.19,3.0,-0.81,2.19,False,False
West Platte,2026-09-24,East Buchanan,,12,1,W,14.41,-1.2,-2.41,-2.2,-4.6,False,False
West Platte,2026-09-25,Kearney,,2,9,L,3.66,5.55,-1.66,-3.45,-5.1,False,False
West Platte,2026-09-25,Troy Buchanan,,0,4,L,-1.07,7.61,1.07,3.61,4.68,False,False
West Platte,2026-09-26,Liberty,,0,12,L,3.12,7.15,-3.12,-4.85,-7.96,False,False
West Platte,2026-09-26,Rock Bridge,,1,5,L,0.25,8.12,0.75,3.12,3.87,False,False
West Platte,2026-09-28,Bishop LeBlond,,,,,18.04,1.74,,,,False,False
West Platte,2026-10-01,Penney,,,,,8.47,2.08,,,,False,False
West Platte,2026-10-05,Penney,,,,,8.47,2.08,,,,False,False
West Platte,2026-10-06,Lawson,,,,,7.91,5.29,,,,False,False
West Platte,2026-10-07,North Platte,,,,,8.03,4.67,,,,False,False
West Platte,2026-10-08,Plattsburg,,,,,21.22,-6.18,,,,False,False
West Platte,2026-10-12,North Andrew,,,,,6.0,1.81,,,,False,False
Westminster Christian Academy,2026-08-27,Parkway South,,8,10,L,10.59,3.49,-2.59,-6.51,-9.1,False,False
Westminster Christian Academy,2026-08-28,Cor Jesu Academy,,4,3,W,6.19,5.83,-2.19,2.83,0.65,False,False
Westminster Christian Academy,2026-08-28,Hillsboro,,9,0,W,7.94,2.81,1.06,2.81,3.86,False,False
Westminster Christian Academy,2026-08-31,Kirkwood,,16,0,W,9.67,-0.93,6.33,-0.93,5.4,False,False
Westminster Christian Academy,2026-08-31,Parkway South,,16,1,W,10.59,3.49,5.41,2.49,7.9,False,False
Westminster Christian Academy,2026-09-01,Cor Jesu Academy,,11,12,L,6.19,5.83,4.81,-6.17,-1.35,False,False
Westminster Christian Academy,2026-09-01,Holt,,17,2,W,13.25,2.17,3.75,0.17,3.92,False,False
Westminster Christian Academy,2026-09-02,Francis Howell North,,4,5,L,5.11,5.33,-1.11,0.33,-0.78,False,False
Westminster Christian Academy,2026-09-04,Elsberry,,7,2,W,5.91,3.79,1.09,1.79,2.88,False,False
Westminster Christian Academy,2026-09-08,Rockwood Summit,,3,1,W,9.1,2.19,-6.1,1.19,-4.91,False,False
Westminster Christian Academy,2026-09-09,Parkway West,,4,1,W,4.96,4.58,-0.96,3.58,2.62,False,False
Westminster Christian Academy,2026-09-11,Camdenton,,16,1,W,16.48,-2.34,-0.48,-3.34,-3.82,False,False
Westminster Christian Academy,2026-09-11,Marshall,,19,0,W,12.92,-2.73,6.08,-2.73,3.35,False,False
Westminster Christian Academy,2026-09-12,Elsberry,,5,1,W,5.91,3.79,-0.91,2.79,1.88,False,False
Westminster Christian Academy,2026-09-12,Mid-Buchanan,,5,1,W,7.41,3.95,-2.41,2.95,0.54,False,False
Westminster Christian Academy,2026-09-15,Cor Jesu Academy,,4,2,W,6.19,5.83,-2.19,3.83,1.65,False,False
Westminster Christian Academy,2026-09-16,St. Francis Borgia,,7,2,W,8.5,3.36,-1.5,1.36,-0.15,False,False
Westminster Christian Academy,2026-09-17,Ft. Zumwalt South,,12,3,W,12.48,2.98,-0.48,-0.02,-0.5,False,False
Westminster Christian Academy,2026-09-18,St. Joseph's Academy,,7,0,W,7.98,1.32,-0.98,1.32,0.34,False,False
Westminster Christian Academy,2026-09-19,Rockwood Summit,,8,7,W,9.1,2.19,-1.1,-4.81,-5.91,False,False
Westminster Christian Academy,2026-09-19,Seckman,,11,10,W,9.28,2.31,1.72,-7.69,-5.98,False,False
Westminster Christian Academy,2026-09-21,Windsor (Imperial),,7,6,W,6.28,3.35,0.72,-2.65,-1.93,False,False
Westminster Christian Academy,2026-09-22,Webster Groves,,11,1,W,9.98,0.58,1.02,-0.42,0.6,False,False
Westminster Christian Academy,2026-09-23,Windsor (Imperial),,7,6,W,6.28,3.35,0.72,-2.65,-1.93,False,False
Westminster Christian Academy,2026-09-25,Eureka,,4,2,W,3.71,5.83,0.29,3.83,4.12,False,False
Westminster Christian Academy,2026-09-28,Lutheran South,,17,0,W,12.94,-1.01,4.06,-1.01,3.05,False,False
Westminster Christian Academy,2026-09-29,Lutheran St. Charles with Veritas Christian Academy,,10,0,W,15.96,0.74,-5.96,0.74,-5.22,False,False
Westminster Christian Academy,2026-09-30,Lafayette (Wildwood),,4,7,L,5.29,5.12,-1.29,-1.88,-3.17,False,False
Westminster Christian Academy,2026-10-05,Orchard Farm,,,,,13.49,-1.43,,,,False,False
Westminster Christian Academy,2026-10-06,Lafayette (Wildwood),,,,,5.29,5.12,,,,False,False
Westminster Christian Academy,2026-10-08,Incarnate Word Academy,,,,,8.06,2.36,,,,False,False
Westminster Christian Academy,2026-10-09,Ursuline Academy,,,,,17.24,-3.72,,,,False,False
Westminster Christian Academy,2026-10-12,Marquette,,,,,5.17,3.96,,,,False,False
"Westmoore(Cleveland County, OK)",2026-09-18,Joplin,,1,4,L,,,,,,False,False
Westran,2026-08-28,Van-Far,,13,12,W,9.85,11.51,3.15,-0.49,2.66,False,False
Westran,2026-08-29,Monroe City,,5,15,L,5.59,14.25,-0.59,-0.75,-1.34,False,False
Westran,2026-08-29,Owensville,,9,15,L,7.18,12.85,1.82,-2.15,-0.33,False,False
Westran,2026-08-29,Mark Twain,,4,10,L,5.36,12.3,-1.36,2.3,0.94,False,False
Westran,2026-09-01,Northeast (Cairo),,2,18,L,7.82,11.68,-5.82,-6.32,-12.13,False,False
Westran,2026-09-03,Madison,,14,10,W,11.6,7.35,2.4,-2.65,-0.26,False,False
Westran,2026-09-08,Canton,,7,16,L,7.31,11.05,-0.31,-4.95,-5.26,False,False
Westran,2026-09-10,Scotland County,,11,10,W,7.66,9.3,3.34,-0.7,2.63,False,False
Westran,2026-09-12,Community,,5,3,W,5.86,10.45,-0.86,7.45,6.59,False,False
Westran,2026-09-12,Harrisburg,,0,15,L,1.24,15.85,-1.24,0.85,-0.39,False,False
Westran,2026-09-12,Jamestown,,10,7,W,9.58,11.45,0.42,4.45,4.87,False,False
Westran,2026-09-14,Sturgeon,,11,1,W,8.61,8.68,2.39,7.68,10.07,False,False
Westran,2026-09-15,"Brunswick with Keytesville, Northwestern (Mendon)",,5,7,L,7.18,8.09,-2.18,1.09,-1.09,False,False
Westran,2026-09-17,Community,,5,13,L,5.86,10.45,-0.86,-2.55,-3.41,False,False
Westran,2026-09-21,North Shelby,,0,10,L,1.51,12.38,-1.51,2.38,0.87,False,False
Westran,2026-09-24,Knox County,,10,8,W,10.36,9.58,-0.36,1.58,1.21,False,False
Westran,2026-09-28,Macon,,6,13,L,5.12,13.08,0.88,0.08,0.95,False,False
Westran,2026-09-29,Salisbury,,6,15,L,2.95,14.49,3.05,-0.51,2.54,False,False
Westran,2026-09-30,Paris,,,,,5.57,11.05,,,,False,False
Westran,2026-10-01,Paris,,2,19,L,5.57,11.05,-3.57,-7.95,-11.52,False,False
Westran,2026-10-03,Moberly,,,,,4.78,13.36,,,,False,False
Westran,2026-10-03,Marceline,,,,,0.49,16.14,,,,False,False
Westran,2026-10-05,Mark Twain,,,,,5.36,12.3,,,,False,False
Westran,2026-10-06,Schuyler County,,,,,7.03,10.82,,,,False,False
Westran,2026-10-08,New Franklin,,,,,9.8,9.59,,,,False,False
Westran,2026-10-12,Glasgow,,,,,5.81,13.04,,,,False,False
"Westview(Omaha, NE)",2026-09-04,Helias Catholic,,5,0,W,,,,,,False,False
Wheatland,2026-08-28,Glendale,,2,5,L,2.93,9.6,-0.93,4.6,3.67,False,False
Wheatland,2026-08-28,Marshfield,,1,9,L,-2.15,12.4,3.15,3.4,6.55,False,False
Wheatland,2026-08-29,Hartville,,10,5,W,5.38,7.75,4.62,2.75,7.36,False,False
Wheatland,2026-08-29,Battle,,0,12,L,3.03,10.49,-3.03,-1.51,-4.54,False,False
Wheatland,2026-08-31,Dadeville with Everton,,2,7,L,2.08,7.98,-0.08,0.98,0.9,False,False
Wheatland,2026-09-04,Norwood,,2,3,L,6.97,6.26,-4.97,3.26,-1.71,False,False
Wheatland,2026-09-08,Hartville,,10,9,W,5.38,7.75,4.62,-1.25,3.36,False,False
Wheatland,2026-09-09,Stoutland,,8,13,L,6.77,6.94,1.23,-6.06,-4.83,False,False
Wheatland,2026-09-10,Humansville,,7,5,W,12.52,3.25,-5.52,-1.75,-7.27,False,False
Wheatland,2026-09-11,Fair Play,,19,6,W,21.21,-4.78,-2.21,-10.78,-12.99,False,False
Wheatland,2026-09-14,Parkview,,14,0,W,15.79,-0.57,-1.79,-0.57,-2.36,False,False
Wheatland,2026-09-15,Macks Creek,,7,2,W,10.12,2.4,-3.12,0.4,-2.71,False,False
Wheatland,2026-09-16,Central (Springfield),,17,2,W,,,,,,False,False
Wheatland,2026-09-18,Montrose with Appleton City,,11,2,W,14.18,3.15,-3.18,1.15,-2.03,False,False
Wheatland,2026-09-19,Humansville,,14,2,W,12.52,3.25,1.48,1.25,2.73,False,False
Wheatland,2026-09-19,Weaubleau,,11,2,W,8.87,4.92,2.13,2.92,5.05,False,False
Wheatland,2026-09-21,Halfway,,2,12,L,2.39,8.38,-0.39,-3.62,-4.01,False,False
Wheatland,2026-09-22,Hermitage,,8,0,W,10.57,2.94,-2.57,2.94,0.37,False,False
Wheatland,2026-09-25,Marshfield,,3,15,L,-2.15,12.4,5.15,-2.6,2.55,False,False
Wheatland,2026-09-28,Montrose with Appleton City,,14,5,W,14.18,3.15,-0.18,-1.85,-2.03,False,False
Wheatland,2026-09-29,Walnut Grove,,21,8,W,16.89,3.39,4.11,-4.61,-0.5,False,False
Wheatland,2026-10-01,Weaubleau,,,,,8.87,4.92,,,,False,False
Wheatland,2026-10-02,Hermitage,,,,,10.57,2.94,,,,False,False
Wheatland,2026-10-05,Climax Springs,,,,,18.64,0.93,,,,False,False
Wheatland,2026-10-06,Sherwood,,,,,10.15,3.86,,,,False,False
Wheatland,2026-10-08,Tuscumbia,,,,,9.06,5.95,,,,False,False
Wheatland,2026-10-09,Dixon,,,,,6.54,10.59,,,,False,False
Wheatland,2026-10-12,Richland,,,,,13.01,3.62,,,,False,False
"Wilber-Clatonia(Wilber, NE)",2026-09-12,North Andrew,,1,6,L,,,,,,False,False
Willard,2026-08-28,Carthage,,15,4,W,11.18,2.74,3.82,-1.26,2.55,False,False
Willard,2026-08-28,West Plains,,20,2,W,15.85,-0.58,4.15,-2.58,1.57,False,False
Willard,2026-08-29,McDonald County,,14,2,W,10.34,4.34,3.66,2.34,6.0,False,False
Willard,2026-08-29,Webb City,,2,1,W,7.12,5.25,-5.12,4.25,-0.88,False,False
Willard,2026-09-01,Ozark,,12,2,W,8.33,4.12,3.67,2.12,5.79,False,False
Willard,2026-09-03,Carl Junction,,17,6,W,12.86,0.74,4.14,-5.26,-1.12,False,False
Willard,2026-09-08,Nixa,,16,5,W,11.7,5.99,4.3,0.99,5.29,False,False
Willard,2026-09-10,Glendale,,12,0,W,12.61,1.09,-0.61,1.09,0.49,False,False
Willard,2026-09-11,Kirkwood,,11,0,W,12.25,-1.15,-1.25,-1.15,-2.4,False,False
Willard,2026-09-11,Capital City,,2,4,L,8.4,2.49,-6.4,-1.51,-7.91,False,False
Willard,2026-09-12,St. Elizabeth,,15,0,W,9.17,3.18,5.83,3.18,9.01,False,False
Willard,2026-09-12,Eldon,,9,1,W,8.58,0.17,0.42,-0.83,-0.41,False,False
Willard,2026-09-15,Waynesville,,17,4,W,17.8,-1.96,-0.8,-5.96,-6.76,False,False
Willard,2026-09-17,Kickapoo,,11,1,W,10.95,4.97,0.05,3.97,4.03,False,False
Willard,2026-09-18,"Silo(Silo, OK)",,1,1,T,,,,,,False,False
Willard,2026-09-18,"Washington(Washington, OK)",,1,9,L,,,,,,False,False
Willard,2026-09-19,"Pryor(Pryor, OK)",,4,4,T,,,,,,False,False
Willard,2026-09-19,"Sapulpa(Sapulpa, OK)",,2,2,T,,,,,,False,False
Willard,2026-09-22,Lebanon,,17,1,W,16.09,1.29,0.91,0.29,1.2,False,False
Willard,2026-09-24,Republic,,5,4,W,10.79,1.81,-5.79,-2.19,-7.98,False,False
Willard,2026-09-25,Smith-Cotton,,0,3,L,11.49,-0.25,-11.49,-3.25,-14.74,False,False
Willard,2026-09-28,McDonald County,,17,3,W,10.34,4.34,6.66,1.34,8.0,False,False
Willard,2026-09-29,Joplin,,11,7,W,9.92,2.45,1.08,-4.55,-3.47,False,False
Willard,2026-10-01,Neosho,,2,8,L,10.18,4.0,-8.18,-4.0,-12.18,False,False
Willard,2026-10-02,Liberty,,,,,8.54,4.81,,,,False,False
Willard,2026-10-02,Capital City,,,,,8.4,2.49,,,,False,False
Willard,2026-10-03,Parkway Central,,,,,8.5,4.78,,,,False,False
Willard,2026-10-03,Battle,,,,,12.71,1.98,,,,False,False
Willard,2026-10-06,Webb City,,,,,7.12,5.25,,,,False,False
Willard,2026-10-08,Carthage,,,,,11.18,2.74,,,,False,False
Willard,2026-10-09,Union,,,,,15.88,2.14,,,,False,False
Willard,2026-10-09,St. Francis Borgia,,,,,11.09,3.13,,,,False,False
Willard,2026-10-12,Branson,,,,,11.69,2.07,,,,False,False
William Chrisman,2026-08-28,Central (St. Joseph),,0,16,L,5.29,13.96,-5.29,-2.04,-7.32,False,False
William Chrisman,2026-08-28,Lee's Summit,,1,17,L,-0.06,15.79,1.06,-1.21,-0.15,False,False
William Chrisman,2026-08-29,Harrisonville,,11,6,W,8.09,11.97,2.91,5.97,8.88,False,False
William Chrisman,2026-08-29,Odessa,,2,22,L,4.09,15.35,-2.09,-6.65,-8.75,False,False
William Chrisman,2026-08-31,North Kansas City,,19,16,W,14.15,9.35,4.85,-6.65,-1.8,False,False
William Chrisman,2026-09-03,Raytown,,18,8,W,7.05,9.65,10.95,1.65,12.6,False,False
William Chrisman,2026-09-03,Raytown South,,18,8,W,17.88,5.62,0.12,-2.38,-2.26,False,False
William Chrisman,2026-09-08,Platte County,,0,20,L,-0.61,20.85,0.61,0.85,1.46,False,False
William Chrisman,2026-09-10,Belton,,0,15,L,-0.02,18.43,0.02,3.43,3.44,False,False
William Chrisman,2026-09-14,Raytown,,0,8,L,7.05,9.65,-7.05,1.65,-5.4,False,False
William Chrisman,2026-09-15,Ruskin,,17,2,W,21.74,2.84,-4.74,0.84,-3.9,False,False
William Chrisman,2026-09-17,Fort Osage,,1,11,L,-1.72,14.25,2.72,3.25,5.97,False,False
William Chrisman,2026-09-18,Park Hill South,,0,15,L,2.89,16.6,-2.89,1.6,-1.29,False,False
William Chrisman,2026-09-18,Benton,,1,11,L,2.18,15.66,-1.18,4.66,3.48,False,False
William Chrisman,2026-09-19,Boonville,,2,12,L,4.12,13.15,-2.12,1.15,-0.96,False,False
William Chrisman,2026-09-19,Park Hill,,3,18,L,-1.74,16.17,4.74,-1.83,2.91,False,False
William Chrisman,2026-09-21,Truman,,2,20,L,2.07,15.41,-0.07,-4.59,-4.65,False,False
William Chrisman,2026-09-23,Grain Valley,,0,15,L,-4.32,19.42,4.32,4.42,8.74,False,False
William Chrisman,2026-09-24,Platte County,,0,17,L,-0.61,20.85,0.61,3.85,4.46,False,False
William Chrisman,2026-09-28,Belton,,0,20,L,-0.02,18.43,0.02,-1.57,-1.56,False,False
William Chrisman,2026-09-29,Raytown,,1,11,L,7.05,9.65,-6.05,-1.35,-7.4,False,False
William Chrisman,2026-09-30,Lone Jack,,0,7,L,4.32,12.72,-4.32,5.72,1.4,False,False
William Chrisman,2026-10-01,Grandview,,,,,10.48,9.76,,,,False,False
William Chrisman,2026-10-05,Fort Osage,,,,,-1.72,14.25,,,,False,False
William Chrisman,2026-10-07,Truman,,,,,2.07,15.41,,,,False,False
William Chrisman,2026-10-08,Grain Valley,,,,,-4.32,19.42,,,,False,False
Windsor (Imperial),2026-08-28,Neosho,,4,6,L,6.12,5.67,-2.12,-0.33,-2.44,False,False
Windsor (Imperial),2026-08-28,Washington,,1,7,L,3.93,7.06,-2.93,0.06,-2.87,False,False
Windsor (Imperial),2026-08-28,Capital City,,5,3,W,4.34,4.17,0.66,1.17,1.83,False,False
Windsor (Imperial),2026-08-29,Blair Oaks,,6,4,W,5.56,3.81,0.44,-0.19,0.25,False,False
Windsor (Imperial),2026-08-29,Chaffee,,7,16,L,3.68,8.3,3.32,-7.7,-4.38,False,False
Windsor (Imperial),2026-09-01,Lindbergh,,12,4,W,4.14,6.84,7.86,2.84,10.7,False,False
Windsor (Imperial),2026-09-03,Perryville,,10,2,W,11.83,0.59,-1.83,-1.41,-3.24,False,False
Windsor (Imperial),2026-09-04,Highland,,3,13,L,5.74,6.74,-2.74,-6.26,-9.0,False,False
Windsor (Imperial),2026-09-04,Lafayette (Wildwood),,3,4,L,3.81,6.57,-0.81,2.57,1.76,False,False
Windsor (Imperial),2026-09-05,Ft. Zumwalt West,,3,4,L,1.99,8.23,1.01,4.23,5.24,False,False
Windsor (Imperial),2026-09-08,Jefferson (Festus),,13,1,W,11.03,0.91,1.97,-0.09,1.87,False,False
Windsor (Imperial),2026-09-09,Seckman,,1,4,L,7.8,3.75,-6.8,-0.25,-7.04,False,False
Windsor (Imperial),2026-09-10,Lutheran South,,12,0,W,11.46,0.44,0.54,0.44,0.98,False,False
Windsor (Imperial),2026-09-17,Parkway Central,,2,3,L,4.43,6.45,-2.43,3.45,1.02,False,False
Windsor (Imperial),2026-09-21,Westminster Christian Academy,,6,7,L,3.35,6.28,2.65,-0.72,1.93,False,False
Windsor (Imperial),2026-09-22,St. Francis Borgia,,13,0,W,7.02,4.8,5.98,4.8,10.78,False,False
Windsor (Imperial),2026-09-23,Westminster Christian Academy,,6,7,L,3.35,6.28,2.65,-0.72,1.93,False,False
Windsor (Imperial),2026-09-24,DeSoto,,15,3,W,11.14,-0.07,3.86,-3.07,0.79,False,False
Windsor (Imperial),2026-09-25,Webster Groves,,6,3,W,8.5,2.03,-2.5,-0.97,-3.47,False,False
Windsor (Imperial),2026-09-25,Notre Dame (Cape Girardeau),,1,2,L,6.3,4.85,-5.3,2.85,-2.45,False,False
Windsor (Imperial),2026-09-26,Neelyville,,8,1,W,10.21,0.04,-2.21,-0.96,-3.17,False,False
Windsor (Imperial),2026-09-26,Rockwood Summit,,8,4,W,7.62,3.64,0.38,-0.36,0.02,False,False
Windsor (Imperial),2026-09-28,Farmington,,10,6,W,8.87,4.11,1.13,-1.89,-0.77,False,False
Windsor (Imperial),2026-09-29,Herculaneum with Crystal City,,11,0,W,19.72,-3.55,-8.72,-3.55,-12.27,False,False
Windsor (Imperial),2026-09-30,Oakville,,,,,4.57,2.17,,,,False,False
Windsor (Imperial),2026-10-01,Pacific,,,,,7.9,2.21,,,,False,False
Windsor (Imperial),2026-10-05,Hillsboro,,,,,6.46,4.26,,,,False,False
Windsor (Imperial),2026-10-08,Festus,,,,,3.68,4.89,,,,False,False
Windsor (Imperial),2026-10-12,Sullivan,,,,,6.83,4.94,,,,False,False
Winfield,2026-08-28,Holt,,16,0,W,11.4,2.13,4.6,2.13,6.73,False,False
Winfield,2026-08-28,St. Dominic,,7,0,W,4.87,0.59,2.13,0.59,2.72,False,False
Winfield,2026-08-29,Francis Howell Central,,2,1,W,7.92,3.64,-5.92,2.64,-3.29,False,False
Winfield,2026-08-29,Troy Buchanan,,0,10,L,-0.08,5.45,0.08,-4.55,-4.47,False,False
Winfield,2026-09-03,Ladue Horton Watkins,,15,0,W,14.41,-4.11,0.59,-4.11,-3.52,False,False
Winfield,2026-09-04,Parkway West,,4,0,W,3.11,4.53,0.89,4.53,5.43,False,False
Winfield,2026-09-08,Holt,,15,6,W,11.4,2.13,3.6,-3.87,-0.27,False,False
Winfield,2026-09-15,St. Charles West with St. Charles,,4,1,W,8.26,0.95,-4.26,-0.05,-4.32,False,False
Winfield,2026-09-17,Orchard Farm,,11,1,W,11.64,-1.48,-0.64,-2.48,-3.12,False,False
Winfield,2026-09-19,Hannibal,,10,0,W,7.89,0.17,2.11,0.17,2.27,False,False
Winfield,2026-09-19,St. Joseph's Academy,,10,0,W,6.13,1.28,3.87,1.28,5.15,False,False
Winfield,2026-09-21,Ft. Zumwalt South,,9,2,W,10.63,2.94,-1.63,0.94,-0.69,False,False
Winfield,2026-09-24,Holt,,7,0,W,11.4,2.13,-4.4,2.13,-2.27,False,False
Winfield,2026-09-29,Warrenton,,7,6,W,7.49,0.32,-0.49,-5.68,-6.17,False,False
Winfield,2026-09-30,Francis Howell North,,,,,3.26,5.29,,,,False,False
Winfield,2026-10-01,St. Charles West with St. Charles,,,,,8.26,0.95,,,,False,False
Winfield,2026-10-02,Warrenton,,,,,7.49,0.32,,,,False,False
Winfield,2026-10-05,Ft. Zumwalt East,,,,,8.65,-0.56,,,,False,False
Winfield,2026-10-06,Ft. Zumwalt North,,,,,10.52,2.71,,,,False,False
Winfield,2026-10-08,Elsberry,,,,,4.06,3.75,,,,False,False
Winfield,2026-10-12,Lutheran St. Charles with Veritas Christian Academy,,,,,14.11,0.7,,,,False,False
Winnetonka,2026-08-28,Ruskin,,15,0,W,19.39,4.03,-4.39,4.03,-0.36,False,False
Winnetonka,2026-08-29,North Kansas City,,2,11,L,11.8,10.55,-9.8,-0.45,-10.26,False,False
Winnetonka,2026-08-31,Raytown,,5,7,L,4.7,10.84,0.3,3.84,4.14,False,False
Winnetonka,2026-09-01,Grandview,,7,9,L,8.14,10.95,-1.14,1.95,0.82,False,False
Winnetonka,2026-09-08,Lincoln College Prep,,,,,19.43,5.21,,,,False,False
Winnetonka,2026-09-09,Warrensburg,,5,20,L,0.99,16.73,4.01,-3.27,0.74,False,False
Winnetonka,2026-09-10,Central (St. Joseph),,8,21,L,2.94,15.16,5.06,-5.84,-0.78,False,False
Winnetonka,2026-09-14,Smithville,,0,16,L,-0.17,18.68,0.17,2.68,2.84,False,False
Winnetonka,2026-09-15,Raytown South,,21,5,W,15.53,6.82,5.47,1.82,7.29,False,False
Winnetonka,2026-09-16,St. Pius X (Kansas City),,7,17,L,2.53,12.08,4.47,-4.92,-0.45,False,False
Winnetonka,2026-09-17,Kearney,,0,21,L,-1.81,17.44,1.81,-3.56,-1.74,False,False
Winnetonka,2026-09-18,"Omaha Central(Omaha, NE)",,8,9,L,,,,,,False,False
Winnetonka,2026-09-18,University City,,19,5,W,13.45,7.51,5.55,2.51,8.06,False,False
Winnetonka,2026-09-21,Ruskin,,22,6,W,19.39,4.03,2.61,-1.97,0.64,False,False
Winnetonka,2026-09-23,Grandview,,7,8,L,8.14,10.95,-1.14,2.95,1.82,False,False
Winnetonka,2026-09-24,St. Teresa's Academy,,0,24,L,3.0,13.01,-3.0,-10.99,-13.99,False,False
Winnetonka,2026-09-29,Smithville,,0,16,L,-0.17,18.68,0.17,2.68,2.84,False,False
Winnetonka,2026-09-30,Kearney,,0,15,L,-1.81,17.44,1.81,2.44,4.26,False,False
Winnetonka,2026-10-01,Kearney,,,,,-1.81,17.44,,,,False,False
Winnetonka,2026-10-02,Lincoln College Prep,,,,,19.43,5.21,,,,False,False
Winnetonka,2026-10-05,Oak Park,,,,,3.49,14.76,,,,False,False
Winnetonka,2026-10-06,Raytown South,,,,,15.53,6.82,,,,False,False
Winnetonka,2026-10-07,North Kansas City,,,,,11.8,10.55,,,,False,False
Winnetonka,2026-10-08,Ruskin,,,,,19.39,4.03,,,,False,False
Worth County,2026-08-27,Trenton,,2,1,W,5.44,2.17,-3.44,1.17,-2.27,False,False
Worth County,2026-08-29,King City with Union Star,,4,3,W,3.03,4.32,0.97,1.32,2.29,False,False
Worth County,2026-08-29,North Harrison,,12,2,W,11.07,4.85,0.93,2.85,3.78,False,False
Worth County,2026-08-29,Stanberry,,8,5,W,4.36,5.94,3.64,0.94,4.58,False,False
Worth County,2026-09-01,North Andrew,,2,0,W,4.47,2.68,-2.47,2.68,0.21,False,False
Worth County,2026-09-03,Princeton,,2,14,L,2.23,7.7,-0.23,-6.3,-6.53,False,False
Worth County,2026-09-08,Stanberry,,7,8,L,4.36,5.94,2.64,-2.06,0.58,False,False
Worth County,2026-09-10,North Harrison,,10,7,W,11.07,4.85,-1.07,-2.15,-3.22,False,False
Worth County,2026-09-23,Albany,,4,5,L,3.31,3.21,0.69,-1.79,-1.1,False,False
Worth County,2026-09-24,King City with Union Star,,1,2,L,3.03,4.32,-2.03,2.32,0.29,False,False
Worth County,2026-09-28,Maryville,,,,,17.01,-3.17,,,,False,False
Worth County,2026-09-30,"Pattonsburg with North Daviess, Winston",,,,,6.73,4.62,,,,False,False
Worth County,2026-10-05,Northeast Nodaway,,,,,11.77,0.98,,,,False,False
Worth County,2026-10-06,Jefferson (Conception) with South Nodaway,,,,,9.52,4.31,,,,False,False
Worth County,2026-10-06,"Pattonsburg with North Daviess, Winston",,,,,6.73,4.62,,,,False,False
Worth County,2026-10-08,Maysville,,,,,5.66,3.68,,,,False,False
Wright City,2026-08-29,Boonville,,4,2,W,6.57,5.45,-2.57,3.45,0.88,False,False
Wright City,2026-08-29,Clinton,,5,2,W,12.53,2.59,-7.53,0.59,-6.94,False,False
Wright City,2026-08-29,Eugene,,6,9,L,3.51,9.16,2.49,0.16,2.65,False,False
Wright City,2026-09-01,St. Clair,,19,0,W,13.21,0.78,5.79,0.78,6.57,False,False
Wright City,2026-09-03,Elsberry,,2,9,L,2.41,8.91,-0.41,-0.09,-0.5,False,False
Wright City,2026-09-04,Warrenton,,1,8,L,5.84,5.48,-4.84,-2.52,-7.36,False,False
Wright City,2026-09-08,North Callaway,,1,7,L,1.9,6.74,-0.9,-0.26,-1.16,False,False
Wright City,2026-09-10,Montgomery County,,1,10,L,2.21,6.91,-1.21,-3.09,-4.3,False,False
Wright City,2026-09-11,Warrenton,,13,7,W,5.84,5.48,7.16,-1.52,5.64,False,False
Wright City,2026-09-14,St. Charles West with St. Charles,,9,7,W,6.61,6.1,2.39,-0.9,1.49,False,False
Wright City,2026-09-15,Louisiana,,14,2,W,13.45,4.56,0.55,2.56,3.12,False,False
Wright City,2026-09-18,Lutheran St. Charles with Veritas Christian Academy,,16,1,W,12.46,5.86,3.54,4.86,8.4,False,False
Wright City,2026-09-19,Rockwood Summit,,7,10,L,5.6,7.3,1.4,-2.7,-1.3,False,False
Wright City,2026-09-19,Seckman,,4,8,L,5.78,7.42,-1.78,-0.58,-2.36,False,False
Wright City,2026-09-21,Silex,,0,6,L,0.94,8.34,-0.94,2.34,1.4,False,False
Wright City,2026-09-22,Mark Twain,,6,3,W,6.05,6.11,-0.05,3.11,3.05,False,False
Wright City,2026-09-25,Centralia,,0,12,L,0.22,10.13,-0.22,-1.87,-2.08,False,False
Wright City,2026-09-25,Neosho,,7,13,L,4.1,9.34,2.9,-3.66,-0.76,False,False
Wright City,2026-09-26,Holden,,2,3,L,6.93,6.39,-4.93,3.39,-1.55,False,False
Wright City,2026-09-26,Warrensburg,,7,9,L,5.8,7.84,1.2,-1.16,0.04,False,False
Wright City,2026-09-29,Bowling Green,,8,9,L,8.68,7.91,-0.68,-1.09,-1.77,False,False
Wright City,2026-10-01,Clopton,,,,,7.46,4.44,,,,False,False
Wright City,2026-10-03,Eldon,,,,,2.5,5.51,,,,False,False
Wright City,2026-10-05,Hermann with New Haven,,,,,15.35,7.0,,,,False,False
Wright City,2026-10-06,Van-Far,,,,,10.55,5.31,,,,False,False
Wright City,2026-10-08,Wellsville-Middletown,,,,,20.28,0.58,,,,False,False
Wright City,2026-10-12,Owensville,,,,,7.88,6.65,,,,False,False
"Wyandotte(Wyandotte, OK)",2026-09-28,Seneca,,0,7,L,,,,,,False,False
